accel_id,trip_id,timestamp,elapsed_seconds,acc_x_m_s2,acc_y_m_s2,acc_z_m_s2,speed_kmh,gps_lat,gps_lon
ACC0001,TRIP001,2024-02-06T06:45:00Z,0,0.4735,-0.29100000000000004,9.8915,49.95,0,0
ACC0002,TRIP001,2024-02-06T06:45:01Z,1,0.381,-0.2106666666666667,9.934,49.91,0,0
ACC0003,TRIP001,2024-02-06T06:45:02Z,2,0.18633333333333335,-0.19566666666666666,10.017000000000001,49.81,0,0
ACC0004,TRIP001,2024-02-06T06:45:03Z,3,0.08233333333333333,-0.10099999999999999,9.931666666666667,49.75,0,0
ACC0005,TRIP001,2024-02-06T06:45:04Z,4,-0.059666666666666666,-0.007999999999999998,9.903666666666666,49.78,0,0
ACC0006,TRIP001,2024-02-06T06:45:05Z,5,0.06266666666666666,-0.027999999999999997,9.841,49.8,0,0
ACC0007,TRIP001,2024-02-06T06:45:06Z,6,0.05333333333333332,0.066,9.804333333333332,49.76,0,0
ACC0008,TRIP001,2024-02-06T06:45:07Z,7,0.09466666666666668,-0.06666666666666667,9.725666666666667,49.74,0,0
ACC0009,TRIP001,2024-02-06T06:45:08Z,8,-0.10699999999999998,-0.005333333333333338,9.814666666666666,49.74,0,0
ACC0010,TRIP001,2024-02-06T06:45:09Z,9,-0.09966666666666667,-0.09999999999999999,9.812,49.77,0,0
ACC0011,TRIP001,2024-02-06T06:45:10Z,10,-0.025999999999999992,-0.08600000000000001,9.855333333333334,49.86,0,0
ACC0012,TRIP001,2024-02-06T06:45:11Z,11,0.09766666666666668,-0.06066666666666667,9.787333333333335,49.96,0,0
ACC0013,TRIP001,2024-02-06T06:45:12Z,12,0.002666666666666669,-0.02466666666666667,9.814333333333332,49.95,0,0
ACC0014,TRIP001,2024-02-06T06:45:13Z,13,0.08166666666666667,0.07966666666666666,9.819,49.98,0,0
ACC0015,TRIP001,2024-02-06T06:45:14Z,14,-0.005666666666666671,0.12233333333333334,9.829666666666668,50.02,0,0
ACC0016,TRIP001,2024-02-06T06:45:15Z,15,0.15766666666666665,0.14066666666666666,9.896666666666667,50.01,0,0
ACC0017,TRIP001,2024-02-06T06:45:16Z,16,0.29233333333333333,-0.014333333333333345,9.81,50.08,0,0
ACC0018,TRIP001,2024-02-06T06:45:17Z,17,0.38366666666666666,-0.03966666666666668,9.799999999999999,50.06,0,0
ACC0019,TRIP001,2024-02-06T06:45:18Z,18,0.304,0.020666666666666656,9.755,49.95,0,0
ACC0020,TRIP001,2024-02-06T06:45:19Z,19,0.063,0.10033333333333333,9.836666666666668,49.99,0,0
ACC0021,TRIP001,2024-02-06T06:45:20Z,20,0.06666666666666667,0.049999999999999996,9.787333333333335,50.01,0,0
ACC0022,TRIP001,2024-02-06T06:45:21Z,21,0.10966666666666668,0.07,9.835666666666667,50.03,0,0
ACC0023,TRIP001,2024-02-06T06:45:22Z,22,0.09433333333333334,0.04066666666666666,9.847666666666667,50.04,0,0
ACC0024,TRIP001,2024-02-06T06:45:23Z,23,0.04033333333333334,0.035666666666666666,9.850333333333333,50.05,0,0
ACC0025,TRIP001,2024-02-06T06:45:24Z,24,-0.016666666666666666,0.042,9.810666666666668,50.08,0,0
ACC0026,TRIP001,2024-02-06T06:45:25Z,25,-0.08833333333333333,0.09600000000000002,9.826333333333332,50.11,0,0
ACC0027,TRIP001,2024-02-06T06:45:26Z,26,-0.08066666666666668,0.09533333333333334,9.788666666666666,50.06,0,0
ACC0028,TRIP001,2024-02-06T06:45:27Z,27,0.04866666666666666,-0.04366666666666666,9.786,50.08,0,0
ACC0029,TRIP001,2024-02-06T06:45:28Z,28,0.154,-0.16266666666666665,9.805,50.01,0,0
ACC0030,TRIP001,2024-02-06T06:45:29Z,29,0.17833333333333332,-0.21666666666666667,9.937333333333333,50.03,0,0
ACC0031,TRIP001,2024-02-06T06:45:30Z,30,-0.09200000000000001,-0.077,10.001,50.13,0,0
ACC0032,TRIP001,2024-02-06T06:45:31Z,31,-0.208,0.08833333333333333,9.936,50.15,0,0
ACC0033,TRIP001,2024-02-06T06:45:32Z,32,-0.3286666666666667,0.17666666666666667,9.912,50.12,0,0
ACC0034,TRIP001,2024-02-06T06:45:33Z,33,-0.09100000000000001,0.017999999999999988,9.870666666666667,50.09,0,0
ACC0035,TRIP001,2024-02-06T06:45:34Z,34,0.010333333333333328,-0.04633333333333334,9.923,50.09,0,0
ACC0036,TRIP001,2024-02-06T06:45:35Z,35,0.18633333333333332,-0.07366666666666667,9.887333333333332,50.13,0,0
ACC0037,TRIP001,2024-02-06T06:45:36Z,36,0.15766666666666665,0.04833333333333334,9.831666666666665,50.16,0,0
ACC0038,TRIP001,2024-02-06T06:45:37Z,37,0.2803333333333333,0.20066666666666666,9.810333333333332,50.04,0,0
ACC0039,TRIP001,2024-02-06T06:45:38Z,38,0.21366666666666667,0.18333333333333335,9.807333333333334,50.03,0,0
ACC0040,TRIP001,2024-02-06T06:45:39Z,39,0.13866666666666666,0.07133333333333332,9.835333333333333,49.97,0,0
ACC0041,TRIP001,2024-02-06T06:45:40Z,40,0.08433333333333333,-0.08600000000000001,9.862666666666668,49.96,0,0
ACC0042,TRIP001,2024-02-06T06:45:41Z,41,0.317,-0.20433333333333334,9.829333333333333,49.97,0,0
ACC0043,TRIP001,2024-02-06T06:45:42Z,42,0.6213333333333333,-0.15466666666666667,9.819333333333333,50.02,0,0
ACC0044,TRIP001,2024-02-06T06:45:43Z,43,0.7046666666666667,-0.162,9.804,50.0,0,0
ACC0045,TRIP001,2024-02-06T06:45:44Z,44,0.35833333333333334,-0.01466666666666667,9.861333333333333,49.99,0,0
ACC0046,TRIP001,2024-02-06T06:45:45Z,45,0.09466666666666668,-0.039,9.887,50.05,0,0
ACC0047,TRIP001,2024-02-06T06:45:46Z,46,-0.010333333333333325,-0.024999999999999998,9.911,50.06,0,0
ACC0048,TRIP001,2024-02-06T06:45:47Z,47,0.30733333333333335,0.027999999999999997,9.918999999999999,50.08,0,0
ACC0049,TRIP001,2024-02-06T06:45:48Z,48,0.3786666666666667,0.09700000000000002,9.931666666666667,50.0,0,0
ACC0050,TRIP001,2024-02-06T06:45:49Z,49,0.3106666666666667,0.157,9.845666666666666,50.05,0,0
ACC0051,TRIP001,2024-02-06T06:45:50Z,50,-0.012999999999999992,-0.03433333333333333,9.729999999999999,50.15,0,0
ACC0052,TRIP001,2024-02-06T06:45:51Z,51,-0.18533333333333335,0.06800000000000002,9.673,50.11,0,0
ACC0053,TRIP001,2024-02-06T06:45:52Z,52,-0.03400000000000001,-0.025999999999999992,9.639,50.04,0,0
ACC0054,TRIP001,2024-02-06T06:45:53Z,53,0.16166666666666665,0.062333333333333345,9.792,50.08,0,0
ACC0055,TRIP001,2024-02-06T06:45:54Z,54,0.43533333333333335,-0.034333333333333334,9.886333333333333,50.09,0,0
ACC0056,TRIP001,2024-02-06T06:45:55Z,55,0.20199999999999996,0.168,9.921000000000001,50.1,0,0
ACC0057,TRIP001,2024-02-06T06:45:56Z,56,0.06966666666666665,0.18333333333333332,9.862666666666668,50.09,0,0
ACC0058,TRIP001,2024-02-06T06:45:57Z,57,-0.026000000000000006,0.26899999999999996,9.778666666666668,50.1,0,0
ACC0059,TRIP001,2024-02-06T06:45:58Z,58,-0.022333333333333334,0.06133333333333333,9.722333333333333,50.03,0,0
ACC0060,TRIP001,2024-02-06T06:45:59Z,59,-0.0020000000000000065,0.054333333333333324,9.710333333333333,50.08,0,0
ACC0061,TRIP001,2024-02-06T06:46:00Z,60,-0.154,-0.02,9.747333333333334,50.01,0,0
ACC0062,TRIP001,2024-02-06T06:46:01Z,61,0.14533333333333334,-0.06266666666666666,9.813666666666668,49.98,0,0
ACC0063,TRIP001,2024-02-06T06:46:02Z,62,-0.08433333333333333,0.08733333333333333,9.831999999999999,49.97,0,0
ACC0064,TRIP001,2024-02-06T06:46:03Z,63,0.20666666666666667,0.08133333333333333,9.822333333333335,49.92,0,0
ACC0065,TRIP001,2024-02-06T06:46:04Z,64,0.03633333333333333,0.06666666666666667,9.879333333333333,49.89,0,0
ACC0066,TRIP001,2024-02-06T06:46:05Z,65,0.329,0.01733333333333333,9.875333333333334,49.87,0,0
ACC0067,TRIP001,2024-02-06T06:46:06Z,66,0.15166666666666667,-0.07066666666666667,9.895666666666667,49.88,0,0
ACC0068,TRIP001,2024-02-06T06:46:07Z,67,0.217,0.09000000000000001,9.812,49.96,0,0
ACC0069,TRIP001,2024-02-06T06:46:08Z,68,0.059666666666666666,0.09200000000000001,9.785,49.92,0,0
ACC0070,TRIP001,2024-02-06T06:46:09Z,69,-0.04633333333333334,0.11166666666666665,9.748,49.99,0,0
ACC0071,TRIP001,2024-02-06T06:46:10Z,70,-0.11633333333333334,0.06666666666666667,9.792666666666667,50.03,0,0
ACC0072,TRIP001,2024-02-06T06:46:11Z,71,-0.084,-0.009999999999999997,9.796,50.04,0,0
ACC0073,TRIP001,2024-02-06T06:46:12Z,72,0.043666666666666666,-0.026000000000000006,9.786999999999999,50.04,0,0
ACC0074,TRIP001,2024-02-06T06:46:13Z,73,0.07933333333333334,0.01233333333333333,9.738666666666667,50.03,0,0
ACC0075,TRIP001,2024-02-06T06:46:14Z,74,0.39766666666666667,-0.09100000000000001,9.706333333333335,50.05,0,0
ACC0076,TRIP001,2024-02-06T06:46:15Z,75,0.3203333333333333,0.06266666666666668,9.711333333333334,50.01,0,0
ACC0077,TRIP001,2024-02-06T06:46:16Z,76,0.34099999999999997,-0.029666666666666657,9.815333333333333,49.98,0,0
ACC0078,TRIP001,2024-02-06T06:46:17Z,77,0.2733333333333334,0.024333333333333335,10.008666666666668,49.99,0,0
ACC0079,TRIP001,2024-02-06T06:46:18Z,78,0.3666666666666667,-0.08733333333333333,9.971666666666666,50.03,0,0
ACC0080,TRIP001,2024-02-06T06:46:19Z,79,0.29066666666666663,-0.10033333333333334,9.929333333333334,49.99,0,0
ACC0081,TRIP001,2024-02-06T06:46:20Z,80,0.21366666666666667,0.007333333333333331,9.742333333333335,49.95,0,0
ACC0082,TRIP001,2024-02-06T06:46:21Z,81,0.12466666666666666,0.08766666666666667,9.800666666666666,50.01,0,0
ACC0083,TRIP001,2024-02-06T06:46:22Z,82,0.03866666666666666,0.13366666666666668,9.859333333333334,50.06,0,0
ACC0084,TRIP001,2024-02-06T06:46:23Z,83,-0.227,-0.059666666666666666,9.769333333333334,50.03,0,0
ACC0085,TRIP001,2024-02-06T06:46:24Z,84,-0.24433333333333332,-0.05133333333333334,9.725333333333333,49.93,0,0
ACC0086,TRIP001,2024-02-06T06:46:25Z,85,-0.15566666666666668,-0.043666666666666666,9.644333333333334,49.94,0,0
ACC0087,TRIP001,2024-02-06T06:46:26Z,86,0.09399999999999999,0.007666666666666673,9.820333333333332,49.93,0,0
ACC0088,TRIP001,2024-02-06T06:46:27Z,87,0.11533333333333333,-0.023999999999999994,9.807333333333334,49.98,0,0
ACC0089,TRIP001,2024-02-06T06:46:28Z,88,0.142,-0.03733333333333333,9.793333333333333,49.95,0,0
ACC0090,TRIP001,2024-02-06T06:46:29Z,89,0.04033333333333333,0.10366666666666667,9.645666666666667,49.92,0,0
ACC0091,TRIP001,2024-02-06T06:46:30Z,90,0.03633333333333333,0.09866666666666667,9.706333333333333,49.94,0,0
ACC0092,TRIP001,2024-02-06T06:46:31Z,91,0.079,0.13299999999999998,9.729666666666668,49.8,0,0
ACC0093,TRIP001,2024-02-06T06:46:32Z,92,0.22,0.042666666666666665,9.918333333333333,49.77,0,0
ACC0094,TRIP001,2024-02-06T06:46:33Z,93,0.4573333333333333,-0.05833333333333333,9.805,49.8,0,0
ACC0095,TRIP001,2024-02-06T06:46:34Z,94,0.4843333333333333,-0.07766666666666666,9.727000000000002,49.84,0,0
ACC0096,TRIP001,2024-02-06T06:46:35Z,95,0.4606666666666666,-0.06233333333333333,9.629666666666667,49.82,0,0
ACC0097,TRIP001,2024-02-06T06:46:36Z,96,0.15366666666666667,-0.04566666666666667,9.646,49.81,0,0
ACC0098,TRIP001,2024-02-06T06:46:37Z,97,0.020666666666666663,-0.015999999999999997,9.671999999999999,49.9,0,0
ACC0099,TRIP001,2024-02-06T06:46:38Z,98,-0.22833333333333336,0.057666666666666665,9.676,49.94,0,0
ACC0100,TRIP001,2024-02-06T06:46:39Z,99,-0.26566666666666666,0.09833333333333334,9.765666666666666,50.04,0,0
ACC0101,TRIP001,2024-02-06T06:46:40Z,100,-0.26033333333333336,0.07200000000000001,9.709666666666665,50.1,0,0
ACC0102,TRIP001,2024-02-06T06:46:41Z,101,-0.028000000000000008,0.08433333333333333,9.697333333333333,50.06,0,0
ACC0103,TRIP001,2024-02-06T06:46:42Z,102,0.2786666666666667,0.07533333333333332,9.558333333333332,50.16,0,0
ACC0104,TRIP001,2024-02-06T06:46:43Z,103,0.24333333333333332,0.144,9.681,50.08,0,0
ACC0105,TRIP001,2024-02-06T06:46:44Z,104,0.17533333333333334,0.17800000000000002,9.676333333333334,49.97,0,0
ACC0106,TRIP001,2024-02-06T06:46:45Z,105,0.20466666666666666,0.18566666666666667,9.773000000000001,49.93,0,0
ACC0107,TRIP001,2024-02-06T06:46:46Z,106,0.284,0.08266666666666668,9.817666666666668,49.95,0,0
ACC0108,TRIP001,2024-02-06T06:46:47Z,107,0.391,-0.032,9.893666666666666,50.01,0,0
ACC0109,TRIP001,2024-02-06T06:46:48Z,108,0.2323333333333333,0.03333333333333333,9.958,50.0,0,0
ACC0110,TRIP001,2024-02-06T06:46:49Z,109,0.27566666666666667,-0.05033333333333334,9.839666666666666,50.09,0,0
ACC0111,TRIP001,2024-02-06T06:46:50Z,110,0.15866666666666665,-0.017666666666666678,9.739666666666666,50.16,0,0
ACC0112,TRIP001,2024-02-06T06:46:51Z,111,0.07366666666666666,0.010666666666666658,9.672666666666666,50.21,0,0
ACC0113,TRIP001,2024-02-06T06:46:52Z,112,0.09599999999999999,0.075,9.785666666666668,50.27,0,0
ACC0114,TRIP001,2024-02-06T06:46:53Z,113,0.04666666666666666,0.09733333333333333,9.797,50.22,0,0
ACC0115,TRIP001,2024-02-06T06:46:54Z,114,0.050666666666666665,-0.06666666666666667,9.876,50.19,0,0
ACC0116,TRIP001,2024-02-06T06:46:55Z,115,-0.023666666666666666,-0.026000000000000006,9.843666666666666,50.22,0,0
ACC0117,TRIP001,2024-02-06T06:46:56Z,116,0.14566666666666667,-0.108,9.914000000000001,50.31,0,0
ACC0118,TRIP001,2024-02-06T06:46:57Z,117,0.16,0.083,9.840666666666666,50.3,0,0
ACC0119,TRIP001,2024-02-06T06:46:58Z,118,-0.02833333333333334,-0.0030000000000000027,9.840666666666666,50.28,0,0
ACC0120,TRIP001,2024-02-06T06:46:59Z,119,-0.7253333333333334,-0.04333333333333334,9.763333333333334,50.25,0,0
ACC0121,TRIP001,2024-02-06T06:47:00Z,120,-1.0113333333333334,-0.12833333333333333,9.844333333333333,49.75,0,0
ACC0122,TRIP001,2024-02-06T06:47:01Z,121,-1.0986666666666667,-0.09633333333333334,9.816333333333333,49.25,0,0
ACC0123,TRIP001,2024-02-06T06:47:02Z,122,-0.7989999999999999,0.007999999999999998,9.775666666666668,48.75,0,0
ACC0124,TRIP001,2024-02-06T06:47:03Z,123,-0.43999999999999995,-0.18033333333333335,9.660333333333334,48.25,0,0
ACC0125,TRIP001,2024-02-06T06:47:04Z,124,-0.3293333333333333,-0.11533333333333333,9.625666666666667,48.25,0,0
ACC0126,TRIP001,2024-02-06T06:47:05Z,125,-0.04499999999999999,-0.13266666666666668,9.676333333333334,48.23,0,0
ACC0127,TRIP001,2024-02-06T06:47:06Z,126,-0.158,0.05333333333333334,9.816333333333333,48.23,0,0
ACC0128,TRIP001,2024-02-06T06:47:07Z,127,0.031,-0.028000000000000008,9.891,48.24,0,0
ACC0129,TRIP001,2024-02-06T06:47:08Z,128,-0.023999999999999997,-0.00366666666666667,9.928333333333333,48.21,0,0
ACC0130,TRIP001,2024-02-06T06:47:09Z,129,0.18033333333333335,-0.07666666666666667,9.850000000000001,48.26,0,0
ACC0131,TRIP001,2024-02-06T06:47:10Z,130,0.26,0.048666666666666664,9.880666666666668,48.35,0,0
ACC0132,TRIP001,2024-02-06T06:47:11Z,131,0.4046666666666667,0.10566666666666664,9.952666666666667,48.32,0,0
ACC0133,TRIP001,2024-02-06T06:47:12Z,132,0.23500000000000001,0.1673333333333333,9.932,48.28,0,0
ACC0134,TRIP001,2024-02-06T06:47:13Z,133,0.20666666666666667,0.09599999999999999,9.777333333333333,48.26,0,0
ACC0135,TRIP001,2024-02-06T06:47:14Z,134,0.10066666666666667,-0.04666666666666666,9.618,48.28,0,0
ACC0136,TRIP001,2024-02-06T06:47:15Z,135,-0.09666666666666666,-0.18566666666666665,9.618666666666668,48.33,0,0
ACC0137,TRIP001,2024-02-06T06:47:16Z,136,-0.033999999999999996,-0.239,9.699,48.39,0,0
ACC0138,TRIP001,2024-02-06T06:47:17Z,137,0.10933333333333335,-0.2886666666666667,9.770333333333333,48.31,0,0
ACC0139,TRIP001,2024-02-06T06:47:18Z,138,0.3096666666666667,-0.07733333333333335,9.740333333333334,48.37,0,0
ACC0140,TRIP001,2024-02-06T06:47:19Z,139,0.264,-0.009666666666666667,9.818666666666667,48.39,0,0
ACC0141,TRIP001,2024-02-06T06:47:20Z,140,-0.0006666666666666673,0.3526666666666667,9.857999999999999,48.41,0,0
ACC0142,TRIP001,2024-02-06T06:47:21Z,141,-0.11833333333333335,0.26,9.878666666666668,48.42,0,0
ACC0143,TRIP001,2024-02-06T06:47:22Z,142,-0.16633333333333336,0.393,9.816333333333333,48.45,0,0
ACC0144,TRIP001,2024-02-06T06:47:23Z,143,0.03466666666666666,0.119,9.774666666666667,48.48,0,0
ACC0145,TRIP001,2024-02-06T06:47:24Z,144,0.25266666666666665,0.07166666666666666,9.741999999999999,48.53,0,0
ACC0146,TRIP001,2024-02-06T06:47:25Z,145,0.3313333333333333,-0.054,9.822333333333333,48.53,0,0
ACC0147,TRIP001,2024-02-06T06:47:26Z,146,0.308,-0.21166666666666667,9.802,48.49,0,0
ACC0148,TRIP001,2024-02-06T06:47:27Z,147,0.28099999999999997,-0.05566666666666666,9.859333333333334,48.47,0,0
ACC0149,TRIP001,2024-02-06T06:47:28Z,148,0.2313333333333333,0.01200000000000001,9.748666666666667,48.55,0,0
ACC0150,TRIP001,2024-02-06T06:47:29Z,149,0.11000000000000003,0.21266666666666667,9.730666666666666,48.62,0,0
ACC0151,TRIP001,2024-02-06T06:47:30Z,150,-0.08700000000000001,0.06433333333333335,9.746666666666668,48.59,0,0
ACC0152,TRIP001,2024-02-06T06:47:31Z,151,-0.28800000000000003,0.09666666666666666,9.786999999999999,48.59,0,0
ACC0153,TRIP001,2024-02-06T06:47:32Z,152,-0.102,0.01933333333333333,9.737333333333334,48.64,0,0
ACC0154,TRIP001,2024-02-06T06:47:33Z,153,0.16666666666666666,-0.016666666666666673,9.760333333333334,48.59,0,0
ACC0155,TRIP001,2024-02-06T06:47:34Z,154,0.3406666666666667,-0.2363333333333333,9.801666666666668,48.56,0,0
ACC0156,TRIP001,2024-02-06T06:47:35Z,155,0.3506666666666667,-0.17933333333333332,9.939,48.56,0,0
ACC0157,TRIP001,2024-02-06T06:47:36Z,156,0.30233333333333334,-0.20966666666666667,9.844333333333333,48.55,0,0
ACC0158,TRIP001,2024-02-06T06:47:37Z,157,0.259,-0.10333333333333333,9.777,48.59,0,0
ACC0159,TRIP001,2024-02-06T06:47:38Z,158,0.111,-0.082,9.691333333333334,48.61,0,0
ACC0160,TRIP001,2024-02-06T06:47:39Z,159,0.135,0.09000000000000001,9.690333333333333,48.59,0,0
ACC0161,TRIP001,2024-02-06T06:47:40Z,160,0.035,0.15433333333333332,9.604333333333335,48.64,0,0
ACC0162,TRIP001,2024-02-06T06:47:41Z,161,0.04333333333333334,0.10933333333333332,9.721333333333332,48.58,0,0
ACC0163,TRIP001,2024-02-06T06:47:42Z,162,0.10266666666666664,0.11833333333333333,9.762333333333332,48.62,0,0
ACC0164,TRIP001,2024-02-06T06:47:43Z,163,0.3136666666666666,0.072,9.849333333333332,48.61,0,0
ACC0165,TRIP001,2024-02-06T06:47:44Z,164,0.35400000000000004,-0.10300000000000002,9.755333333333333,48.54,0,0
ACC0166,TRIP001,2024-02-06T06:47:45Z,165,0.26566666666666666,-0.21533333333333335,9.753,48.5,0,0
ACC0167,TRIP001,2024-02-06T06:47:46Z,166,0.05366666666666667,-0.19699999999999998,9.666333333333332,48.56,0,0
ACC0168,TRIP001,2024-02-06T06:47:47Z,167,0.10533333333333333,0.04633333333333333,9.644,48.57,0,0
ACC0169,TRIP001,2024-02-06T06:47:48Z,168,0.06766666666666667,0.077,9.668,48.58,0,0
ACC0170,TRIP001,2024-02-06T06:47:49Z,169,0.21233333333333335,-0.010333333333333342,9.703000000000001,48.61,0,0
ACC0171,TRIP001,2024-02-06T06:47:50Z,170,0.36333333333333334,-0.16033333333333336,9.770666666666669,48.73,0,0
ACC0172,TRIP001,2024-02-06T06:47:51Z,171,0.4066666666666667,-0.14966666666666667,9.716666666666667,48.76,0,0
ACC0173,TRIP001,2024-02-06T06:47:52Z,172,0.318,-0.07433333333333333,9.763,48.75,0,0
ACC0174,TRIP001,2024-02-06T06:47:53Z,173,0.228,0.10033333333333333,9.681333333333333,48.75,0,0
ACC0175,TRIP001,2024-02-06T06:47:54Z,174,0.07400000000000001,0.17266666666666666,9.724666666666666,48.72,0,0
ACC0176,TRIP001,2024-02-06T06:47:55Z,175,0.07533333333333335,0.16533333333333333,9.670666666666667,48.8,0,0
ACC0177,TRIP001,2024-02-06T06:47:56Z,176,-0.063,-0.015666666666666662,9.700000000000001,48.86,0,0
ACC0178,TRIP001,2024-02-06T06:47:57Z,177,0.012666666666666666,-0.08999999999999998,9.717333333333334,48.75,0,0
ACC0179,TRIP001,2024-02-06T06:47:58Z,178,0.030333333333333334,-0.037999999999999985,9.800333333333334,48.82,0,0
ACC0180,TRIP001,2024-02-06T06:47:59Z,179,-0.14100000000000001,0.12433333333333334,9.804666666666666,48.81,0,0
ACC0181,TRIP001,2024-02-06T06:48:00Z,180,-0.26466666666666666,0.13599999999999998,9.795666666666667,48.81,0,0
ACC0182,TRIP001,2024-02-06T06:48:01Z,181,-0.248,0.15233333333333332,9.828333333333333,48.81,0,0
ACC0183,TRIP001,2024-02-06T06:48:02Z,182,0.2916666666666667,0.04900000000000001,9.834666666666669,48.85,0,0
ACC0184,TRIP001,2024-02-06T06:48:03Z,183,0.46233333333333343,-0.015666666666666672,9.694333333333335,48.8,0,0
ACC0185,TRIP001,2024-02-06T06:48:04Z,184,0.4830000000000001,-0.01833333333333333,9.568,48.74,0,0
ACC0186,TRIP001,2024-02-06T06:48:05Z,185,0.13699999999999998,-0.026999999999999996,9.613666666666667,48.71,0,0
ACC0187,TRIP001,2024-02-06T06:48:06Z,186,0.12533333333333332,-0.029666666666666657,9.825333333333333,48.71,0,0
ACC0188,TRIP001,2024-02-06T06:48:07Z,187,0.24733333333333332,-0.12633333333333333,9.933,48.71,0,0
ACC0189,TRIP001,2024-02-06T06:48:08Z,188,0.1663333333333333,-0.12466666666666666,9.903999999999998,48.68,0,0
ACC0190,TRIP001,2024-02-06T06:48:09Z,189,0.28833333333333333,-0.153,9.772666666666666,48.66,0,0
ACC0191,TRIP001,2024-02-06T06:48:10Z,190,0.22,-0.249,9.767999999999999,48.75,0,0
ACC0192,TRIP001,2024-02-06T06:48:11Z,191,0.10066666666666664,-0.22666666666666666,9.769333333333334,48.76,0,0
ACC0193,TRIP001,2024-02-06T06:48:12Z,192,0.04199999999999998,-0.14366666666666666,9.875666666666667,48.8,0,0
ACC0194,TRIP001,2024-02-06T06:48:13Z,193,-0.10466666666666669,-0.08066666666666666,9.877666666666668,48.79,0,0
ACC0195,TRIP001,2024-02-06T06:48:14Z,194,0.17733333333333334,-0.12966666666666668,9.860666666666667,48.69,0,0
ACC0196,TRIP001,2024-02-06T06:48:15Z,195,0.20366666666666666,-0.26533333333333337,9.768666666666668,48.72,0,0
ACC0197,TRIP001,2024-02-06T06:48:16Z,196,0.22966666666666669,-0.14566666666666667,9.637333333333332,48.72,0,0
ACC0198,TRIP001,2024-02-06T06:48:17Z,197,0.20466666666666666,-0.06866666666666667,9.710333333333333,48.74,0,0
ACC0199,TRIP001,2024-02-06T06:48:18Z,198,0.19400000000000003,0.013666666666666669,9.786999999999999,48.68,0,0
ACC0200,TRIP001,2024-02-06T06:48:19Z,199,0.33499999999999996,0.00833333333333334,9.818,48.66,0,0
ACC0201,TRIP001,2024-02-06T06:48:20Z,200,0.283,-0.010999999999999996,9.725333333333333,48.65,0,0
ACC0202,TRIP001,2024-02-06T06:48:21Z,201,0.19299999999999998,0.13966666666666666,9.660666666666666,48.75,0,0
ACC0203,TRIP001,2024-02-06T06:48:22Z,202,0.125,0.05000000000000001,9.853666666666667,48.69,0,0
ACC0204,TRIP001,2024-02-06T06:48:23Z,203,0.2496666666666667,0.05100000000000001,9.875,48.7,0,0
ACC0205,TRIP001,2024-02-06T06:48:24Z,204,0.26433333333333336,0.0040000000000000036,9.897333333333334,48.7,0,0
ACC0206,TRIP001,2024-02-06T06:48:25Z,205,0.14433333333333334,0.03666666666666667,9.806333333333333,48.67,0,0
ACC0207,TRIP001,2024-02-06T06:48:26Z,206,0.02733333333333333,0.011666666666666678,9.83,48.69,0,0
ACC0208,TRIP001,2024-02-06T06:48:27Z,207,-0.012000000000000002,-0.037666666666666675,9.828333333333333,48.72,0,0
ACC0209,TRIP001,2024-02-06T06:48:28Z,208,0.051,-0.020333333333333335,9.819333333333333,48.77,0,0
ACC0210,TRIP001,2024-02-06T06:48:29Z,209,0.20233333333333334,0.06466666666666666,9.842,48.8,0,0
ACC0211,TRIP001,2024-02-06T06:48:30Z,210,0.26666666666666666,0.21033333333333334,9.808000000000002,48.73,0,0
ACC0212,TRIP001,2024-02-06T06:48:31Z,211,0.289,0.266,9.814666666666668,48.68,0,0
ACC0213,TRIP001,2024-02-06T06:48:32Z,212,0.13566666666666663,0.29,9.818333333333333,48.65,0,0
ACC0214,TRIP001,2024-02-06T06:48:33Z,213,0.17566666666666667,0.16066666666666665,9.890666666666666,48.78,0,0
ACC0215,TRIP001,2024-02-06T06:48:34Z,214,0.09933333333333333,0.10399999999999998,9.889000000000001,48.76,0,0
ACC0216,TRIP001,2024-02-06T06:48:35Z,215,0.05066666666666667,0.010333333333333333,9.868666666666666,48.69,0,0
ACC0217,TRIP001,2024-02-06T06:48:36Z,216,-0.005333333333333329,-0.0066666666666666645,9.891,48.68,0,0
ACC0218,TRIP001,2024-02-06T06:48:37Z,217,0.258,0.07666666666666666,9.869,48.59,0,0
ACC0219,TRIP001,2024-02-06T06:48:38Z,218,0.371,0.052333333333333336,9.863999999999999,48.62,0,0
ACC0220,TRIP001,2024-02-06T06:48:39Z,219,0.35733333333333334,0.11566666666666665,9.815666666666667,48.66,0,0
ACC0221,TRIP001,2024-02-06T06:48:40Z,220,0.11499999999999999,-0.003333333333333332,9.79,48.67,0,0
ACC0222,TRIP001,2024-02-06T06:48:41Z,221,0.07833333333333332,-0.021,9.801666666666668,48.75,0,0
ACC0223,TRIP001,2024-02-06T06:48:42Z,222,-0.258,-0.059000000000000004,9.719333333333333,48.74,0,0
ACC0224,TRIP001,2024-02-06T06:48:43Z,223,-0.27733333333333327,-0.132,9.767000000000001,48.77,0,0
ACC0225,TRIP001,2024-02-06T06:48:44Z,224,-0.34600000000000003,-0.05166666666666666,9.777666666666667,48.7,0,0
ACC0226,TRIP001,2024-02-06T06:48:45Z,225,-0.044333333333333336,-0.139,9.951666666666666,48.73,0,0
ACC0227,TRIP001,2024-02-06T06:48:46Z,226,0.23199999999999998,-0.072,9.985000000000001,48.7,0,0
ACC0228,TRIP001,2024-02-06T06:48:47Z,227,0.17200000000000001,-0.062,9.992,48.76,0,0
ACC0229,TRIP001,2024-02-06T06:48:48Z,228,0.15566666666666668,0.01333333333333333,9.876,48.79,0,0
ACC0230,TRIP001,2024-02-06T06:48:49Z,229,0.07366666666666667,0.006333333333333334,9.887,48.73,0,0
ACC0231,TRIP001,2024-02-06T06:48:50Z,230,0.08900000000000001,-0.028,9.834999999999999,48.76,0,0
ACC0232,TRIP001,2024-02-06T06:48:51Z,231,0.159,-0.08,9.936333333333332,48.72,0,0
ACC0233,TRIP001,2024-02-06T06:48:52Z,232,-0.027333333333333338,-0.044000000000000004,9.856,48.76,0,0
ACC0234,TRIP001,2024-02-06T06:48:53Z,233,0.155,0.03,9.916666666666666,48.68,0,0
ACC0235,TRIP001,2024-02-06T06:48:54Z,234,0.212,0.047999999999999994,9.881666666666666,48.66,0,0
ACC0236,TRIP001,2024-02-06T06:48:55Z,235,0.314,-0.04533333333333333,9.877,48.75,0,0
ACC0237,TRIP001,2024-02-06T06:48:56Z,236,0.34299999999999997,-0.18433333333333332,9.821,48.78,0,0
ACC0238,TRIP001,2024-02-06T06:48:57Z,237,0.2793333333333333,-0.10966666666666668,9.727000000000002,48.8,0,0
ACC0239,TRIP001,2024-02-06T06:48:58Z,238,0.36600000000000005,0.010999999999999996,9.765333333333334,48.77,0,0
ACC0240,TRIP001,2024-02-06T06:48:59Z,239,0.25433333333333336,0.122,9.759333333333332,48.83,0,0
ACC0241,TRIP001,2024-02-06T06:49:00Z,240,0.08133333333333335,0.06633333333333334,9.796666666666667,48.76,0,0
ACC0242,TRIP001,2024-02-06T06:49:01Z,241,0.012333333333333344,-0.019,9.78,48.73,0,0
ACC0243,TRIP001,2024-02-06T06:49:02Z,242,-0.08199999999999999,-0.20766666666666667,9.868333333333334,48.73,0,0
ACC0244,TRIP001,2024-02-06T06:49:03Z,243,-0.21866666666666665,-0.241,9.898000000000001,48.75,0,0
ACC0245,TRIP001,2024-02-06T06:49:04Z,244,-0.19233333333333333,-0.24666666666666667,9.901000000000002,48.73,0,0
ACC0246,TRIP001,2024-02-06T06:49:05Z,245,-0.12666666666666665,-0.108,9.838333333333333,48.73,0,0
ACC0247,TRIP001,2024-02-06T06:49:06Z,246,0.08666666666666667,-0.10666666666666667,9.826666666666666,48.78,0,0
ACC0248,TRIP001,2024-02-06T06:49:07Z,247,0.06733333333333334,0.00633333333333333,9.882666666666667,48.77,0,0
ACC0249,TRIP001,2024-02-06T06:49:08Z,248,-0.142,0.016333333333333328,9.890333333333333,48.77,0,0
ACC0250,TRIP001,2024-02-06T06:49:09Z,249,-0.10433333333333333,-0.119,9.907666666666666,48.76,0,0
ACC0251,TRIP001,2024-02-06T06:49:10Z,250,-0.294,-0.225,9.799666666666667,48.74,0,0
ACC0252,TRIP001,2024-02-06T06:49:11Z,251,-0.010333333333333325,-0.11933333333333335,9.814333333333332,48.77,0,0
ACC0253,TRIP001,2024-02-06T06:49:12Z,252,-0.13599999999999998,0.11833333333333333,9.867333333333333,48.7,0,0
ACC0254,TRIP001,2024-02-06T06:49:13Z,253,0.07100000000000001,0.07600000000000001,9.813333333333334,48.69,0,0
ACC0255,TRIP001,2024-02-06T06:49:14Z,254,-0.020666666666666663,-0.059666666666666666,9.769333333333334,48.63,0,0
ACC0256,TRIP001,2024-02-06T06:49:15Z,255,0.18833333333333332,-0.03966666666666666,9.692666666666666,48.61,0,0
ACC0257,TRIP001,2024-02-06T06:49:16Z,256,0.06899999999999999,0.025666666666666667,9.809333333333333,48.71,0,0
ACC0258,TRIP001,2024-02-06T06:49:17Z,257,0.22233333333333336,0.017666666666666664,9.887,48.69,0,0
ACC0259,TRIP001,2024-02-06T06:49:18Z,258,0.41100000000000003,-0.10866666666666665,9.875333333333334,48.7,0,0
ACC0260,TRIP001,2024-02-06T06:49:19Z,259,0.2563333333333333,-0.03366666666666667,9.88,48.71,0,0
ACC0261,TRIP001,2024-02-06T06:49:20Z,260,-0.01566666666666668,-0.09400000000000001,9.843333333333334,48.71,0,0
ACC0262,TRIP001,2024-02-06T06:49:21Z,261,-0.11300000000000003,-0.12266666666666666,9.801666666666666,48.77,0,0
ACC0263,TRIP001,2024-02-06T06:49:22Z,262,-0.09266666666666667,-0.20199999999999999,9.820333333333334,48.76,0,0
ACC0264,TRIP001,2024-02-06T06:49:23Z,263,0.08966666666666666,0.010333333333333342,9.811666666666667,48.84,0,0
ACC0265,TRIP001,2024-02-06T06:49:24Z,264,-0.08666666666666667,0.08233333333333334,9.850666666666667,48.85,0,0
ACC0266,TRIP001,2024-02-06T06:49:25Z,265,0.04466666666666666,0.13899999999999998,9.808666666666667,48.84,0,0
ACC0267,TRIP001,2024-02-06T06:49:26Z,266,-0.007333333333333334,-0.027333333333333338,9.685666666666668,48.77,0,0
ACC0268,TRIP001,2024-02-06T06:49:27Z,267,0.16566666666666666,0.11833333333333333,9.776333333333334,48.79,0,0
ACC0269,TRIP001,2024-02-06T06:49:28Z,268,0.3496666666666666,0.17566666666666664,9.676333333333334,48.75,0,0
ACC0270,TRIP001,2024-02-06T06:49:29Z,269,0.4363333333333333,0.24366666666666667,9.793000000000001,48.79,0,0
ACC0271,TRIP001,2024-02-06T06:49:30Z,270,0.44366666666666665,0.059,9.705,48.8,0,0
ACC0272,TRIP001,2024-02-06T06:49:31Z,271,0.35366666666666663,-0.13333333333333333,9.873666666666667,48.8,0,0
ACC0273,TRIP001,2024-02-06T06:49:32Z,272,0.34800000000000003,-0.13133333333333333,9.85,48.81,0,0
ACC0274,TRIP001,2024-02-06T06:49:33Z,273,0.19433333333333333,-0.09466666666666668,9.917666666666667,48.79,0,0
ACC0275,TRIP001,2024-02-06T06:49:34Z,274,0.15333333333333335,0.15533333333333335,9.784333333333334,48.81,0,0
ACC0276,TRIP001,2024-02-06T06:49:35Z,275,0.13166666666666668,0.12833333333333335,9.705,48.74,0,0
ACC0277,TRIP001,2024-02-06T06:49:36Z,276,0.05100000000000001,0.19366666666666668,9.616333333333335,48.72,0,0
ACC0278,TRIP001,2024-02-06T06:49:37Z,277,0.11033333333333332,0.04766666666666666,9.681333333333333,48.78,0,0
ACC0279,TRIP001,2024-02-06T06:49:38Z,278,-0.15566666666666665,0.08333333333333333,9.751,48.8,0,0
ACC0280,TRIP001,2024-02-06T06:49:39Z,279,-0.15366666666666665,0.08433333333333333,9.656333333333334,48.89,0,0
ACC0281,TRIP001,2024-02-06T06:49:40Z,280,-0.17200000000000001,0.08166666666666668,9.649333333333333,48.93,0,0
ACC0282,TRIP001,2024-02-06T06:49:41Z,281,0.10099999999999999,0.051,9.578999999999999,48.92,0,0
ACC0283,TRIP001,2024-02-06T06:49:42Z,282,0.39333333333333337,-0.022333333333333334,9.719333333333333,48.91,0,0
ACC0284,TRIP001,2024-02-06T06:49:43Z,283,0.383,0.005999999999999998,9.712333333333332,48.89,0,0
ACC0285,TRIP001,2024-02-06T06:49:44Z,284,0.24833333333333338,0.006333333333333333,9.826999999999998,48.93,0,0
ACC0286,TRIP001,2024-02-06T06:49:45Z,285,-0.09733333333333334,0.04066666666666666,9.763333333333334,48.92,0,0
ACC0287,TRIP001,2024-02-06T06:49:46Z,286,-0.19733333333333333,0.021333333333333333,9.755,48.89,0,0
ACC0288,TRIP001,2024-02-06T06:49:47Z,287,-0.03700000000000001,0.14766666666666664,9.711666666666668,48.87,0,0
ACC0289,TRIP001,2024-02-06T06:49:48Z,288,0.049666666666666665,0.11699999999999999,9.817,48.9,0,0
ACC0290,TRIP001,2024-02-06T06:49:49Z,289,0.050666666666666665,0.07566666666666667,9.807333333333334,48.9,0,0
ACC0291,TRIP001,2024-02-06T06:49:50Z,290,0.06833333333333333,-0.13266666666666668,9.773333333333333,48.9,0,0
ACC0292,TRIP001,2024-02-06T06:49:51Z,291,-0.071,-0.05100000000000001,9.715333333333334,48.85,0,0
ACC0293,TRIP001,2024-02-06T06:49:52Z,292,-0.13166666666666668,0.084,9.711333333333334,48.95,0,0
ACC0294,TRIP001,2024-02-06T06:49:53Z,293,-0.31633333333333336,0.11133333333333334,9.697000000000001,48.93,0,0
ACC0295,TRIP001,2024-02-06T06:49:54Z,294,-0.27266666666666667,0.007000000000000002,9.698333333333332,48.94,0,0
ACC0296,TRIP001,2024-02-06T06:49:55Z,295,-0.12033333333333333,-0.057999999999999996,9.759,48.97,0,0
ACC0297,TRIP001,2024-02-06T06:49:56Z,296,0.015000000000000005,-0.06,9.786666666666667,48.97,0,0
ACC0298,TRIP001,2024-02-06T06:49:57Z,297,0.145,-0.09133333333333334,9.856,49.06,0,0
ACC0299,TRIP001,2024-02-06T06:49:58Z,298,0.07033333333333333,-0.2093333333333333,9.869333333333332,49.06,0,0
ACC0300,TRIP001,2024-02-06T06:49:59Z,299,-0.016666666666666666,-0.10099999999999998,9.917333333333334,49.0,0,0
ACC0301,TRIP001,2024-02-06T06:50:00Z,300,-0.8250000000000001,0.02266666666666668,9.959999999999999,48.0,0,0
ACC0302,TRIP001,2024-02-06T06:50:01Z,301,-2.2643333333333335,0.248,9.975,47.0,0,0
ACC0303,TRIP001,2024-02-06T06:50:02Z,302,-4.371666666666666,0.165,9.92,45.24,0,0
ACC0304,TRIP001,2024-02-06T06:50:03Z,303,-4.904,0.04966666666666667,9.851999999999999,42.69,0,0
ACC0305,TRIP001,2024-02-06T06:50:04Z,304,-4.047,-0.02,9.814,41.12,0,0
ACC0306,TRIP001,2024-02-06T06:50:05Z,305,-1.7850000000000001,0.05833333333333333,9.854333333333335,40.12,0,0
ACC0307,TRIP001,2024-02-06T06:50:06Z,306,-0.412,0.2916666666666667,9.865666666666668,40.16,0,0
ACC0308,TRIP001,2024-02-06T06:50:07Z,307,0.36400000000000005,0.238,9.915333333333335,40.22,0,0
ACC0309,TRIP001,2024-02-06T06:50:08Z,308,0.17699999999999996,0.162,9.947000000000001,40.22,0,0
ACC0310,TRIP001,2024-02-06T06:50:09Z,309,0.167,-0.081,9.927999999999999,40.14,0,0
ACC0311,TRIP001,2024-02-06T06:50:10Z,310,0.22533333333333336,-0.035,9.799,40.11,0,0
ACC0312,TRIP001,2024-02-06T06:50:11Z,311,0.2856666666666667,-0.04566666666666666,9.721333333333334,40.19,0,0
ACC0313,TRIP001,2024-02-06T06:50:12Z,312,0.41500000000000004,-0.035666666666666666,9.635333333333334,40.22,0,0
ACC0314,TRIP001,2024-02-06T06:50:13Z,313,0.37733333333333335,0.024333333333333335,9.681333333333333,40.17,0,0
ACC0315,TRIP001,2024-02-06T06:50:14Z,314,0.39966666666666667,0.06866666666666667,9.781,40.19,0,0
ACC0316,TRIP001,2024-02-06T06:50:15Z,315,0.2823333333333333,0.08766666666666667,9.871666666666666,40.21,0,0
ACC0317,TRIP001,2024-02-06T06:50:16Z,316,0.1376666666666667,-0.009,9.829,40.2,0,0
ACC0318,TRIP001,2024-02-06T06:50:17Z,317,0.10666666666666667,0.001666666666666667,9.725,40.19,0,0
ACC0319,TRIP001,2024-02-06T06:50:18Z,318,0.236,0.09833333333333334,9.728666666666667,40.13,0,0
ACC0320,TRIP001,2024-02-06T06:50:19Z,319,0.27299999999999996,0.07766666666666668,9.812666666666667,40.22,0,0
ACC0321,TRIP001,2024-02-06T06:50:20Z,320,0.19466666666666665,0.12166666666666666,9.87,40.12,0,0
ACC0322,TRIP001,2024-02-06T06:50:21Z,321,0.09833333333333333,0.11133333333333334,9.859,40.06,0,0
ACC0323,TRIP001,2024-02-06T06:50:22Z,322,-0.027333333333333338,0.12466666666666666,9.856333333333334,40.06,0,0
ACC0324,TRIP001,2024-02-06T06:50:23Z,323,0.1426666666666667,0.09500000000000001,9.871333333333334,40.04,0,0
ACC0325,TRIP001,2024-02-06T06:50:24Z,324,0.18466666666666667,0.1433333333333333,9.818,39.94,0,0
ACC0326,TRIP001,2024-02-06T06:50:25Z,325,0.33233333333333337,0.10499999999999998,9.748333333333333,39.87,0,0
ACC0327,TRIP001,2024-02-06T06:50:26Z,326,0.13366666666666666,0.13166666666666668,9.669333333333332,39.93,0,0
ACC0328,TRIP001,2024-02-06T06:50:27Z,327,0.07733333333333332,-0.0003333333333333359,9.696666666666667,40.0,0,0
ACC0329,TRIP001,2024-02-06T06:50:28Z,328,0.09633333333333333,0.08600000000000001,9.772333333333334,40.03,0,0
ACC0330,TRIP001,2024-02-06T06:50:29Z,329,0.301,-0.048999999999999995,9.885,40.0,0,0
ACC0331,TRIP001,2024-02-06T06:50:30Z,330,0.38866666666666666,-0.07133333333333333,9.886999999999999,40.05,0,0
ACC0332,TRIP001,2024-02-06T06:50:31Z,331,0.3373333333333333,-0.155,9.875,40.09,0,0
ACC0333,TRIP001,2024-02-06T06:50:32Z,332,0.3706666666666667,-0.10966666666666668,9.841666666666667,40.09,0,0
ACC0334,TRIP001,2024-02-06T06:50:33Z,333,0.307,-0.07533333333333335,9.838666666666668,40.11,0,0
ACC0335,TRIP001,2024-02-06T06:50:34Z,334,0.2786666666666667,-0.04633333333333334,9.807,40.11,0,0
ACC0336,TRIP001,2024-02-06T06:50:35Z,335,0.09466666666666668,-0.08266666666666667,9.750333333333332,40.25,0,0
ACC0337,TRIP001,2024-02-06T06:50:36Z,336,0.02,0.017666666666666664,9.828333333333333,40.21,0,0
ACC0338,TRIP001,2024-02-06T06:50:37Z,337,-0.233,0.042666666666666665,9.779000000000002,40.22,0,0
ACC0339,TRIP001,2024-02-06T06:50:38Z,338,-0.26366666666666666,0.14933333333333335,9.787333333333333,40.2,0,0
ACC0340,TRIP001,2024-02-06T06:50:39Z,339,-0.217,0.038,9.706999999999999,40.24,0,0
ACC0341,TRIP001,2024-02-06T06:50:40Z,340,-0.004666666666666667,0.07333333333333333,9.771666666666667,40.28,0,0
ACC0342,TRIP001,2024-02-06T06:50:41Z,341,0.19033333333333333,0.13366666666666668,9.829,40.3,0,0
ACC0343,TRIP001,2024-02-06T06:50:42Z,342,0.21466666666666667,0.04666666666666667,9.907,40.3,0,0
ACC0344,TRIP001,2024-02-06T06:50:43Z,343,0.3423333333333334,-0.05199999999999999,9.933333333333332,40.23,0,0
ACC0345,TRIP001,2024-02-06T06:50:44Z,344,0.2926666666666667,-0.19399999999999998,9.799333333333331,40.23,0,0
ACC0346,TRIP001,2024-02-06T06:50:45Z,345,0.16066666666666668,-0.13433333333333333,9.681,40.25,0,0
ACC0347,TRIP001,2024-02-06T06:50:46Z,346,0.012000000000000002,-0.07500000000000001,9.597666666666667,40.35,0,0
ACC0348,TRIP001,2024-02-06T06:50:47Z,347,-0.074,-0.19499999999999998,9.841333333333333,40.42,0,0
ACC0349,TRIP001,2024-02-06T06:50:48Z,348,0.11699999999999999,-0.10266666666666668,9.910333333333332,40.37,0,0
ACC0350,TRIP001,2024-02-06T06:50:49Z,349,0.19433333333333333,-0.042666666666666665,9.953333333333333,40.36,0,0
ACC0351,TRIP001,2024-02-06T06:50:50Z,350,0.3426666666666667,0.13633333333333333,9.796333333333333,40.37,0,0
ACC0352,TRIP001,2024-02-06T06:50:51Z,351,0.246,0.079,9.725,40.44,0,0
ACC0353,TRIP001,2024-02-06T06:50:52Z,352,0.3163333333333333,0.06066666666666667,9.631333333333334,40.39,0,0
ACC0354,TRIP001,2024-02-06T06:50:53Z,353,0.32,0.21666666666666667,9.760333333333334,40.36,0,0
ACC0355,TRIP001,2024-02-06T06:50:54Z,354,0.42300000000000004,0.19000000000000003,9.837666666666667,40.41,0,0
ACC0356,TRIP001,2024-02-06T06:50:55Z,355,0.2773333333333334,0.148,10.054666666666668,40.35,0,0
ACC0357,TRIP001,2024-02-06T06:50:56Z,356,0.20833333333333334,-0.024999999999999998,9.881,40.38,0,0
ACC0358,TRIP001,2024-02-06T06:50:57Z,357,0.036,0.026,9.798,40.41,0,0
ACC0359,TRIP001,2024-02-06T06:50:58Z,358,-0.06133333333333333,0.03833333333333334,9.755666666666665,40.42,0,0
ACC0360,TRIP001,2024-02-06T06:50:59Z,359,0.12266666666666666,0.07133333333333335,9.847,40.46,0,0
ACC0361,TRIP001,2024-02-06T06:51:00Z,360,0.06966666666666667,0.19899999999999998,9.940666666666667,40.49,0,0
ACC0362,TRIP001,2024-02-06T06:51:01Z,361,0.13299999999999998,0.204,9.917666666666667,40.48,0,0
ACC0363,TRIP001,2024-02-06T06:51:02Z,362,-0.05966666666666667,0.16966666666666666,9.892333333333335,40.49,0,0
ACC0364,TRIP001,2024-02-06T06:51:03Z,363,0.16833333333333333,-0.074,9.85,40.55,0,0
ACC0365,TRIP001,2024-02-06T06:51:04Z,364,0.12500000000000003,-0.07366666666666666,9.765,40.49,0,0
ACC0366,TRIP001,2024-02-06T06:51:05Z,365,0.171,0.024333333333333335,9.866999999999999,40.33,0,0
ACC0367,TRIP001,2024-02-06T06:51:06Z,366,0.17566666666666667,-0.05033333333333334,9.807666666666668,40.31,0,0
ACC0368,TRIP001,2024-02-06T06:51:07Z,367,0.35633333333333334,-0.0013333333333333346,9.897666666666668,40.34,0,0
ACC0369,TRIP001,2024-02-06T06:51:08Z,368,0.4446666666666667,-0.041,9.881666666666668,40.34,0,0
ACC0370,TRIP001,2024-02-06T06:51:09Z,369,0.33,0.10500000000000002,9.974333333333334,40.3,0,0
ACC0371,TRIP001,2024-02-06T06:51:10Z,370,0.2576666666666667,-0.07133333333333333,9.941666666666666,40.28,0,0
ACC0372,TRIP001,2024-02-06T06:51:11Z,371,0.20533333333333334,-0.318,9.774666666666667,40.34,0,0
ACC0373,TRIP001,2024-02-06T06:51:12Z,372,0.15666666666666668,-0.29933333333333334,9.792666666666667,40.44,0,0
ACC0374,TRIP001,2024-02-06T06:51:13Z,373,0.11866666666666666,-0.225,9.872333333333334,40.45,0,0
ACC0375,TRIP001,2024-02-06T06:51:14Z,374,0.148,-0.04466666666666667,9.939666666666668,40.38,0,0
ACC0376,TRIP001,2024-02-06T06:51:15Z,375,0.10233333333333335,0.021,9.863333333333335,40.47,0,0
ACC0377,TRIP001,2024-02-06T06:51:16Z,376,0.149,0.113,9.759,40.4,0,0
ACC0378,TRIP001,2024-02-06T06:51:17Z,377,0.038,0.1366666666666667,9.751666666666667,40.43,0,0
ACC0379,TRIP001,2024-02-06T06:51:18Z,378,-0.10099999999999999,0.05100000000000001,9.679333333333334,40.44,0,0
ACC0380,TRIP001,2024-02-06T06:51:19Z,379,-0.048999999999999995,-0.08,9.728666666666667,40.45,0,0
ACC0381,TRIP001,2024-02-06T06:51:20Z,380,-0.03866666666666668,-0.107,9.773333333333333,40.47,0,0
ACC0382,TRIP001,2024-02-06T06:51:21Z,381,0.09866666666666668,-0.13133333333333333,9.923,40.52,0,0
ACC0383,TRIP001,2024-02-06T06:51:22Z,382,-0.19833333333333336,-0.19933333333333333,9.892000000000001,40.41,0,0
ACC0384,TRIP001,2024-02-06T06:51:23Z,383,-0.17800000000000002,-0.17033333333333334,9.945333333333332,40.42,0,0
ACC0385,TRIP001,2024-02-06T06:51:24Z,384,0.003999999999999985,-0.19299999999999998,9.904333333333334,40.49,0,0
ACC0386,TRIP001,2024-02-06T06:51:25Z,385,0.21566666666666667,-0.14033333333333334,9.896,40.45,0,0
ACC0387,TRIP001,2024-02-06T06:51:26Z,386,0.17400000000000002,-0.225,9.742666666666667,40.48,0,0
ACC0388,TRIP001,2024-02-06T06:51:27Z,387,-0.01966666666666667,-0.09566666666666664,9.708333333333334,40.44,0,0
ACC0389,TRIP001,2024-02-06T06:51:28Z,388,0.014666666666666663,0.04566666666666667,9.789333333333333,40.43,0,0
ACC0390,TRIP001,2024-02-06T06:51:29Z,389,-0.018000000000000006,0.219,9.887666666666666,40.45,0,0
ACC0391,TRIP001,2024-02-06T06:51:30Z,390,0.16066666666666668,0.18033333333333335,9.832,40.43,0,0
ACC0392,TRIP001,2024-02-06T06:51:31Z,391,0.20633333333333334,-0.016333333333333328,9.642666666666667,40.46,0,0
ACC0393,TRIP001,2024-02-06T06:51:32Z,392,0.2993333333333333,-0.06933333333333334,9.552666666666667,40.47,0,0
ACC0394,TRIP001,2024-02-06T06:51:33Z,393,0.26499999999999996,-0.18533333333333335,9.628666666666668,40.45,0,0
ACC0395,TRIP001,2024-02-06T06:51:34Z,394,0.3273333333333333,-0.2253333333333333,9.743666666666666,40.46,0,0
ACC0396,TRIP001,2024-02-06T06:51:35Z,395,0.19700000000000004,-0.287,9.859333333333332,40.56,0,0
ACC0397,TRIP001,2024-02-06T06:51:36Z,396,0.246,-0.1486666666666667,9.776333333333334,40.52,0,0
ACC0398,TRIP001,2024-02-06T06:51:37Z,397,0.007666666666666655,0.07866666666666666,9.685,40.53,0,0
ACC0399,TRIP001,2024-02-06T06:51:38Z,398,-0.044000000000000004,0.04599999999999999,9.703000000000001,40.44,0,0
ACC0400,TRIP001,2024-02-06T06:51:39Z,399,-0.13066666666666665,0.08166666666666667,9.746666666666668,40.44,0,0
ACC0401,TRIP001,2024-02-06T06:51:40Z,400,-0.06933333333333333,0.07033333333333333,9.912333333333335,40.41,0,0
ACC0402,TRIP001,2024-02-06T06:51:41Z,401,-0.018,0.08933333333333333,9.791,40.42,0,0
ACC0403,TRIP001,2024-02-06T06:51:42Z,402,-0.15333333333333332,0.0006666666666666696,9.767666666666665,40.46,0,0
ACC0404,TRIP001,2024-02-06T06:51:43Z,403,-0.32266666666666666,-0.11099999999999999,9.697000000000001,40.36,0,0
ACC0405,TRIP001,2024-02-06T06:51:44Z,404,-0.2826666666666667,-0.14766666666666664,9.706,40.35,0,0
ACC0406,TRIP001,2024-02-06T06:51:45Z,405,-0.15533333333333332,0.005999999999999987,9.757666666666667,40.29,0,0
ACC0407,TRIP001,2024-02-06T06:51:46Z,406,0.22599999999999998,-0.0013333333333333437,9.774666666666667,40.23,0,0
ACC0408,TRIP001,2024-02-06T06:51:47Z,407,0.25633333333333336,0.299,9.784,40.2,0,0
ACC0409,TRIP001,2024-02-06T06:51:48Z,408,0.27299999999999996,0.161,9.770333333333335,40.17,0,0
ACC0410,TRIP001,2024-02-06T06:51:49Z,409,0.20466666666666666,0.29933333333333334,9.694666666666667,40.14,0,0
ACC0411,TRIP001,2024-02-06T06:51:50Z,410,0.37966666666666665,-0.02466666666666666,9.767666666666667,40.08,0,0
ACC0412,TRIP001,2024-02-06T06:51:51Z,411,0.2316666666666667,0.027333333333333338,9.732999999999999,40.11,0,0
ACC0413,TRIP001,2024-02-06T06:51:52Z,412,0.03366666666666668,0.011333333333333343,9.758333333333335,40.05,0,0
ACC0414,TRIP001,2024-02-06T06:51:53Z,413,-0.23033333333333336,0.14733333333333334,9.793000000000001,40.11,0,0
ACC0415,TRIP001,2024-02-06T06:51:54Z,414,-0.23266666666666666,0.07366666666666667,9.911,40.1,0,0
ACC0416,TRIP001,2024-02-06T06:51:55Z,415,-0.13233333333333333,-0.09833333333333333,9.969,40.14,0,0
ACC0417,TRIP001,2024-02-06T06:51:56Z,416,0.11366666666666665,-0.11033333333333332,9.889000000000001,40.22,0,0
ACC0418,TRIP001,2024-02-06T06:51:57Z,417,0.169,-0.19733333333333336,9.932666666666668,40.18,0,0
ACC0419,TRIP001,2024-02-06T06:51:58Z,418,0.446,-0.08600000000000001,9.816,40.18,0,0
ACC0420,TRIP001,2024-02-06T06:51:59Z,419,0.19499999999999998,-0.14433333333333334,9.908,40.27,0,0
ACC0421,TRIP001,2024-02-06T06:52:00Z,420,0.04966666666666664,-0.034333333333333334,9.747,40.34,0,0
ACC0422,TRIP001,2024-02-06T06:52:01Z,421,-0.00733333333333334,-0.06366666666666666,9.902666666666667,40.37,0,0
ACC0423,TRIP001,2024-02-06T06:52:02Z,422,0.296,-0.08933333333333333,9.797,40.33,0,0
ACC0424,TRIP001,2024-02-06T06:52:03Z,423,0.35866666666666663,0.013999999999999993,9.797666666666666,40.34,0,0
ACC0425,TRIP001,2024-02-06T06:52:04Z,424,0.04833333333333334,0.05566666666666666,9.722333333333333,40.37,0,0
ACC0426,TRIP001,2024-02-06T06:52:05Z,425,-0.12,0.036333333333333336,9.821666666666665,40.35,0,0
ACC0427,TRIP001,2024-02-06T06:52:06Z,426,-0.25899999999999995,0.06666666666666667,9.898000000000001,40.36,0,0
ACC0428,TRIP001,2024-02-06T06:52:07Z,427,-0.14766666666666667,-0.09166666666666667,9.877666666666668,40.44,0,0
ACC0429,TRIP001,2024-02-06T06:52:08Z,428,-0.20066666666666666,-0.049666666666666665,9.812,40.38,0,0
ACC0430,TRIP001,2024-02-06T06:52:09Z,429,0.08366666666666667,-0.214,9.821,40.29,0,0
ACC0431,TRIP001,2024-02-06T06:52:10Z,430,0.05866666666666667,0.04766666666666667,9.783,40.2,0,0
ACC0432,TRIP001,2024-02-06T06:52:11Z,431,0.19566666666666666,0.07933333333333334,9.822000000000001,40.24,0,0
ACC0433,TRIP001,2024-02-06T06:52:12Z,432,0.34733333333333327,0.08533333333333333,9.784666666666666,40.29,0,0
ACC0434,TRIP001,2024-02-06T06:52:13Z,433,0.3153333333333333,-0.022000000000000002,9.808666666666667,40.33,0,0
ACC0435,TRIP001,2024-02-06T06:52:14Z,434,0.21566666666666667,0.09200000000000001,9.740666666666668,40.22,0,0
ACC0436,TRIP001,2024-02-06T06:52:15Z,435,0.013333333333333338,0.06733333333333334,9.753,40.22,0,0
ACC0437,TRIP001,2024-02-06T06:52:16Z,436,0.3096666666666667,0.11900000000000001,9.74,40.28,0,0
ACC0438,TRIP001,2024-02-06T06:52:17Z,437,0.40700000000000003,0.026666666666666672,9.728,40.2,0,0
ACC0439,TRIP001,2024-02-06T06:52:18Z,438,0.37166666666666676,0.15833333333333333,9.720333333333334,40.15,0,0
ACC0440,TRIP001,2024-02-06T06:52:19Z,439,0.2373333333333333,0.124,9.753666666666668,40.08,0,0
ACC0441,TRIP001,2024-02-06T06:52:20Z,440,0.024000000000000004,0.16733333333333333,9.713000000000001,40.11,0,0
ACC0442,TRIP001,2024-02-06T06:52:21Z,441,-0.033,0.057333333333333326,9.676,40.07,0,0
ACC0443,TRIP001,2024-02-06T06:52:22Z,442,-0.12,0.07366666666666667,9.697999999999999,40.05,0,0
ACC0444,TRIP001,2024-02-06T06:52:23Z,443,0.123,-0.008333333333333333,9.696333333333333,40.06,0,0
ACC0445,TRIP001,2024-02-06T06:52:24Z,444,0.4443333333333333,0.03166666666666667,9.776333333333334,40.11,0,0
ACC0446,TRIP001,2024-02-06T06:52:25Z,445,0.4626666666666666,0.037,9.787999999999998,40.08,0,0
ACC0447,TRIP001,2024-02-06T06:52:26Z,446,0.4653333333333333,0.06633333333333334,9.907666666666666,40.05,0,0
ACC0448,TRIP001,2024-02-06T06:52:27Z,447,0.369,0.11633333333333333,9.854999999999999,40.07,0,0
ACC0449,TRIP001,2024-02-06T06:52:28Z,448,0.5663333333333332,0.20733333333333334,9.874333333333333,40.11,0,0
ACC0450,TRIP001,2024-02-06T06:52:29Z,449,0.2726666666666666,0.2936666666666667,9.831333333333333,40.2,0,0
ACC0451,TRIP001,2024-02-06T06:52:30Z,450,0.20199999999999999,0.29633333333333334,9.807333333333332,40.11,0,0
ACC0452,TRIP001,2024-02-06T06:52:31Z,451,0.121,0.078,9.819333333333333,40.2,0,0
ACC0453,TRIP001,2024-02-06T06:52:32Z,452,0.19633333333333333,-0.041,9.793333333333333,40.21,0,0
ACC0454,TRIP001,2024-02-06T06:52:33Z,453,0.135,-0.059666666666666666,9.899333333333333,40.15,0,0
ACC0455,TRIP001,2024-02-06T06:52:34Z,454,-0.057333333333333326,0.01766666666666667,9.806,40.22,0,0
ACC0456,TRIP001,2024-02-06T06:52:35Z,455,-0.16666666666666666,-0.052333333333333336,9.796666666666667,40.27,0,0
ACC0457,TRIP001,2024-02-06T06:52:36Z,456,-0.154,-0.09633333333333334,9.727666666666666,40.28,0,0
ACC0458,TRIP001,2024-02-06T06:52:37Z,457,-0.19999999999999998,-0.11133333333333334,9.799666666666667,40.3,0,0
ACC0459,TRIP001,2024-02-06T06:52:38Z,458,0.074,-0.06999999999999999,9.876666666666667,40.31,0,0
ACC0460,TRIP001,2024-02-06T06:52:39Z,459,0.09166666666666667,-0.05466666666666667,9.885666666666667,40.38,0,0
ACC0461,TRIP001,2024-02-06T06:52:40Z,460,0.23366666666666666,0.06599999999999999,9.882333333333333,40.41,0,0
ACC0462,TRIP001,2024-02-06T06:52:41Z,461,0.15733333333333335,0.04633333333333333,9.858666666666666,40.45,0,0
ACC0463,TRIP001,2024-02-06T06:52:42Z,462,0.10800000000000003,-0.031,9.843666666666666,40.44,0,0
ACC0464,TRIP001,2024-02-06T06:52:43Z,463,0.2733333333333333,-0.02266666666666667,9.804666666666668,40.41,0,0
ACC0465,TRIP001,2024-02-06T06:52:44Z,464,0.35600000000000004,0.035,9.875333333333332,40.45,0,0
ACC0466,TRIP001,2024-02-06T06:52:45Z,465,0.4093333333333333,-0.02533333333333332,9.830666666666666,40.49,0,0
ACC0467,TRIP001,2024-02-06T06:52:46Z,466,0.16166666666666665,-0.133,9.804666666666668,40.51,0,0
ACC0468,TRIP001,2024-02-06T06:52:47Z,467,0.0003333333333333359,-0.225,9.695333333333332,40.52,0,0
ACC0469,TRIP001,2024-02-06T06:52:48Z,468,-0.14433333333333334,-0.010000000000000009,9.74,40.49,0,0
ACC0470,TRIP001,2024-02-06T06:52:49Z,469,-0.025666666666666654,-0.014333333333333342,9.817666666666666,40.48,0,0
ACC0471,TRIP001,2024-02-06T06:52:50Z,470,-0.08366666666666667,0.12566666666666665,9.909333333333334,40.4,0,0
ACC0472,TRIP001,2024-02-06T06:52:51Z,471,0.09300000000000001,-0.024333333333333335,9.911666666666667,40.4,0,0
ACC0473,TRIP001,2024-02-06T06:52:52Z,472,0.002000000000000004,0.029333333333333326,9.773333333333333,40.37,0,0
ACC0474,TRIP001,2024-02-06T06:52:53Z,473,0.025333333333333336,-0.05000000000000001,9.755666666666666,40.38,0,0
ACC0475,TRIP001,2024-02-06T06:52:54Z,474,0.09700000000000002,-0.11266666666666665,9.736333333333333,40.39,0,0
ACC0476,TRIP001,2024-02-06T06:52:55Z,475,0.05400000000000001,-0.13133333333333333,9.881,40.37,0,0
ACC0477,TRIP001,2024-02-06T06:52:56Z,476,0.038,-0.17166666666666666,9.881333333333332,40.32,0,0
ACC0478,TRIP001,2024-02-06T06:52:57Z,477,-0.06533333333333334,-0.076,9.853666666666667,40.29,0,0
ACC0479,TRIP001,2024-02-06T06:52:58Z,478,0.032,-0.042666666666666665,9.797666666666666,40.31,0,0
ACC0480,TRIP001,2024-02-06T06:52:59Z,479,0.06966666666666667,0.13999999999999999,9.790666666666667,40.29,0,0
ACC0481,TRIP001,2024-02-06T06:53:00Z,480,0.14466666666666667,0.123,9.941666666666666,40.29,0,0
ACC0482,TRIP001,2024-02-06T06:53:01Z,481,0.06833333333333332,0.035666666666666666,10.038,40.26,0,0
ACC0483,TRIP001,2024-02-06T06:53:02Z,482,0.2353333333333333,-0.071,9.927,40.27,0,0
ACC0484,TRIP001,2024-02-06T06:53:03Z,483,0.10766666666666665,-0.12,9.803666666666667,40.31,0,0
ACC0485,TRIP001,2024-02-06T06:53:04Z,484,0.322,-0.18766666666666668,9.608666666666666,40.34,0,0
ACC0486,TRIP001,2024-02-06T06:53:05Z,485,0.2436666666666667,-0.218,9.690333333333333,40.39,0,0
ACC0487,TRIP001,2024-02-06T06:53:06Z,486,0.49766666666666665,-0.1386666666666667,9.775,40.42,0,0
ACC0488,TRIP001,2024-02-06T06:53:07Z,487,0.27033333333333337,-0.018000000000000002,9.829333333333333,40.4,0,0
ACC0489,TRIP001,2024-02-06T06:53:08Z,488,0.33666666666666667,-0.11133333333333334,9.814,40.34,0,0
ACC0490,TRIP001,2024-02-06T06:53:09Z,489,0.108,-0.19133333333333336,9.648333333333333,40.32,0,0
ACC0491,TRIP001,2024-02-06T06:53:10Z,490,0.042333333333333334,-0.248,9.708333333333334,40.29,0,0
ACC0492,TRIP001,2024-02-06T06:53:11Z,491,-0.16133333333333333,-0.09766666666666668,9.664666666666667,40.25,0,0
ACC0493,TRIP001,2024-02-06T06:53:12Z,492,-0.154,0.01,9.871666666666668,40.2,0,0
ACC0494,TRIP001,2024-02-06T06:53:13Z,493,-0.16366666666666665,-0.05000000000000001,9.870666666666667,40.28,0,0
ACC0495,TRIP001,2024-02-06T06:53:14Z,494,-0.06966666666666667,0.07533333333333332,9.967666666666668,40.31,0,0
ACC0496,TRIP001,2024-02-06T06:53:15Z,495,-0.08133333333333334,-0.003333333333333336,9.808666666666666,40.39,0,0
ACC0497,TRIP001,2024-02-06T06:53:16Z,496,-0.081,0.042666666666666665,9.783666666666667,40.39,0,0
ACC0498,TRIP001,2024-02-06T06:53:17Z,497,-0.115,-0.19566666666666666,9.702333333333334,40.43,0,0
ACC0499,TRIP001,2024-02-06T06:53:18Z,498,-0.01733333333333333,-0.19733333333333336,9.788333333333334,40.44,0,0
ACC0500,TRIP001,2024-02-06T06:53:19Z,499,0.15766666666666665,-0.139,9.787666666666668,40.51,0,0
ACC0501,TRIP001,2024-02-06T06:53:20Z,500,0.0020000000000000018,-0.0046666666666666705,9.792333333333334,40.48,0,0
ACC0502,TRIP001,2024-02-06T06:53:21Z,501,-0.0040000000000000036,0.004333333333333328,9.811,40.49,0,0
ACC0503,TRIP001,2024-02-06T06:53:22Z,502,0.09666666666666668,-0.00033333333333333365,9.849333333333334,40.49,0,0
ACC0504,TRIP001,2024-02-06T06:53:23Z,503,0.44733333333333336,-0.18133333333333335,9.840333333333334,40.48,0,0
ACC0505,TRIP001,2024-02-06T06:53:24Z,504,0.24433333333333337,-0.18200000000000002,9.680666666666667,40.47,0,0
ACC0506,TRIP001,2024-02-06T06:53:25Z,505,-0.045999999999999985,-0.16866666666666666,9.651666666666667,40.48,0,0
ACC0507,TRIP001,2024-02-06T06:53:26Z,506,-0.34900000000000003,-0.07400000000000001,9.694,40.43,0,0
ACC0508,TRIP001,2024-02-06T06:53:27Z,507,-0.12933333333333333,-0.07366666666666667,9.883,40.43,0,0
ACC0509,TRIP001,2024-02-06T06:53:28Z,508,-0.07333333333333333,-0.01100000000000001,9.963999999999999,40.42,0,0
ACC0510,TRIP001,2024-02-06T06:53:29Z,509,0.033666666666666664,0.09533333333333334,9.903666666666668,40.41,0,0
ACC0511,TRIP001,2024-02-06T06:53:30Z,510,-0.17166666666666666,0.14233333333333334,9.824,40.46,0,0
ACC0512,TRIP001,2024-02-06T06:53:31Z,511,-0.27,0.07066666666666666,9.75,40.52,0,0
ACC0513,TRIP001,2024-02-06T06:53:32Z,512,-0.8183333333333334,-0.07666666666666667,9.771666666666667,40.52,0,0
ACC0514,TRIP001,2024-02-06T06:53:33Z,513,-0.6686666666666666,-0.07133333333333335,9.806,40.51,0,0
ACC0515,TRIP001,2024-02-06T06:53:34Z,514,-0.41333333333333333,-0.026000000000000006,9.857333333333333,40.43,0,0
ACC0516,TRIP001,2024-02-06T06:53:35Z,515,0.059666666666666666,-0.0050000000000000044,9.892666666666667,40.41,0,0
ACC0517,TRIP001,2024-02-06T06:53:36Z,516,0.17633333333333331,0.09666666666666666,9.901333333333334,40.44,0,0
ACC0518,TRIP001,2024-02-06T06:53:37Z,517,0.13033333333333333,0.019999999999999993,9.908666666666667,40.44,0,0
ACC0519,TRIP001,2024-02-06T06:53:38Z,518,0.27566666666666667,0.0020000000000000018,9.948666666666666,40.47,0,0
ACC0520,TRIP001,2024-02-06T06:53:39Z,519,0.2713333333333333,-0.03366666666666666,9.825666666666665,40.39,0,0
ACC0521,TRIP001,2024-02-06T06:53:40Z,520,0.121,-0.027666666666666662,9.800666666666666,40.39,0,0
ACC0522,TRIP001,2024-02-06T06:53:41Z,521,-0.03700000000000001,0.07333333333333333,9.761333333333333,40.38,0,0
ACC0523,TRIP001,2024-02-06T06:53:42Z,522,-0.26499999999999996,-0.015666666666666672,9.854000000000001,40.38,0,0
ACC0524,TRIP001,2024-02-06T06:53:43Z,523,0.07033333333333332,0.010999999999999996,9.816,40.37,0,0
ACC0525,TRIP001,2024-02-06T06:53:44Z,524,0.09600000000000002,0.021666666666666667,9.884,40.4,0,0
ACC0526,TRIP001,2024-02-06T06:53:45Z,525,0.23066666666666666,0.09600000000000002,9.786,40.35,0,0
ACC0527,TRIP001,2024-02-06T06:53:46Z,526,-0.085,0.056666666666666664,9.815333333333333,40.43,0,0
ACC0528,TRIP001,2024-02-06T06:53:47Z,527,0.10600000000000002,0.03866666666666666,9.762666666666666,40.42,0,0
ACC0529,TRIP001,2024-02-06T06:53:48Z,528,0.22333333333333336,-0.1466666666666667,9.865666666666666,40.43,0,0
ACC0530,TRIP001,2024-02-06T06:53:49Z,529,0.2316666666666667,-0.17833333333333334,9.818,40.41,0,0
ACC0531,TRIP001,2024-02-06T06:53:50Z,530,0.061666666666666675,-0.19933333333333336,9.803333333333335,40.44,0,0
ACC0532,TRIP001,2024-02-06T06:53:51Z,531,0.02566666666666667,0.09633333333333333,9.751333333333333,40.38,0,0
ACC0533,TRIP001,2024-02-06T06:53:52Z,532,0.09066666666666667,0.18599999999999997,9.770999999999999,40.43,0,0
ACC0534,TRIP001,2024-02-06T06:53:53Z,533,0.148,0.25,9.787666666666667,40.54,0,0
ACC0535,TRIP001,2024-02-06T06:53:54Z,534,-0.17933333333333334,0.12733333333333333,9.863666666666667,40.48,0,0
ACC0536,TRIP001,2024-02-06T06:53:55Z,535,-0.21166666666666667,0.15666666666666668,9.915333333333333,40.46,0,0
ACC0537,TRIP001,2024-02-06T06:53:56Z,536,-0.15333333333333335,0.051,9.824,40.51,0,0
ACC0538,TRIP001,2024-02-06T06:53:57Z,537,0.056999999999999995,0.14033333333333334,9.805666666666667,40.41,0,0
ACC0539,TRIP001,2024-02-06T06:53:58Z,538,-0.031666666666666655,0.030666666666666665,9.763333333333334,40.4,0,0
ACC0540,TRIP001,2024-02-06T06:53:59Z,539,-3.121333333333333,0.07266666666666667,9.859,40.39,0,0
ACC0541,TRIP001,2024-02-06T06:54:00Z,540,-6.224333333333334,0.028666666666666663,9.797333333333333,35.85,0,0
ACC0542,TRIP001,2024-02-06T06:54:01Z,541,-8.924,0.07966666666666666,9.850333333333333,31.23,0,0
ACC0543,TRIP001,2024-02-06T06:54:02Z,542,-8.691333333333334,0.16066666666666665,9.847,27.0,0,0
ACC0544,TRIP001,2024-02-06T06:54:03Z,543,-8.363666666666667,0.011666666666666659,9.911,22.81,0,0
ACC0545,TRIP001,2024-02-06T06:54:04Z,544,-8.645000000000001,0.020999999999999994,9.911666666666667,18.69,0,0
ACC0546,TRIP001,2024-02-06T06:54:05Z,545,-9.090666666666667,-0.04533333333333334,9.96,14.04,0,0
ACC0547,TRIP001,2024-02-06T06:54:06Z,546,-9.280333333333333,-0.030333333333333334,9.915666666666667,9.17,0,0
ACC0548,TRIP001,2024-02-06T06:54:07Z,547,-5.999666666666667,-0.09366666666666666,9.826333333333332,4.77,0,0
ACC0549,TRIP001,2024-02-06T06:54:08Z,548,-2.832333333333333,-0.19999999999999998,9.704,4.72,0,0
ACC0550,TRIP001,2024-02-06T06:54:09Z,549,0.14233333333333334,-0.07199999999999998,9.681,4.72,0,0
ACC0551,TRIP001,2024-02-06T06:54:10Z,550,-0.081,-0.011333333333333327,9.708333333333334,4.68,0,0
ACC0552,TRIP001,2024-02-06T06:54:11Z,551,-0.05066666666666667,0.152,9.798,4.72,0,0
ACC0553,TRIP001,2024-02-06T06:54:12Z,552,-0.11699999999999999,0.08600000000000001,9.799333333333331,4.7,0,0
ACC0554,TRIP001,2024-02-06T06:54:13Z,553,-0.027333333333333338,0.12566666666666668,9.744,4.8,0,0
ACC0555,TRIP001,2024-02-06T06:54:14Z,554,0.12033333333333333,0.09899999999999999,9.658999999999999,4.72,0,0
ACC0556,TRIP001,2024-02-06T06:54:15Z,555,0.11466666666666665,0.10233333333333333,9.745,4.69,0,0
ACC0557,TRIP001,2024-02-06T06:54:16Z,556,0.14866666666666667,-0.008666666666666665,9.781666666666666,4.61,0,0
ACC0558,TRIP001,2024-02-06T06:54:17Z,557,-0.055999999999999994,0.14666666666666664,9.941,4.6,0,0
ACC0559,TRIP001,2024-02-06T06:54:18Z,558,0.07766666666666666,0.061666666666666654,10.013666666666667,4.64,0,0
ACC0560,TRIP001,2024-02-06T06:54:19Z,559,0.01733333333333333,0.20033333333333334,10.053333333333333,4.64,0,0
ACC0561,TRIP001,2024-02-06T06:54:20Z,560,0.13133333333333333,-0.014333333333333332,9.935333333333334,4.6,0,0
ACC0562,TRIP001,2024-02-06T06:54:21Z,561,0.119,0.142,9.816,4.63,0,0
ACC0563,TRIP001,2024-02-06T06:54:22Z,562,0.302,-0.02,9.838666666666667,4.68,0,0
ACC0564,TRIP001,2024-02-06T06:54:23Z,563,0.17333333333333334,0.11066666666666668,9.892000000000001,4.62,0,0
ACC0565,TRIP001,2024-02-06T06:54:24Z,564,0.07233333333333335,0.12433333333333334,9.824,4.65,0,0
ACC0566,TRIP001,2024-02-06T06:54:25Z,565,-0.04966666666666666,0.2916666666666667,9.712000000000002,4.65,0,0
ACC0567,TRIP001,2024-02-06T06:54:26Z,566,0.11266666666666668,0.207,9.664,4.5,0,0
ACC0568,TRIP001,2024-02-06T06:54:27Z,567,0.156,0.0040000000000000036,9.753333333333332,4.46,0,0
ACC0569,TRIP001,2024-02-06T06:54:28Z,568,0.034,-0.21533333333333335,9.823333333333332,4.5,0,0
ACC0570,TRIP001,2024-02-06T06:54:29Z,569,0.014333333333333332,-0.14933333333333335,9.821666666666665,4.49,0,0
ACC0571,TRIP001,2024-02-06T06:54:30Z,570,0.056666666666666664,-0.119,9.857333333333335,4.6,0,0
ACC0572,TRIP001,2024-02-06T06:54:31Z,571,0.081,0.03333333333333333,9.869333333333334,4.59,0,0
ACC0573,TRIP001,2024-02-06T06:54:32Z,572,0.003999999999999994,0.023000000000000003,9.871,4.51,0,0
ACC0574,TRIP001,2024-02-06T06:54:33Z,573,0.068,0.215,9.782333333333334,4.54,0,0
ACC0575,TRIP001,2024-02-06T06:54:34Z,574,0.02466666666666667,0.15633333333333332,9.731,4.51,0,0
ACC0576,TRIP001,2024-02-06T06:54:35Z,575,0.09900000000000002,0.11833333333333333,9.662666666666667,4.51,0,0
ACC0577,TRIP001,2024-02-06T06:54:36Z,576,0.033,0.04533333333333334,9.578999999999999,4.48,0,0
ACC0578,TRIP001,2024-02-06T06:54:37Z,577,0.10000000000000002,-0.05066666666666666,9.647,4.45,0,0
ACC0579,TRIP001,2024-02-06T06:54:38Z,578,-0.08366666666666667,-0.19366666666666665,9.754333333333333,4.51,0,0
ACC0580,TRIP001,2024-02-06T06:54:39Z,579,-0.24699999999999997,-0.30633333333333335,9.903,4.56,0,0
ACC0581,TRIP001,2024-02-06T06:54:40Z,580,-0.27366666666666667,-0.064,9.895666666666665,4.55,0,0
ACC0582,TRIP001,2024-02-06T06:54:41Z,581,-0.05399999999999999,-0.053333333333333344,9.885,4.46,0,0
ACC0583,TRIP001,2024-02-06T06:54:42Z,582,0.11733333333333333,0.07466666666666666,9.950333333333333,4.51,0,0
ACC0584,TRIP001,2024-02-06T06:54:43Z,583,0.132,-0.10466666666666669,9.946666666666667,4.55,0,0
ACC0585,TRIP001,2024-02-06T06:54:44Z,584,-0.037333333333333336,-0.041666666666666664,9.820666666666668,4.49,0,0
ACC0586,TRIP001,2024-02-06T06:54:45Z,585,-0.031333333333333345,-0.13533333333333333,9.706999999999999,4.43,0,0
ACC0587,TRIP001,2024-02-06T06:54:46Z,586,-0.18933333333333335,-0.049999999999999996,9.695333333333332,4.43,0,0
ACC0588,TRIP001,2024-02-06T06:54:47Z,587,-0.01099999999999999,-0.16366666666666665,9.879999999999999,4.42,0,0
ACC0589,TRIP001,2024-02-06T06:54:48Z,588,-0.20433333333333334,-0.12466666666666666,9.831666666666665,4.41,0,0
ACC0590,TRIP001,2024-02-06T06:54:49Z,589,0.045000000000000005,-0.225,9.874333333333333,4.41,0,0
ACC0591,TRIP001,2024-02-06T06:54:50Z,590,0.04566666666666666,-0.053666666666666675,9.804333333333334,4.42,0,0
ACC0592,TRIP001,2024-02-06T06:54:51Z,591,0.27499999999999997,-0.028666666666666663,9.829666666666668,4.48,0,0
ACC0593,TRIP001,2024-02-06T06:54:52Z,592,0.1653333333333333,-0.03733333333333333,9.785333333333334,4.49,0,0
ACC0594,TRIP001,2024-02-06T06:54:53Z,593,0.244,-0.06699999999999999,9.762,4.44,0,0
ACC0595,TRIP001,2024-02-06T06:54:54Z,594,0.11633333333333333,-0.11633333333333333,9.858666666666666,4.48,0,0
ACC0596,TRIP001,2024-02-06T06:54:55Z,595,0.08533333333333333,-0.028666666666666663,9.9,4.41,0,0
ACC0597,TRIP001,2024-02-06T06:54:56Z,596,-0.144,-0.08733333333333333,9.982333333333335,4.43,0,0
ACC0598,TRIP001,2024-02-06T06:54:57Z,597,-0.16433333333333333,-0.10266666666666667,10.111,4.44,0,0
ACC0599,TRIP001,2024-02-06T06:54:58Z,598,-0.24133333333333332,-0.12433333333333334,10.107666666666667,4.51,0,0
ACC0600,TRIP001,2024-02-06T06:54:59Z,599,-0.011666666666666659,0.05466666666666666,10.023333333333333,4.5,0,0
ACC0601,TRIP001,2024-02-06T06:55:00Z,600,0.03333333333333333,0.146,9.911333333333333,4.51,0,0
ACC0602,TRIP001,2024-02-06T06:55:01Z,601,0.08866666666666667,0.227,9.846333333333334,4.56,0,0
ACC0603,TRIP001,2024-02-06T06:55:02Z,602,0.022333333333333334,0.17999999999999997,9.845,4.64,0,0
ACC0604,TRIP001,2024-02-06T06:55:03Z,603,0.08233333333333333,0.119,9.848999999999998,4.64,0,0
ACC0605,TRIP001,2024-02-06T06:55:04Z,604,0.25933333333333336,0.02966666666666666,9.921000000000001,4.59,0,0
ACC0606,TRIP001,2024-02-06T06:55:05Z,605,0.3403333333333333,-0.06166666666666667,9.860333333333335,4.5,0,0
ACC0607,TRIP001,2024-02-06T06:55:06Z,606,0.278,-0.04133333333333333,9.842666666666666,4.53,0,0
ACC0608,TRIP001,2024-02-06T06:55:07Z,607,0.13566666666666669,0.0030000000000000005,9.828000000000001,4.48,0,0
ACC0609,TRIP001,2024-02-06T06:55:08Z,608,-0.07233333333333333,0.075,9.939,4.44,0,0
ACC0610,TRIP001,2024-02-06T06:55:09Z,609,-0.08266666666666667,-0.11533333333333334,9.903999999999998,4.51,0,0
ACC0611,TRIP001,2024-02-06T06:55:10Z,610,-0.15566666666666668,-0.11466666666666665,9.889333333333333,4.55,0,0
ACC0612,TRIP001,2024-02-06T06:55:11Z,611,-0.12266666666666666,-0.16033333333333333,9.87,4.57,0,0
ACC0613,TRIP001,2024-02-06T06:55:12Z,612,-0.0020000000000000018,-0.012666666666666665,9.882,4.48,0,0
ACC0614,TRIP001,2024-02-06T06:55:13Z,613,-0.026666666666666655,0.06,9.950333333333333,4.44,0,0
ACC0615,TRIP001,2024-02-06T06:55:14Z,614,-0.10966666666666665,0.060666666666666653,9.868,4.35,0,0
ACC0616,TRIP001,2024-02-06T06:55:15Z,615,-0.2803333333333333,0.05033333333333334,9.840333333333334,4.39,0,0
ACC0617,TRIP001,2024-02-06T06:55:16Z,616,-0.141,0.10600000000000002,9.787666666666667,4.28,0,0
ACC0618,TRIP001,2024-02-06T06:55:17Z,617,0.09299999999999999,0.2373333333333333,9.903666666666666,4.23,0,0
ACC0619,TRIP001,2024-02-06T06:55:18Z,618,0.10699999999999998,0.24733333333333338,9.840666666666666,4.2,0,0
ACC0620,TRIP001,2024-02-06T06:55:19Z,619,0.03833333333333331,0.05466666666666666,9.827333333333334,4.2,0,0
ACC0621,TRIP001,2024-02-06T06:55:20Z,620,-0.08666666666666668,0.06033333333333333,9.782,4.17,0,0
ACC0622,TRIP001,2024-02-06T06:55:21Z,621,0.02266666666666667,0.12533333333333332,9.767000000000001,4.23,0,0
ACC0623,TRIP001,2024-02-06T06:55:22Z,622,0.09700000000000002,0.154,9.741000000000001,4.2,0,0
ACC0624,TRIP001,2024-02-06T06:55:23Z,623,0.09500000000000001,0.05666666666666667,9.710333333333333,4.21,0,0
ACC0625,TRIP001,2024-02-06T06:55:24Z,624,0.05000000000000001,-0.023333333333333327,9.715000000000002,4.27,0,0
ACC0626,TRIP001,2024-02-06T06:55:25Z,625,0.051,0.08633333333333333,9.661333333333333,4.23,0,0
ACC0627,TRIP001,2024-02-06T06:55:26Z,626,0.064,-0.015000000000000005,9.607666666666667,4.28,0,0
ACC0628,TRIP001,2024-02-06T06:55:27Z,627,-0.12533333333333332,-0.006000000000000005,9.648333333333333,4.31,0,0
ACC0629,TRIP001,2024-02-06T06:55:28Z,628,-0.04199999999999998,-0.127,9.717999999999998,4.3,0,0
ACC0630,TRIP001,2024-02-06T06:55:29Z,629,-0.026999999999999982,-0.031,9.766333333333334,4.24,0,0
ACC0631,TRIP001,2024-02-06T06:55:30Z,630,0.17400000000000002,-0.023333333333333334,9.785333333333332,4.26,0,0
ACC0632,TRIP001,2024-02-06T06:55:31Z,631,-0.08133333333333333,-0.08233333333333333,9.801,4.25,0,0
ACC0633,TRIP001,2024-02-06T06:55:32Z,632,0.02900000000000001,-0.217,9.820333333333332,4.14,0,0
ACC0634,TRIP001,2024-02-06T06:55:33Z,633,-0.04499999999999999,-0.11633333333333333,9.754666666666667,4.17,0,0
ACC0635,TRIP001,2024-02-06T06:55:34Z,634,0.16733333333333333,-0.02633333333333332,9.783666666666667,4.21,0,0
ACC0636,TRIP001,2024-02-06T06:55:35Z,635,-0.069,0.16166666666666665,9.832333333333333,4.24,0,0
ACC0637,TRIP001,2024-02-06T06:55:36Z,636,0.009666666666666657,0.17300000000000001,9.984,4.24,0,0
ACC0638,TRIP001,2024-02-06T06:55:37Z,637,-0.12166666666666666,0.19099999999999998,9.974333333333334,4.28,0,0
ACC0639,TRIP001,2024-02-06T06:55:38Z,638,-0.122,0.09733333333333334,9.929666666666668,4.23,0,0
ACC0640,TRIP001,2024-02-06T06:55:39Z,639,-0.014000000000000012,-0.13699999999999998,9.851666666666667,4.25,0,0
ACC0641,TRIP001,2024-02-06T06:55:40Z,640,0.10399999999999998,-0.134,9.862,4.24,0,0
ACC0642,TRIP001,2024-02-06T06:55:41Z,641,0.21999999999999997,-0.12833333333333333,9.861666666666666,4.27,0,0
ACC0643,TRIP001,2024-02-06T06:55:42Z,642,0.2293333333333333,-0.11033333333333334,9.786666666666667,4.26,0,0
ACC0644,TRIP001,2024-02-06T06:55:43Z,643,0.285,-0.07933333333333333,9.793333333333333,4.34,0,0
ACC0645,TRIP001,2024-02-06T06:55:44Z,644,0.4336666666666667,-0.163,9.738999999999999,4.24,0,0
ACC0646,TRIP001,2024-02-06T06:55:45Z,645,0.18566666666666667,-0.00033333333333333826,9.880333333333335,4.29,0,0
ACC0647,TRIP001,2024-02-06T06:55:46Z,646,0.06933333333333334,0.0023333333333333353,9.866999999999999,4.26,0,0
ACC0648,TRIP001,2024-02-06T06:55:47Z,647,-0.23266666666666666,0.18733333333333335,9.947000000000001,4.28,0,0
ACC0649,TRIP001,2024-02-06T06:55:48Z,648,-0.207,0.08133333333333334,9.836666666666666,4.16,0,0
ACC0650,TRIP001,2024-02-06T06:55:49Z,649,-0.21966666666666668,0.11833333333333333,9.847333333333333,4.17,0,0
ACC0651,TRIP001,2024-02-06T06:55:50Z,650,-0.167,0.011000000000000001,9.836666666666668,4.18,0,0
ACC0652,TRIP001,2024-02-06T06:55:51Z,651,-0.12333333333333334,0.08700000000000001,9.825666666666665,4.24,0,0
ACC0653,TRIP001,2024-02-06T06:55:52Z,652,0.06533333333333334,0.11166666666666668,9.753,4.21,0,0
ACC0654,TRIP001,2024-02-06T06:55:53Z,653,0.09466666666666668,0.009666666666666676,9.751333333333333,4.2,0,0
ACC0655,TRIP001,2024-02-06T06:55:54Z,654,0.20133333333333336,0.0060000000000000045,9.827666666666666,4.22,0,0
ACC0656,TRIP001,2024-02-06T06:55:55Z,655,0.20866666666666667,-0.07533333333333332,9.917666666666667,4.23,0,0
ACC0657,TRIP001,2024-02-06T06:55:56Z,656,0.32066666666666666,-0.055999999999999994,9.924999999999999,4.28,0,0
ACC0658,TRIP001,2024-02-06T06:55:57Z,657,0.4523333333333333,-0.008333333333333331,9.842,4.3,0,0
ACC0659,TRIP001,2024-02-06T06:55:58Z,658,0.4243333333333334,-0.04633333333333334,9.709333333333333,4.26,0,0
ACC0660,TRIP001,2024-02-06T06:55:59Z,659,0.43766666666666665,0.028333333333333332,9.726333333333335,4.29,0,0
ACC0661,TRIP001,2024-02-06T06:56:00Z,660,0.432,-0.09433333333333334,9.828333333333333,4.28,0,0
ACC0662,TRIP001,2024-02-06T06:56:01Z,661,0.4623333333333333,-0.08966666666666667,9.867666666666667,4.33,0,0
ACC0663,TRIP001,2024-02-06T06:56:02Z,662,0.4676666666666667,-0.12066666666666666,9.866333333333333,4.42,0,0
ACC0664,TRIP001,2024-02-06T06:56:03Z,663,0.34800000000000003,-0.09566666666666668,9.87,4.5,0,0
ACC0665,TRIP001,2024-02-06T06:56:04Z,664,0.299,-0.022000000000000002,9.879666666666667,4.42,0,0
ACC0666,TRIP001,2024-02-06T06:56:05Z,665,0.25933333333333336,-0.01866666666666666,9.795,4.43,0,0
ACC0667,TRIP001,2024-02-06T06:56:06Z,666,0.13033333333333333,0.13066666666666668,9.678333333333333,4.42,0,0
ACC0668,TRIP001,2024-02-06T06:56:07Z,667,0.028999999999999998,0.014000000000000004,9.662,4.51,0,0
ACC0669,TRIP001,2024-02-06T06:56:08Z,668,-0.18933333333333335,0.104,9.697333333333333,4.46,0,0
ACC0670,TRIP001,2024-02-06T06:56:09Z,669,-0.25766666666666665,-0.034666666666666665,9.702333333333334,4.42,0,0
ACC0671,TRIP001,2024-02-06T06:56:10Z,670,-0.42366666666666664,-0.04733333333333334,9.685666666666666,4.48,0,0
ACC0672,TRIP001,2024-02-06T06:56:11Z,671,-0.19499999999999998,-0.11133333333333334,9.684666666666667,4.5,0,0
ACC0673,TRIP001,2024-02-06T06:56:12Z,672,-0.144,-0.04133333333333333,9.681333333333333,4.52,0,0
ACC0674,TRIP001,2024-02-06T06:56:13Z,673,-0.005000000000000007,0.09800000000000002,9.664,4.55,0,0
ACC0675,TRIP001,2024-02-06T06:56:14Z,674,-0.11233333333333333,0.17033333333333334,9.601999999999999,4.53,0,0
ACC0676,TRIP001,2024-02-06T06:56:15Z,675,0.013666666666666669,0.17566666666666667,9.633666666666667,4.57,0,0
ACC0677,TRIP001,2024-02-06T06:56:16Z,676,0.23933333333333331,0.054333333333333324,9.707666666666666,4.6,0,0
ACC0678,TRIP001,2024-02-06T06:56:17Z,677,0.21133333333333335,-0.06333333333333334,9.804666666666664,4.58,0,0
ACC0679,TRIP001,2024-02-06T06:56:18Z,678,-0.08033333333333333,-0.06566666666666669,9.823,4.58,0,0
ACC0680,TRIP001,2024-02-06T06:56:19Z,679,-0.31966666666666665,0.134,9.763,4.63,0,0
ACC0681,TRIP001,2024-02-06T06:56:20Z,680,-0.3173333333333333,0.20200000000000004,9.679333333333334,4.67,0,0
ACC0682,TRIP001,2024-02-06T06:56:21Z,681,-0.074,0.2663333333333333,9.690333333333333,4.73,0,0
ACC0683,TRIP001,2024-02-06T06:56:22Z,682,-0.09400000000000001,0.08666666666666666,9.806666666666667,4.65,0,0
ACC0684,TRIP001,2024-02-06T06:56:23Z,683,0.0023333333333333353,0.09499999999999999,9.926666666666668,4.78,0,0
ACC0685,TRIP001,2024-02-06T06:56:24Z,684,-0.02733333333333333,0.04,9.949333333333334,4.73,0,0
ACC0686,TRIP001,2024-02-06T06:56:25Z,685,-0.04066666666666666,0.073,9.916,4.72,0,0
ACC0687,TRIP001,2024-02-06T06:56:26Z,686,-0.022000000000000002,0.19099999999999998,9.877333333333333,4.69,0,0
ACC0688,TRIP001,2024-02-06T06:56:27Z,687,-0.09400000000000001,0.10966666666666668,9.843666666666666,4.72,0,0
ACC0689,TRIP001,2024-02-06T06:56:28Z,688,-0.11733333333333333,-0.001666666666666668,9.797666666666666,4.67,0,0
ACC0690,TRIP001,2024-02-06T06:56:29Z,689,-0.063,-0.09599999999999999,9.819333333333333,4.72,0,0
ACC0691,TRIP001,2024-02-06T06:56:30Z,690,-0.027666666666666676,-0.075,9.790666666666667,4.67,0,0
ACC0692,TRIP001,2024-02-06T06:56:31Z,691,0.026999999999999996,0.10366666666666667,9.757,4.68,0,0
ACC0693,TRIP001,2024-02-06T06:56:32Z,692,0.13333333333333333,-0.022333333333333334,9.683666666666667,4.71,0,0
ACC0694,TRIP001,2024-02-06T06:56:33Z,693,0.09566666666666668,0.01066666666666667,9.753333333333332,4.67,0,0
ACC0695,TRIP001,2024-02-06T06:56:34Z,694,0.11066666666666668,-0.04766666666666667,9.813,4.64,0,0
ACC0696,TRIP001,2024-02-06T06:56:35Z,695,0.17266666666666666,0.017666666666666667,9.845,4.58,0,0
ACC0697,TRIP001,2024-02-06T06:56:36Z,696,0.25266666666666665,-0.06,9.901333333333334,4.55,0,0
ACC0698,TRIP001,2024-02-06T06:56:37Z,697,0.2856666666666667,-0.031999999999999994,9.805666666666667,4.46,0,0
ACC0699,TRIP001,2024-02-06T06:56:38Z,698,0.18733333333333335,0.003333333333333336,9.801333333333334,4.48,0,0
ACC0700,TRIP001,2024-02-06T06:56:39Z,699,0.18533333333333335,0.25499999999999995,10.943,4.48,0,0
ACC0701,TRIP001,2024-02-06T06:56:40Z,700,0.25666666666666665,0.43733333333333335,13.335666666666667,3.98,0,0
ACC0702,TRIP001,2024-02-06T06:56:41Z,701,0.12233333333333334,0.4173333333333334,13.280666666666667,3.48,0,0
ACC0703,TRIP001,2024-02-06T06:56:42Z,702,0.205,0.21966666666666668,12.060666666666664,3.43,0,0
ACC0704,TRIP001,2024-02-06T06:56:43Z,703,0.20433333333333334,-0.030333333333333334,9.892666666666665,3.46,0,0
ACC0705,TRIP001,2024-02-06T06:56:44Z,704,0.251,-0.126,9.903,3.62,0,0
ACC0706,TRIP001,2024-02-06T06:56:45Z,705,0.13866666666666666,-0.125,9.799999999999999,3.65,0,0
ACC0707,TRIP001,2024-02-06T06:56:46Z,706,0.20733333333333337,-0.18233333333333332,9.638,3.67,0,0
ACC0708,TRIP001,2024-02-06T06:56:47Z,707,-0.085,-0.118,9.654333333333332,3.65,0,0
ACC0709,TRIP001,2024-02-06T06:56:48Z,708,-0.11466666666666665,-0.09633333333333333,9.771333333333333,3.58,0,0
ACC0710,TRIP001,2024-02-06T06:56:49Z,709,-0.29333333333333333,-0.07033333333333334,9.796000000000001,3.6,0,0
ACC0711,TRIP001,2024-02-06T06:56:50Z,710,0.058666666666666666,0.039,9.800666666666666,3.58,0,0
ACC0712,TRIP001,2024-02-06T06:56:51Z,711,0.16433333333333333,-0.022000000000000002,9.824666666666666,3.5,0,0
ACC0713,TRIP001,2024-02-06T06:56:52Z,712,0.11699999999999999,0.103,9.887,3.53,0,0
ACC0714,TRIP001,2024-02-06T06:56:53Z,713,0.07433333333333332,-0.009333333333333338,9.867666666666667,3.55,0,0
ACC0715,TRIP001,2024-02-06T06:56:54Z,714,0.07999999999999999,0.029333333333333333,9.823333333333332,3.61,0,0
ACC0716,TRIP001,2024-02-06T06:56:55Z,715,0.16333333333333333,-0.074,9.738333333333332,3.65,0,0
ACC0717,TRIP001,2024-02-06T06:56:56Z,716,0.05366666666666666,-0.03333333333333333,9.756666666666666,3.64,0,0
ACC0718,TRIP001,2024-02-06T06:56:57Z,717,0.2283333333333333,-0.027,9.845333333333334,3.62,0,0
ACC0719,TRIP001,2024-02-06T06:56:58Z,718,0.3253333333333333,0.006999999999999999,9.945333333333332,3.57,0,0
ACC0720,TRIP001,2024-02-06T06:56:59Z,719,0.5533333333333333,-0.03833333333333333,9.970333333333334,3.55,0,0
ACC0721,TRIP001,2024-02-06T06:57:00Z,720,0.35133333333333333,-0.052333333333333336,9.829666666666666,3.49,0,0
ACC0722,TRIP001,2024-02-06T06:57:01Z,721,0.36566666666666664,-0.02,9.710333333333333,3.4,0,0
ACC0723,TRIP001,2024-02-06T06:57:02Z,722,0.11366666666666665,0.01,9.722666666666667,3.39,0,0
ACC0724,TRIP001,2024-02-06T06:57:03Z,723,0.067,0.009666666666666669,9.803666666666667,3.41,0,0
ACC0725,TRIP001,2024-02-06T06:57:04Z,724,-0.07833333333333332,-0.018000000000000002,9.863,3.38,0,0
ACC0726,TRIP001,2024-02-06T06:57:05Z,725,0.07400000000000001,-0.013333333333333334,9.816666666666668,3.36,0,0
ACC0727,TRIP001,2024-02-06T06:57:06Z,726,-0.021666666666666667,-0.12166666666666666,9.808,3.36,0,0
ACC0728,TRIP001,2024-02-06T06:57:07Z,727,-0.04633333333333333,-0.06033333333333333,9.799999999999999,3.27,0,0
ACC0729,TRIP001,2024-02-06T06:57:08Z,728,-0.12733333333333333,-0.15133333333333332,9.776666666666666,3.23,0,0
ACC0730,TRIP001,2024-02-06T06:57:09Z,729,0.07700000000000001,-0.031333333333333324,9.755333333333333,3.22,0,0
ACC0731,TRIP001,2024-02-06T06:57:10Z,730,0.16466666666666666,-0.04499999999999999,9.793999999999999,3.19,0,0
ACC0732,TRIP001,2024-02-06T06:57:11Z,731,0.17833333333333334,0.07433333333333332,9.877333333333333,3.21,0,0
ACC0733,TRIP001,2024-02-06T06:57:12Z,732,0.08266666666666667,0.032333333333333325,9.850333333333333,3.18,0,0
ACC0734,TRIP001,2024-02-06T06:57:13Z,733,0.15366666666666667,-0.06633333333333334,9.796999999999999,3.28,0,0
ACC0735,TRIP001,2024-02-06T06:57:14Z,734,0.13233333333333333,-0.15433333333333335,9.843,3.29,0,0
ACC0736,TRIP001,2024-02-06T06:57:15Z,735,0.25633333333333336,-0.10633333333333334,9.833666666666668,3.23,0,0
ACC0737,TRIP001,2024-02-06T06:57:16Z,736,-0.007000000000000006,-0.042333333333333334,9.868,3.22,0,0
ACC0738,TRIP001,2024-02-06T06:57:17Z,737,0.031666666666666655,-0.14466666666666667,9.769,3.2,0,0
ACC0739,TRIP001,2024-02-06T06:57:18Z,738,0.03733333333333333,-0.13533333333333333,9.807333333333334,3.13,0,0
ACC0740,TRIP001,2024-02-06T06:57:19Z,739,0.19799999999999998,-0.10133333333333334,9.719,3.12,0,0
ACC0741,TRIP001,2024-02-06T06:57:20Z,740,0.23833333333333337,0.134,9.728333333333332,3.17,0,0
ACC0742,TRIP001,2024-02-06T06:57:21Z,741,0.2456666666666667,0.151,9.786666666666667,3.22,0,0
ACC0743,TRIP001,2024-02-06T06:57:22Z,742,0.26266666666666666,0.18866666666666668,9.939666666666668,3.2,0,0
ACC0744,TRIP001,2024-02-06T06:57:23Z,743,0.28633333333333333,0.036,9.967666666666666,3.12,0,0
ACC0745,TRIP001,2024-02-06T06:57:24Z,744,0.207,-0.013999999999999993,9.931333333333335,3.09,0,0
ACC0746,TRIP001,2024-02-06T06:57:25Z,745,0.17966666666666667,-0.05933333333333333,9.816,3.12,0,0
ACC0747,TRIP001,2024-02-06T06:57:26Z,746,0.20366666666666666,0.03566666666666667,9.817,3.15,0,0
ACC0748,TRIP001,2024-02-06T06:57:27Z,747,0.10566666666666667,0.014000000000000004,9.789666666666667,3.06,0,0
ACC0749,TRIP001,2024-02-06T06:57:28Z,748,0.010333333333333342,-0.035666666666666666,9.814333333333334,2.99,0,0
ACC0750,TRIP001,2024-02-06T06:57:29Z,749,0.03600000000000001,-0.01133333333333334,9.78433333333333,3.04,0,0
ACC0751,TRIP001,2024-02-06T06:57:30Z,750,0.03333333333333335,0.04466666666666667,9.881333333333332,3.08,0,0
ACC0752,TRIP001,2024-02-06T06:57:31Z,751,0.133,0.11433333333333333,9.851666666666667,3.15,0,0
ACC0753,TRIP001,2024-02-06T06:57:32Z,752,-0.17133333333333334,0.11466666666666665,9.885333333333334,3.12,0,0
ACC0754,TRIP001,2024-02-06T06:57:33Z,753,-0.010666666666666658,0.08033333333333333,9.839,3.17,0,0
ACC0755,TRIP001,2024-02-06T06:57:34Z,754,0.2496666666666667,0.067,9.872666666666666,3.26,0,0
ACC0756,TRIP001,2024-02-06T06:57:35Z,755,0.41900000000000004,-0.007000000000000002,9.936333333333332,3.28,0,0
ACC0757,TRIP001,2024-02-06T06:57:36Z,756,0.353,0.11233333333333333,9.935333333333334,3.32,0,0
ACC0758,TRIP001,2024-02-06T06:57:37Z,757,0.24666666666666667,0.033666666666666664,9.855,3.26,0,0
ACC0759,TRIP001,2024-02-06T06:57:38Z,758,0.20733333333333334,0.022333333333333327,9.855333333333332,3.27,0,0
ACC0760,TRIP001,2024-02-06T06:57:39Z,759,0.18733333333333332,-0.09366666666666666,9.793666666666667,3.28,0,0
ACC0761,TRIP001,2024-02-06T06:57:40Z,760,0.03166666666666667,0.14966666666666667,9.807,3.29,0,0
ACC0762,TRIP001,2024-02-06T06:57:41Z,761,0.01566666666666667,0.15233333333333332,9.694333333333333,3.29,0,0
ACC0763,TRIP001,2024-02-06T06:57:42Z,762,0.11399999999999999,0.24866666666666667,9.748666666666667,3.29,0,0
ACC0764,TRIP001,2024-02-06T06:57:43Z,763,0.3383333333333334,0.15133333333333332,9.889333333333333,3.27,0,0
ACC0765,TRIP001,2024-02-06T06:57:44Z,764,0.44733333333333336,0.24566666666666667,9.952,3.25,0,0
ACC0766,TRIP001,2024-02-06T06:57:45Z,765,0.4093333333333334,0.146,9.977666666666666,3.28,0,0
ACC0767,TRIP001,2024-02-06T06:57:46Z,766,0.2806666666666666,0.030999999999999996,9.91,3.35,0,0
ACC0768,TRIP001,2024-02-06T06:57:47Z,767,0.20600000000000004,0.030333333333333337,9.844,3.41,0,0
ACC0769,TRIP001,2024-02-06T06:57:48Z,768,0.02366666666666667,-0.02533333333333333,9.888,3.43,0,0
ACC0770,TRIP001,2024-02-06T06:57:49Z,769,0.07033333333333334,-0.20733333333333334,9.855666666666666,3.43,0,0
ACC0771,TRIP001,2024-02-06T06:57:50Z,770,0.027333333333333338,-0.24466666666666667,9.848999999999998,3.42,0,0
ACC0772,TRIP001,2024-02-06T06:57:51Z,771,0.22066666666666665,-0.24533333333333332,9.768999999999998,3.49,0,0
ACC0773,TRIP001,2024-02-06T06:57:52Z,772,0.2713333333333333,0.003333333333333327,9.725,3.5,0,0
ACC0774,TRIP001,2024-02-06T06:57:53Z,773,0.4263333333333333,-0.09400000000000001,9.798333333333334,3.46,0,0
ACC0775,TRIP001,2024-02-06T06:57:54Z,774,0.41133333333333333,0.018333333333333326,9.792666666666667,3.43,0,0
ACC0776,TRIP001,2024-02-06T06:57:55Z,775,0.25366666666666665,0.029333333333333322,9.839333333333334,3.39,0,0
ACC0777,TRIP001,2024-02-06T06:57:56Z,776,0.3193333333333333,0.24466666666666667,9.887,3.42,0,0
ACC0778,TRIP001,2024-02-06T06:57:57Z,777,0.2786666666666667,0.19699999999999998,9.842666666666666,3.42,0,0
ACC0779,TRIP001,2024-02-06T06:57:58Z,778,0.13433333333333333,0.15433333333333332,9.837666666666665,3.41,0,0
ACC0780,TRIP001,2024-02-06T06:57:59Z,779,0.07433333333333332,0.12000000000000001,9.721,3.47,0,0
ACC0781,TRIP001,2024-02-06T06:58:00Z,780,-0.009000000000000008,0.027666666666666673,9.713,3.46,0,0
ACC0782,TRIP001,2024-02-06T06:58:01Z,781,0.245,-0.19366666666666665,9.753,3.42,0,0
ACC0783,TRIP001,2024-02-06T06:58:02Z,782,0.09433333333333334,-0.307,9.815333333333333,3.41,0,0
ACC0784,TRIP001,2024-02-06T06:58:03Z,783,0.40499999999999997,-0.18999999999999997,9.825333333333333,3.4,0,0
ACC0785,TRIP001,2024-02-06T06:58:04Z,784,0.2703333333333333,0.09866666666666667,9.826666666666666,3.38,0,0
ACC0786,TRIP001,2024-02-06T06:58:05Z,785,0.18966666666666665,0.08666666666666667,9.806666666666667,3.44,0,0
ACC0787,TRIP001,2024-02-06T06:58:06Z,786,0.022333333333333327,0.14366666666666666,9.812,3.43,0,0
ACC0788,TRIP001,2024-02-06T06:58:07Z,787,-0.04833333333333334,-0.042333333333333334,9.814,3.29,0,0
ACC0789,TRIP001,2024-02-06T06:58:08Z,788,0.11233333333333334,0.11133333333333333,9.827666666666666,3.39,0,0
ACC0790,TRIP001,2024-02-06T06:58:09Z,789,0.07433333333333335,0.09166666666666667,9.799666666666667,3.45,0,0
ACC0791,TRIP001,2024-02-06T06:58:10Z,790,0.31733333333333336,0.2336666666666667,9.703000000000001,3.43,0,0
ACC0792,TRIP001,2024-02-06T06:58:11Z,791,0.4063333333333334,0.09399999999999999,9.702666666666666,3.49,0,0
ACC0793,TRIP001,2024-02-06T06:58:12Z,792,0.405,0.054,9.729666666666667,3.46,0,0
ACC0794,TRIP001,2024-02-06T06:58:13Z,793,0.20000000000000004,0.038000000000000006,9.764999999999999,3.46,0,0
ACC0795,TRIP001,2024-02-06T06:58:14Z,794,0.10466666666666667,0.00366666666666667,9.728333333333333,3.47,0,0
ACC0796,TRIP001,2024-02-06T06:58:15Z,795,0.211,-0.04933333333333333,9.741333333333332,3.49,0,0
ACC0797,TRIP001,2024-02-06T06:58:16Z,796,0.08999999999999998,-0.10533333333333335,9.811333333333334,3.48,0,0
ACC0798,TRIP001,2024-02-06T06:58:17Z,797,0.014000000000000007,-0.017,9.819,3.52,0,0
ACC0799,TRIP001,2024-02-06T06:58:18Z,798,-0.029666666666666657,-0.018666666666666668,9.849333333333334,3.54,0,0
ACC0800,TRIP001,2024-02-06T06:58:19Z,799,0.24333333333333332,-0.11166666666666668,9.808333333333332,3.46,0,0
ACC0801,TRIP001,2024-02-06T06:58:20Z,800,0.37766666666666665,-0.028000000000000008,9.811333333333332,3.45,0,0
ACC0802,TRIP001,2024-02-06T06:58:21Z,801,0.17800000000000002,0.05399999999999999,9.837333333333332,3.45,0,0
ACC0803,TRIP001,2024-02-06T06:58:22Z,802,-0.01933333333333334,0.09866666666666667,9.886000000000001,3.51,0,0
ACC0804,TRIP001,2024-02-06T06:58:23Z,803,-0.3106666666666667,-0.075,9.785666666666666,3.55,0,0
ACC0805,TRIP001,2024-02-06T06:58:24Z,804,-0.19033333333333333,-0.08933333333333332,9.758333333333333,3.54,0,0
ACC0806,TRIP001,2024-02-06T06:58:25Z,805,-0.10066666666666667,-0.13166666666666668,9.723666666666666,3.58,0,0
ACC0807,TRIP001,2024-02-06T06:58:26Z,806,-0.037000000000000005,-0.142,9.893333333333334,3.61,0,0
ACC0808,TRIP001,2024-02-06T06:58:27Z,807,-0.09799999999999999,-0.25233333333333335,9.840666666666667,3.7,0,0
ACC0809,TRIP001,2024-02-06T06:58:28Z,808,-0.13366666666666666,-0.09666666666666668,9.734,3.65,0,0
ACC0810,TRIP001,2024-02-06T06:58:29Z,809,0.20200000000000004,-0.08566666666666667,9.733333333333334,3.55,0,0
ACC0811,TRIP001,2024-02-06T06:58:30Z,810,0.33466666666666667,-0.09299999999999999,9.714,3.46,0,0
ACC0812,TRIP001,2024-02-06T06:58:31Z,811,0.4346666666666666,-0.2173333333333333,9.76,3.39,0,0
ACC0813,TRIP001,2024-02-06T06:58:32Z,812,0.39699999999999996,-0.135,9.713666666666667,3.42,0,0
ACC0814,TRIP001,2024-02-06T06:58:33Z,813,0.47766666666666663,-0.057333333333333326,9.714,3.46,0,0
ACC0815,TRIP001,2024-02-06T06:58:34Z,814,0.5646666666666667,-0.069,9.804666666666668,3.55,0,0
ACC0816,TRIP001,2024-02-06T06:58:35Z,815,0.401,-0.17433333333333334,9.721000000000002,3.57,0,0
ACC0817,TRIP001,2024-02-06T06:58:36Z,816,0.22699999999999998,-0.04833333333333332,9.7,3.55,0,0
ACC0818,TRIP001,2024-02-06T06:58:37Z,817,0.107,0.08700000000000001,9.760333333333334,3.6,0,0
ACC0819,TRIP001,2024-02-06T06:58:38Z,818,0.12766666666666668,0.05166666666666666,9.797666666666666,3.58,0,0
ACC0820,TRIP001,2024-02-06T06:58:39Z,819,0.20066666666666666,0.879,9.865,3.65,0,0
ACC0821,TRIP001,2024-02-06T06:58:40Z,820,0.09999999999999998,0.0730000000000001,9.679666666666666,2.85,0,0
ACC0822,TRIP001,2024-02-06T06:58:41Z,821,-0.09833333333333334,-0.6379999999999999,9.638333333333334,2.05,0,0
ACC0823,TRIP001,2024-02-06T06:58:42Z,822,-0.17366666666666672,-2.3930000000000002,9.621,1.25,0,0
ACC0824,TRIP001,2024-02-06T06:58:43Z,823,-0.259,-2.499,9.708666666666668,0.45,0,0
ACC0825,TRIP001,2024-02-06T06:58:44Z,824,-0.10466666666666667,-1.6530000000000002,9.785,0.0,0,0
ACC0826,TRIP001,2024-02-06T06:58:45Z,825,-0.12566666666666668,-0.8366666666666666,9.765,0.0,0,0
ACC0827,TRIP001,2024-02-06T06:58:46Z,826,0.06133333333333333,0.09066666666666667,9.845,0.13,0,0
ACC0828,TRIP001,2024-02-06T06:58:47Z,827,-0.08866666666666667,0.024999999999999994,9.773333333333333,0.23,0,0
ACC0829,TRIP001,2024-02-06T06:58:48Z,828,-0.09366666666666668,-0.071,9.869,0.21,0,0
ACC0830,TRIP001,2024-02-06T06:58:49Z,829,-0.18666666666666668,-0.09533333333333333,9.828333333333335,0.27,0,0
ACC0831,TRIP001,2024-02-06T06:58:50Z,830,-0.142,0.11033333333333334,10.002666666666668,0.3,0,0
ACC0832,TRIP001,2024-02-06T06:58:51Z,831,-0.15266666666666664,0.11966666666666666,9.977666666666666,0.28,0,0
ACC0833,TRIP001,2024-02-06T06:58:52Z,832,-0.03366666666666666,0.04633333333333332,9.872,0.28,0,0
ACC0834,TRIP001,2024-02-06T06:58:53Z,833,0.040333333333333325,-0.10666666666666669,9.756333333333332,0.23,0,0
ACC0835,TRIP001,2024-02-06T06:58:54Z,834,0.15433333333333332,0.044333333333333336,9.740333333333334,0.27,0,0
ACC0836,TRIP001,2024-02-06T06:58:55Z,835,0.3203333333333333,0.03966666666666666,9.750333333333332,0.36,0,0
ACC0837,TRIP001,2024-02-06T06:58:56Z,836,0.4406666666666667,0.08333333333333333,9.736666666666666,0.4,0,0
ACC0838,TRIP001,2024-02-06T06:58:57Z,837,0.35733333333333334,0.13666666666666666,9.712,0.35,0,0
ACC0839,TRIP001,2024-02-06T06:58:58Z,838,0.08666666666666667,0.11066666666666668,9.725,0.38,0,0
ACC0840,TRIP001,2024-02-06T06:58:59Z,839,-0.037666666666666675,0.11599999999999999,9.752,0.27,0,0
ACC0841,TRIP001,2024-02-06T06:59:00Z,840,-0.027333333333333334,0.017666666666666667,9.803666666666667,0.23,0,0
ACC0842,TRIP001,2024-02-06T06:59:01Z,841,0.028333333333333335,0.09866666666666667,9.896333333333333,0.19,0,0
ACC0843,TRIP001,2024-02-06T06:59:02Z,842,0.06333333333333334,-0.08033333333333333,9.852333333333334,0.13,0,0
ACC0844,TRIP001,2024-02-06T06:59:03Z,843,0.23966666666666667,-0.11366666666666665,9.790666666666667,0.15,0,0
ACC0845,TRIP001,2024-02-06T06:59:04Z,844,0.10366666666666667,-0.19333333333333333,9.769,0.1,0,0
ACC0846,TRIP001,2024-02-06T06:59:05Z,845,0.11366666666666665,-0.119,9.758666666666668,0.0,0,0
ACC0847,TRIP001,2024-02-06T06:59:06Z,846,-0.1366666666666667,-0.17566666666666667,9.749333333333334,0.01,0,0
ACC0848,TRIP001,2024-02-06T06:59:07Z,847,-0.16433333333333333,-0.17133333333333334,9.661,0.0,0,0
ACC0849,TRIP001,2024-02-06T06:59:08Z,848,-0.152,-0.20333333333333334,9.708,0.04,0,0
ACC0850,TRIP001,2024-02-06T06:59:09Z,849,-0.014999999999999994,-0.016333333333333328,9.697333333333333,0.08,0,0
ACC0851,TRIP001,2024-02-06T06:59:10Z,850,0.11233333333333334,0.041666666666666664,9.711666666666666,0.14,0,0
ACC0852,TRIP001,2024-02-06T06:59:11Z,851,0.30233333333333334,0.24533333333333332,9.731666666666667,0.09,0,0
ACC0853,TRIP001,2024-02-06T06:59:12Z,852,0.266,0.23633333333333337,9.682666666666668,0.13,0,0
ACC0854,TRIP001,2024-02-06T06:59:13Z,853,0.135,0.338,9.832666666666666,0.22,0,0
ACC0855,TRIP001,2024-02-06T06:59:14Z,854,-0.11766666666666668,0.21133333333333335,9.859666666666667,0.15,0,0
ACC0856,TRIP001,2024-02-06T06:59:15Z,855,-0.15466666666666667,0.15033333333333335,9.988,0.04,0,0
ACC0857,TRIP001,2024-02-06T06:59:16Z,856,-0.032,0.016333333333333335,9.852666666666666,0.08,0,0
ACC0858,TRIP001,2024-02-06T06:59:17Z,857,-0.064,0.03333333333333333,9.795,0.2,0,0
ACC0859,TRIP001,2024-02-06T06:59:18Z,858,-0.016333333333333328,-0.04966666666666667,9.757666666666665,0.19,0,0
ACC0860,TRIP001,2024-02-06T06:59:19Z,859,0.10233333333333335,-0.04900000000000001,9.789,0.17,0,0
ACC0861,TRIP001,2024-02-06T06:59:20Z,860,0.39366666666666666,0.05833333333333333,9.745,0.17,0,0
ACC0862,TRIP001,2024-02-06T06:59:21Z,861,0.21566666666666667,0.071,9.736666666666666,0.13,0,0
ACC0863,TRIP001,2024-02-06T06:59:22Z,862,0.17366666666666666,0.061,9.729,0.1,0,0
ACC0864,TRIP001,2024-02-06T06:59:23Z,863,0.04533333333333334,-0.13,9.764666666666667,0.0,0,0
ACC0865,TRIP001,2024-02-06T06:59:24Z,864,0.04466666666666667,-0.038,9.782666666666666,0.03,0,0
ACC0866,TRIP001,2024-02-06T06:59:25Z,865,-0.13066666666666668,-0.09266666666666667,9.789,0.04,0,0
ACC0867,TRIP001,2024-02-06T06:59:26Z,866,-0.25233333333333335,-0.036000000000000004,9.766666666666667,0.02,0,0
ACC0868,TRIP001,2024-02-06T06:59:27Z,867,-0.055333333333333345,-0.164,9.711,0.01,0,0
ACC0869,TRIP001,2024-02-06T06:59:28Z,868,0.03866666666666666,-0.08066666666666666,9.710666666666667,0.01,0,0
ACC0870,TRIP001,2024-02-06T06:59:29Z,869,0.25433333333333336,-0.08633333333333333,9.759333333333332,0.0,0,0
ACC0871,TRIP001,2024-02-06T06:59:30Z,870,0.17400000000000002,-0.04733333333333334,9.749,0.0,0,0
ACC0872,TRIP001,2024-02-06T06:59:31Z,871,0.06433333333333335,0.109,9.755999999999998,0.0,0,0
ACC0873,TRIP001,2024-02-06T06:59:32Z,872,-0.06666666666666667,0.06833333333333333,9.755,0.02,0,0
ACC0874,TRIP001,2024-02-06T06:59:33Z,873,-0.14333333333333334,0.12666666666666668,9.793666666666667,0.0,0,0
ACC0875,TRIP001,2024-02-06T06:59:34Z,874,-0.13333333333333333,0.03166666666666666,9.695,0.0,0,0
ACC0876,TRIP001,2024-02-06T06:59:35Z,875,-0.3433333333333333,0.146,9.718333333333334,0.0,0,0
ACC0877,TRIP001,2024-02-06T06:59:36Z,876,-0.2743333333333334,0.13366666666666666,9.743,0.05,0,0
ACC0878,TRIP001,2024-02-06T06:59:37Z,877,-0.11833333333333335,0.033,9.770666666666665,0.0,0,0
ACC0879,TRIP001,2024-02-06T06:59:38Z,878,0.17800000000000002,0.029666666666666675,9.727,0.0,0,0
ACC0880,TRIP001,2024-02-06T06:59:39Z,879,0.27266666666666667,0.083,9.749,0.0,0,0
ACC0881,TRIP001,2024-02-06T06:59:40Z,880,0.12300000000000001,0.12366666666666666,9.766,0.0,0,0
ACC0882,TRIP001,2024-02-06T06:59:41Z,881,0.004333333333333332,0.026333333333333337,9.788333333333334,0.0,0,0
ACC0883,TRIP001,2024-02-06T06:59:42Z,882,-0.20433333333333334,-0.033,9.777333333333333,0.05,0,0
ACC0884,TRIP001,2024-02-06T06:59:43Z,883,-0.26666666666666666,-0.08566666666666667,9.936333333333332,0.03,0,0
ACC0885,TRIP001,2024-02-06T06:59:44Z,884,-0.3786666666666667,-0.069,9.910666666666666,0.07,0,0
ACC0886,TRIP001,2024-02-06T06:59:45Z,885,-0.19833333333333333,-0.03366666666666667,9.896333333333333,0.07,0,0
ACC0887,TRIP001,2024-02-06T06:59:46Z,886,0.09566666666666666,-0.027,9.809666666666667,0.03,0,0
ACC0888,TRIP001,2024-02-06T06:59:47Z,887,0.2293333333333333,-0.11266666666666668,9.862666666666668,0.12,0,0
ACC0889,TRIP001,2024-02-06T06:59:48Z,888,0.09333333333333334,-0.124,9.859333333333334,0.13,0,0
ACC0890,TRIP001,2024-02-06T06:59:49Z,889,0.021,-0.08333333333333333,9.74,0.08,0,0
ACC0891,TRIP001,2024-02-06T06:59:50Z,890,-0.152,0.05933333333333333,9.637333333333332,0.09,0,0
ACC0892,TRIP001,2024-02-06T06:59:51Z,891,-0.03466666666666667,-0.08233333333333333,9.657333333333334,0.11,0,0
ACC0893,TRIP001,2024-02-06T06:59:52Z,892,-0.20933333333333334,-0.13466666666666668,9.691666666666668,0.16,0,0
ACC0894,TRIP001,2024-02-06T06:59:53Z,893,0.08700000000000001,-0.17133333333333334,9.828666666666667,0.14,0,0
ACC0895,TRIP001,2024-02-06T06:59:54Z,894,0.19366666666666665,-0.11833333333333333,9.781333333333334,0.13,0,0
ACC0896,TRIP001,2024-02-06T06:59:55Z,895,0.4223333333333334,-0.072,9.810666666666668,0.04,0,0
ACC0897,TRIP001,2024-02-06T06:59:56Z,896,0.33666666666666667,-0.05066666666666666,9.691666666666666,0.0,0,0
ACC0898,TRIP001,2024-02-06T06:59:57Z,897,0.21000000000000005,-0.021,9.804,0.06,0,0
ACC0899,TRIP001,2024-02-06T06:59:58Z,898,0.11966666666666666,-0.029333333333333333,9.940333333333333,0.05,0,0
ACC0900,TRIP001,2024-02-06T06:59:59Z,899,0.05450000000000001,-0.0665,10.091999999999999,0.16,0,0