audio_id,trip_id,timestamp,elapsed_seconds,audio_level_db
AUD_TRIP002_00000,TRIP222,2024-02-06T07:15:00Z,0,69
AUD_TRIP002_00001,TRIP222,2024-02-06T07:15:01Z,1,66
AUD_TRIP002_00002,TRIP222,2024-02-06T07:15:02Z,2,67
AUD_TRIP002_00003,TRIP222,2024-02-06T07:15:03Z,3,59
AUD_TRIP002_00004,TRIP222,2024-02-06T07:15:04Z,4,68
AUD_TRIP002_00005,TRIP222,2024-02-06T07:15:05Z,5,64
AUD_TRIP002_00006,TRIP222,2024-02-06T07:15:06Z,6,60
AUD_TRIP002_00007,TRIP222,2024-02-06T07:15:07Z,7,50
AUD_TRIP002_00008,TRIP222,2024-02-06T07:15:08Z,8,62
AUD_TRIP002_00009,TRIP222,2024-02-06T07:15:09Z,9,54
AUD_TRIP002_00010,TRIP222,2024-02-06T07:15:10Z,10,66
AUD_TRIP002_00011,TRIP222,2024-02-06T07:15:11Z,11,62
AUD_TRIP002_00012,TRIP222,2024-02-06T07:15:12Z,12,61
AUD_TRIP002_00013,TRIP222,2024-02-06T07:15:13Z,13,58
AUD_TRIP002_00014,TRIP222,2024-02-06T07:15:14Z,14,50
AUD_TRIP002_00015,TRIP222,2024-02-06T07:15:15Z,15,67
AUD_TRIP002_00016,TRIP222,2024-02-06T07:15:16Z,16,56
AUD_TRIP002_00017,TRIP222,2024-02-06T07:15:17Z,17,63
AUD_TRIP002_00018,TRIP222,2024-02-06T07:15:18Z,18,51
AUD_TRIP002_00019,TRIP222,2024-02-06T07:15:19Z,19,63
AUD_TRIP002_00020,TRIP222,2024-02-06T07:15:20Z,20,68
AUD_TRIP002_00021,TRIP222,2024-02-06T07:15:21Z,21,65
AUD_TRIP002_00022,TRIP222,2024-02-06T07:15:22Z,22,59
AUD_TRIP002_00023,TRIP222,2024-02-06T07:15:23Z,23,60
AUD_TRIP002_00024,TRIP222,2024-02-06T07:15:24Z,24,66
AUD_TRIP002_00025,TRIP222,2024-02-06T07:15:25Z,25,63
AUD_TRIP002_00026,TRIP222,2024-02-06T07:15:26Z,26,52
AUD_TRIP002_00027,TRIP222,2024-02-06T07:15:27Z,27,64
AUD_TRIP002_00028,TRIP222,2024-02-06T07:15:28Z,28,65
AUD_TRIP002_00029,TRIP222,2024-02-06T07:15:29Z,29,63
AUD_TRIP002_00030,TRIP222,2024-02-06T07:15:30Z,30,61
AUD_TRIP002_00031,TRIP222,2024-02-06T07:15:31Z,31,64
AUD_TRIP002_00032,TRIP222,2024-02-06T07:15:32Z,32,53
AUD_TRIP002_00033,TRIP222,2024-02-06T07:15:33Z,33,76
AUD_TRIP002_00034,TRIP222,2024-02-06T07:15:34Z,34,60
AUD_TRIP002_00035,TRIP222,2024-02-06T07:15:35Z,35,62
AUD_TRIP002_00036,TRIP222,2024-02-06T07:15:36Z,36,48
AUD_TRIP002_00037,TRIP222,2024-02-06T07:15:37Z,37,68
AUD_TRIP002_00038,TRIP222,2024-02-06T07:15:38Z,38,64
AUD_TRIP002_00039,TRIP222,2024-02-06T07:15:39Z,39,60
AUD_TRIP002_00040,TRIP222,2024-02-06T07:15:40Z,40,54
AUD_TRIP002_00041,TRIP222,2024-02-06T07:15:41Z,41,48
AUD_TRIP002_00042,TRIP222,2024-02-06T07:15:42Z,42,53
AUD_TRIP002_00043,TRIP222,2024-02-06T07:15:43Z,43,60
AUD_TRIP002_00044,TRIP222,2024-02-06T07:15:44Z,44,69
AUD_TRIP002_00045,TRIP222,2024-02-06T07:15:45Z,45,53
AUD_TRIP002_00046,TRIP222,2024-02-06T07:15:46Z,46,67
AUD_TRIP002_00047,TRIP222,2024-02-06T07:15:47Z,47,62
AUD_TRIP002_00048,TRIP222,2024-02-06T07:15:48Z,48,58
AUD_TRIP002_00049,TRIP222,2024-02-06T07:15:49Z,49,67
AUD_TRIP002_00050,TRIP222,2024-02-06T07:15:50Z,50,54
AUD_TRIP002_00051,TRIP222,2024-02-06T07:15:51Z,51,50
AUD_TRIP002_00052,TRIP222,2024-02-06T07:15:52Z,52,57
AUD_TRIP002_00053,TRIP222,2024-02-06T07:15:53Z,53,65
AUD_TRIP002_00054,TRIP222,2024-02-06T07:15:54Z,54,62
AUD_TRIP002_00055,TRIP222,2024-02-06T07:15:55Z,55,52
AUD_TRIP002_00056,TRIP222,2024-02-06T07:15:56Z,56,59
AUD_TRIP002_00057,TRIP222,2024-02-06T07:15:57Z,57,67
AUD_TRIP002_00058,TRIP222,2024-02-06T07:15:58Z,58,57
AUD_TRIP002_00059,TRIP222,2024-02-06T07:15:59Z,59,68
AUD_TRIP002_00060,TRIP222,2024-02-06T07:16:00Z,60,51
AUD_TRIP002_00061,TRIP222,2024-02-06T07:16:01Z,61,62
AUD_TRIP002_00062,TRIP222,2024-02-06T07:16:02Z,62,51
AUD_TRIP002_00063,TRIP222,2024-02-06T07:16:03Z,63,54
AUD_TRIP002_00064,TRIP222,2024-02-06T07:16:04Z,64,56
AUD_TRIP002_00065,TRIP222,2024-02-06T07:16:05Z,65,57
AUD_TRIP002_00066,TRIP222,2024-02-06T07:16:06Z,66,60
AUD_TRIP002_00067,TRIP222,2024-02-06T07:16:07Z,67,51
AUD_TRIP002_00068,TRIP222,2024-02-06T07:16:08Z,68,61
AUD_TRIP002_00069,TRIP222,2024-02-06T07:16:09Z,69,51
AUD_TRIP002_00070,TRIP222,2024-02-06T07:16:10Z,70,65
AUD_TRIP002_00071,TRIP222,2024-02-06T07:16:11Z,71,67
AUD_TRIP002_00072,TRIP222,2024-02-06T07:16:12Z,72,63
AUD_TRIP002_00073,TRIP222,2024-02-06T07:16:13Z,73,49
AUD_TRIP002_00074,TRIP222,2024-02-06T07:16:14Z,74,59
AUD_TRIP002_00075,TRIP222,2024-02-06T07:16:15Z,75,54
AUD_TRIP002_00076,TRIP222,2024-02-06T07:16:16Z,76,56
AUD_TRIP002_00077,TRIP222,2024-02-06T07:16:17Z,77,57
AUD_TRIP002_00078,TRIP222,2024-02-06T07:16:18Z,78,63
AUD_TRIP002_00079,TRIP222,2024-02-06T07:16:19Z,79,64
AUD_TRIP002_00080,TRIP222,2024-02-06T07:16:20Z,80,61
AUD_TRIP002_00081,TRIP222,2024-02-06T07:16:21Z,81,62
AUD_TRIP002_00082,TRIP222,2024-02-06T07:16:22Z,82,63
AUD_TRIP002_00083,TRIP222,2024-02-06T07:16:23Z,83,50
AUD_TRIP002_00084,TRIP222,2024-02-06T07:16:24Z,84,49
AUD_TRIP002_00085,TRIP222,2024-02-06T07:16:25Z,85,67
AUD_TRIP002_00086,TRIP222,2024-02-06T07:16:26Z,86,66
AUD_TRIP002_00087,TRIP222,2024-02-06T07:16:27Z,87,65
AUD_TRIP002_00088,TRIP222,2024-02-06T07:16:28Z,88,57
AUD_TRIP002_00089,TRIP222,2024-02-06T07:16:29Z,89,51
AUD_TRIP002_00090,TRIP222,2024-02-06T07:16:30Z,90,52
AUD_TRIP002_00091,TRIP222,2024-02-06T07:16:31Z,91,59
AUD_TRIP002_00092,TRIP222,2024-02-06T07:16:32Z,92,64
AUD_TRIP002_00093,TRIP222,2024-02-06T07:16:33Z,93,55
AUD_TRIP002_00094,TRIP222,2024-02-06T07:16:34Z,94,60
AUD_TRIP002_00095,TRIP222,2024-02-06T07:16:35Z,95,51
AUD_TRIP002_00096,TRIP222,2024-02-06T07:16:36Z,96,62
AUD_TRIP002_00097,TRIP222,2024-02-06T07:16:37Z,97,61
AUD_TRIP002_00098,TRIP222,2024-02-06T07:16:38Z,98,63
AUD_TRIP002_00099,TRIP222,2024-02-06T07:16:39Z,99,61
AUD_TRIP002_00100,TRIP222,2024-02-06T07:16:40Z,100,64
AUD_TRIP002_00101,TRIP222,2024-02-06T07:16:41Z,101,62
AUD_TRIP002_00102,TRIP222,2024-02-06T07:16:42Z,102,68
AUD_TRIP002_00103,TRIP222,2024-02-06T07:16:43Z,103,53
AUD_TRIP002_00104,TRIP222,2024-02-06T07:16:44Z,104,62
AUD_TRIP002_00105,TRIP222,2024-02-06T07:16:45Z,105,63
AUD_TRIP002_00106,TRIP222,2024-02-06T07:16:46Z,106,66
AUD_TRIP002_00107,TRIP222,2024-02-06T07:16:47Z,107,66
AUD_TRIP002_00108,TRIP222,2024-02-06T07:16:48Z,108,46
AUD_TRIP002_00109,TRIP222,2024-02-06T07:16:49Z,109,61
AUD_TRIP002_00110,TRIP222,2024-02-06T07:16:50Z,110,50
AUD_TRIP002_00111,TRIP222,2024-02-06T07:16:51Z,111,63
AUD_TRIP002_00112,TRIP222,2024-02-06T07:16:52Z,112,51
AUD_TRIP002_00113,TRIP222,2024-02-06T07:16:53Z,113,50
AUD_TRIP002_00114,TRIP222,2024-02-06T07:16:54Z,114,55
AUD_TRIP002_00115,TRIP222,2024-02-06T07:16:55Z,115,65
AUD_TRIP002_00116,TRIP222,2024-02-06T07:16:56Z,116,66
AUD_TRIP002_00117,TRIP222,2024-02-06T07:16:57Z,117,61
AUD_TRIP002_00118,TRIP222,2024-02-06T07:16:58Z,118,52
AUD_TRIP002_00119,TRIP222,2024-02-06T07:16:59Z,119,50
AUD_TRIP002_00120,TRIP222,2024-02-06T07:17:00Z,120,60
AUD_TRIP002_00121,TRIP222,2024-02-06T07:17:01Z,121,66
AUD_TRIP002_00122,TRIP222,2024-02-06T07:17:02Z,122,52
AUD_TRIP002_00123,TRIP222,2024-02-06T07:17:03Z,123,59
AUD_TRIP002_00124,TRIP222,2024-02-06T07:17:04Z,124,53
AUD_TRIP002_00125,TRIP222,2024-02-06T07:17:05Z,125,68
AUD_TRIP002_00126,TRIP222,2024-02-06T07:17:06Z,126,64
AUD_TRIP002_00127,TRIP222,2024-02-06T07:17:07Z,127,65
AUD_TRIP002_00128,TRIP222,2024-02-06T07:17:08Z,128,65
AUD_TRIP002_00129,TRIP222,2024-02-06T07:17:09Z,129,65
AUD_TRIP002_00130,TRIP222,2024-02-06T07:17:10Z,130,61
AUD_TRIP002_00131,TRIP222,2024-02-06T07:17:11Z,131,67
AUD_TRIP002_00132,TRIP222,2024-02-06T07:17:12Z,132,70
AUD_TRIP002_00133,TRIP222,2024-02-06T07:17:13Z,133,61
AUD_TRIP002_00134,TRIP222,2024-02-06T07:17:14Z,134,61
AUD_TRIP002_00135,TRIP222,2024-02-06T07:17:15Z,135,48
AUD_TRIP002_00136,TRIP222,2024-02-06T07:17:16Z,136,64
AUD_TRIP002_00137,TRIP222,2024-02-06T07:17:17Z,137,62
AUD_TRIP002_00138,TRIP222,2024-02-06T07:17:18Z,138,52
AUD_TRIP002_00139,TRIP222,2024-02-06T07:17:19Z,139,68
AUD_TRIP002_00140,TRIP222,2024-02-06T07:17:20Z,140,63
AUD_TRIP002_00141,TRIP222,2024-02-06T07:17:21Z,141,49
AUD_TRIP002_00142,TRIP222,2024-02-06T07:17:22Z,142,65
AUD_TRIP002_00143,TRIP222,2024-02-06T07:17:23Z,143,62
AUD_TRIP002_00144,TRIP222,2024-02-06T07:17:24Z,144,56
AUD_TRIP002_00145,TRIP222,2024-02-06T07:17:25Z,145,52
AUD_TRIP002_00146,TRIP222,2024-02-06T07:17:26Z,146,54
AUD_TRIP002_00147,TRIP222,2024-02-06T07:17:27Z,147,67
AUD_TRIP002_00148,TRIP222,2024-02-06T07:17:28Z,148,70
AUD_TRIP002_00149,TRIP222,2024-02-06T07:17:29Z,149,72
AUD_TRIP002_00150,TRIP222,2024-02-06T07:17:30Z,150,66
AUD_TRIP002_00151,TRIP222,2024-02-06T07:17:31Z,151,51
AUD_TRIP002_00152,TRIP222,2024-02-06T07:17:32Z,152,66
AUD_TRIP002_00153,TRIP222,2024-02-06T07:17:33Z,153,66
AUD_TRIP002_00154,TRIP222,2024-02-06T07:17:34Z,154,55
AUD_TRIP002_00155,TRIP222,2024-02-06T07:17:35Z,155,67
AUD_TRIP002_00156,TRIP222,2024-02-06T07:17:36Z,156,49
AUD_TRIP002_00157,TRIP222,2024-02-06T07:17:37Z,157,68
AUD_TRIP002_00158,TRIP222,2024-02-06T07:17:38Z,158,66
AUD_TRIP002_00159,TRIP222,2024-02-06T07:17:39Z,159,63
AUD_TRIP002_00160,TRIP222,2024-02-06T07:17:40Z,160,53
AUD_TRIP002_00161,TRIP222,2024-02-06T07:17:41Z,161,57
AUD_TRIP002_00162,TRIP222,2024-02-06T07:17:42Z,162,57
AUD_TRIP002_00163,TRIP222,2024-02-06T07:17:43Z,163,53
AUD_TRIP002_00164,TRIP222,2024-02-06T07:17:44Z,164,65
AUD_TRIP002_00165,TRIP222,2024-02-06T07:17:45Z,165,63
AUD_TRIP002_00166,TRIP222,2024-02-06T07:17:46Z,166,60
AUD_TRIP002_00167,TRIP222,2024-02-06T07:17:47Z,167,51
AUD_TRIP002_00168,TRIP222,2024-02-06T07:17:48Z,168,52
AUD_TRIP002_00169,TRIP222,2024-02-06T07:17:49Z,169,66
AUD_TRIP002_00170,TRIP222,2024-02-06T07:17:50Z,170,49
AUD_TRIP002_00171,TRIP222,2024-02-06T07:17:51Z,171,62
AUD_TRIP002_00172,TRIP222,2024-02-06T07:17:52Z,172,63
AUD_TRIP002_00173,TRIP222,2024-02-06T07:17:53Z,173,48
AUD_TRIP002_00174,TRIP222,2024-02-06T07:17:54Z,174,56
AUD_TRIP002_00175,TRIP222,2024-02-06T07:17:55Z,175,52
AUD_TRIP002_00176,TRIP222,2024-02-06T07:17:56Z,176,61
AUD_TRIP002_00177,TRIP222,2024-02-06T07:17:57Z,177,66
AUD_TRIP002_00178,TRIP222,2024-02-06T07:17:58Z,178,65
AUD_TRIP002_00179,TRIP222,2024-02-06T07:17:59Z,179,53
AUD_TRIP002_00180,TRIP222,2024-02-06T07:18:00Z,180,64
AUD_TRIP002_00181,TRIP222,2024-02-06T07:18:01Z,181,56
AUD_TRIP002_00182,TRIP222,2024-02-06T07:18:02Z,182,65
AUD_TRIP002_00183,TRIP222,2024-02-06T07:18:03Z,183,49
AUD_TRIP002_00184,TRIP222,2024-02-06T07:18:04Z,184,62
AUD_TRIP002_00185,TRIP222,2024-02-06T07:18:05Z,185,69
AUD_TRIP002_00186,TRIP222,2024-02-06T07:18:06Z,186,66
AUD_TRIP002_00187,TRIP222,2024-02-06T07:18:07Z,187,64
AUD_TRIP002_00188,TRIP222,2024-02-06T07:18:08Z,188,70
AUD_TRIP002_00189,TRIP222,2024-02-06T07:18:09Z,189,64
AUD_TRIP002_00190,TRIP222,2024-02-06T07:18:10Z,190,67
AUD_TRIP002_00191,TRIP222,2024-02-06T07:18:11Z,191,61
AUD_TRIP002_00192,TRIP222,2024-02-06T07:18:12Z,192,64
AUD_TRIP002_00193,TRIP222,2024-02-06T07:18:13Z,193,65
AUD_TRIP002_00194,TRIP222,2024-02-06T07:18:14Z,194,50
AUD_TRIP002_00195,TRIP222,2024-02-06T07:18:15Z,195,56
AUD_TRIP002_00196,TRIP222,2024-02-06T07:18:16Z,196,56
AUD_TRIP002_00197,TRIP222,2024-02-06T07:18:17Z,197,59
AUD_TRIP002_00198,TRIP222,2024-02-06T07:18:18Z,198,66
AUD_TRIP002_00199,TRIP222,2024-02-06T07:18:19Z,199,61
AUD_TRIP002_00200,TRIP222,2024-02-06T07:18:20Z,200,63
AUD_TRIP002_00201,TRIP222,2024-02-06T07:18:21Z,201,60
AUD_TRIP002_00202,TRIP222,2024-02-06T07:18:22Z,202,62
AUD_TRIP002_00203,TRIP222,2024-02-06T07:18:23Z,203,64
AUD_TRIP002_00204,TRIP222,2024-02-06T07:18:24Z,204,50
AUD_TRIP002_00205,TRIP222,2024-02-06T07:18:25Z,205,61
AUD_TRIP002_00206,TRIP222,2024-02-06T07:18:26Z,206,62
AUD_TRIP002_00207,TRIP222,2024-02-06T07:18:27Z,207,60
AUD_TRIP002_00208,TRIP222,2024-02-06T07:18:28Z,208,61
AUD_TRIP002_00209,TRIP222,2024-02-06T07:18:29Z,209,64
AUD_TRIP002_00210,TRIP222,2024-02-06T07:18:30Z,210,52
AUD_TRIP002_00211,TRIP222,2024-02-06T07:18:31Z,211,68
AUD_TRIP002_00212,TRIP222,2024-02-06T07:18:32Z,212,71
AUD_TRIP002_00213,TRIP222,2024-02-06T07:18:33Z,213,51
AUD_TRIP002_00214,TRIP222,2024-02-06T07:18:34Z,214,50
AUD_TRIP002_00215,TRIP222,2024-02-06T07:18:35Z,215,61
AUD_TRIP002_00216,TRIP222,2024-02-06T07:18:36Z,216,65
AUD_TRIP002_00217,TRIP222,2024-02-06T07:18:37Z,217,53
AUD_TRIP002_00218,TRIP222,2024-02-06T07:18:38Z,218,48
AUD_TRIP002_00219,TRIP222,2024-02-06T07:18:39Z,219,52
AUD_TRIP002_00220,TRIP222,2024-02-06T07:18:40Z,220,62
AUD_TRIP002_00221,TRIP222,2024-02-06T07:18:41Z,221,68
AUD_TRIP002_00222,TRIP222,2024-02-06T07:18:42Z,222,59
AUD_TRIP002_00223,TRIP222,2024-02-06T07:18:43Z,223,64
AUD_TRIP002_00224,TRIP222,2024-02-06T07:18:44Z,224,59
AUD_TRIP002_00225,TRIP222,2024-02-06T07:18:45Z,225,60
AUD_TRIP002_00226,TRIP222,2024-02-06T07:18:46Z,226,61
AUD_TRIP002_00227,TRIP222,2024-02-06T07:18:47Z,227,53
AUD_TRIP002_00228,TRIP222,2024-02-06T07:18:48Z,228,67
AUD_TRIP002_00229,TRIP222,2024-02-06T07:18:49Z,229,57
AUD_TRIP002_00230,TRIP222,2024-02-06T07:18:50Z,230,57
AUD_TRIP002_00231,TRIP222,2024-02-06T07:18:51Z,231,59
AUD_TRIP002_00232,TRIP222,2024-02-06T07:18:52Z,232,66
AUD_TRIP002_00233,TRIP222,2024-02-06T07:18:53Z,233,59
AUD_TRIP002_00234,TRIP222,2024-02-06T07:18:54Z,234,68
AUD_TRIP002_00235,TRIP222,2024-02-06T07:18:55Z,235,53
AUD_TRIP002_00236,TRIP222,2024-02-06T07:18:56Z,236,51
AUD_TRIP002_00237,TRIP222,2024-02-06T07:18:57Z,237,62
AUD_TRIP002_00238,TRIP222,2024-02-06T07:18:58Z,238,61
AUD_TRIP002_00239,TRIP222,2024-02-06T07:18:59Z,239,63
AUD_TRIP002_00240,TRIP222,2024-02-06T07:19:00Z,240,68
AUD_TRIP002_00241,TRIP222,2024-02-06T07:19:01Z,241,60
AUD_TRIP002_00242,TRIP222,2024-02-06T07:19:02Z,242,51
AUD_TRIP002_00243,TRIP222,2024-02-06T07:19:03Z,243,61
AUD_TRIP002_00244,TRIP222,2024-02-06T07:19:04Z,244,58
AUD_TRIP002_00245,TRIP222,2024-02-06T07:19:05Z,245,68
AUD_TRIP002_00246,TRIP222,2024-02-06T07:19:06Z,246,66
AUD_TRIP002_00247,TRIP222,2024-02-06T07:19:07Z,247,61
AUD_TRIP002_00248,TRIP222,2024-02-06T07:19:08Z,248,52
AUD_TRIP002_00249,TRIP222,2024-02-06T07:19:09Z,249,68
AUD_TRIP002_00250,TRIP222,2024-02-06T07:19:10Z,250,59
AUD_TRIP002_00251,TRIP222,2024-02-06T07:19:11Z,251,63
AUD_TRIP002_00252,TRIP222,2024-02-06T07:19:12Z,252,65
AUD_TRIP002_00253,TRIP222,2024-02-06T07:19:13Z,253,58
AUD_TRIP002_00254,TRIP222,2024-02-06T07:19:14Z,254,60
AUD_TRIP002_00255,TRIP222,2024-02-06T07:19:15Z,255,61
AUD_TRIP002_00256,TRIP222,2024-02-06T07:19:16Z,256,57
AUD_TRIP002_00257,TRIP222,2024-02-06T07:19:17Z,257,62
AUD_TRIP002_00258,TRIP222,2024-02-06T07:19:18Z,258,63
AUD_TRIP002_00259,TRIP222,2024-02-06T07:19:19Z,259,59
AUD_TRIP002_00260,TRIP222,2024-02-06T07:19:20Z,260,67
AUD_TRIP002_00261,TRIP222,2024-02-06T07:19:21Z,261,52
AUD_TRIP002_00262,TRIP222,2024-02-06T07:19:22Z,262,53
AUD_TRIP002_00263,TRIP222,2024-02-06T07:19:23Z,263,64
AUD_TRIP002_00264,TRIP222,2024-02-06T07:19:24Z,264,55
AUD_TRIP002_00265,TRIP222,2024-02-06T07:19:25Z,265,51
AUD_TRIP002_00266,TRIP222,2024-02-06T07:19:26Z,266,51
AUD_TRIP002_00267,TRIP222,2024-02-06T07:19:27Z,267,56
AUD_TRIP002_00268,TRIP222,2024-02-06T07:19:28Z,268,53
AUD_TRIP002_00269,TRIP222,2024-02-06T07:19:29Z,269,62
AUD_TRIP002_00270,TRIP222,2024-02-06T07:19:30Z,270,63
AUD_TRIP002_00271,TRIP222,2024-02-06T07:19:31Z,271,63
AUD_TRIP002_00272,TRIP222,2024-02-06T07:19:32Z,272,62
AUD_TRIP002_00273,TRIP222,2024-02-06T07:19:33Z,273,68
AUD_TRIP002_00274,TRIP222,2024-02-06T07:19:34Z,274,60
AUD_TRIP002_00275,TRIP222,2024-02-06T07:19:35Z,275,58
AUD_TRIP002_00276,TRIP222,2024-02-06T07:19:36Z,276,61
AUD_TRIP002_00277,TRIP222,2024-02-06T07:19:37Z,277,50
AUD_TRIP002_00278,TRIP222,2024-02-06T07:19:38Z,278,61
AUD_TRIP002_00279,TRIP222,2024-02-06T07:19:39Z,279,64
AUD_TRIP002_00280,TRIP222,2024-02-06T07:19:40Z,280,64
AUD_TRIP002_00281,TRIP222,2024-02-06T07:19:41Z,281,66
AUD_TRIP002_00282,TRIP222,2024-02-06T07:19:42Z,282,72
AUD_TRIP002_00283,TRIP222,2024-02-06T07:19:43Z,283,58
AUD_TRIP002_00284,TRIP222,2024-02-06T07:19:44Z,284,62
AUD_TRIP002_00285,TRIP222,2024-02-06T07:19:45Z,285,65
AUD_TRIP002_00286,TRIP222,2024-02-06T07:19:46Z,286,61
AUD_TRIP002_00287,TRIP222,2024-02-06T07:19:47Z,287,52
AUD_TRIP002_00288,TRIP222,2024-02-06T07:19:48Z,288,56
AUD_TRIP002_00289,TRIP222,2024-02-06T07:19:49Z,289,52
AUD_TRIP002_00290,TRIP222,2024-02-06T07:19:50Z,290,72
AUD_TRIP002_00291,TRIP222,2024-02-06T07:19:51Z,291,61
AUD_TRIP002_00292,TRIP222,2024-02-06T07:19:52Z,292,61
AUD_TRIP002_00293,TRIP222,2024-02-06T07:19:53Z,293,66
AUD_TRIP002_00294,TRIP222,2024-02-06T07:19:54Z,294,53
AUD_TRIP002_00295,TRIP222,2024-02-06T07:19:55Z,295,70
AUD_TRIP002_00296,TRIP222,2024-02-06T07:19:56Z,296,69
AUD_TRIP002_00297,TRIP222,2024-02-06T07:19:57Z,297,52
AUD_TRIP002_00298,TRIP222,2024-02-06T07:19:58Z,298,56
AUD_TRIP002_00299,TRIP222,2024-02-06T07:19:59Z,299,48
AUD_TRIP002_00300,TRIP222,2024-02-06T07:20:00Z,300,88
AUD_TRIP002_00301,TRIP222,2024-02-06T07:20:01Z,301,94
AUD_TRIP002_00302,TRIP222,2024-02-06T07:20:02Z,302,89
AUD_TRIP002_00303,TRIP222,2024-02-06T07:20:03Z,303,89
AUD_TRIP002_00304,TRIP222,2024-02-06T07:20:04Z,304,92
AUD_TRIP002_00305,TRIP222,2024-02-06T07:20:05Z,305,89
AUD_TRIP002_00306,TRIP222,2024-02-06T07:20:06Z,306,89
AUD_TRIP002_00307,TRIP222,2024-02-06T07:20:07Z,307,89
AUD_TRIP002_00308,TRIP222,2024-02-06T07:20:08Z,308,85
AUD_TRIP002_00309,TRIP222,2024-02-06T07:20:09Z,309,86
AUD_TRIP002_00310,TRIP222,2024-02-06T07:20:10Z,310,95
AUD_TRIP002_00311,TRIP222,2024-02-06T07:20:11Z,311,82
AUD_TRIP002_00312,TRIP222,2024-02-06T07:20:12Z,312,87
AUD_TRIP002_00313,TRIP222,2024-02-06T07:20:13Z,313,86
AUD_TRIP002_00314,TRIP222,2024-02-06T07:20:14Z,314,91
AUD_TRIP002_00315,TRIP222,2024-02-06T07:20:15Z,315,88
AUD_TRIP002_00316,TRIP222,2024-02-06T07:20:16Z,316,91
AUD_TRIP002_00317,TRIP222,2024-02-06T07:20:17Z,317,86
AUD_TRIP002_00318,TRIP222,2024-02-06T07:20:18Z,318,90
AUD_TRIP002_00319,TRIP222,2024-02-06T07:20:19Z,319,83
AUD_TRIP002_00320,TRIP222,2024-02-06T07:20:20Z,320,85
AUD_TRIP002_00321,TRIP222,2024-02-06T07:20:21Z,321,91
AUD_TRIP002_00322,TRIP222,2024-02-06T07:20:22Z,322,93
AUD_TRIP002_00323,TRIP222,2024-02-06T07:20:23Z,323,99
AUD_TRIP002_00324,TRIP222,2024-02-06T07:20:24Z,324,86
AUD_TRIP002_00325,TRIP222,2024-02-06T07:20:25Z,325,53
AUD_TRIP002_00326,TRIP222,2024-02-06T07:20:26Z,326,62
AUD_TRIP002_00327,TRIP222,2024-02-06T07:20:27Z,327,61
AUD_TRIP002_00328,TRIP222,2024-02-06T07:20:28Z,328,58
AUD_TRIP002_00329,TRIP222,2024-02-06T07:20:29Z,329,51
AUD_TRIP002_00330,TRIP222,2024-02-06T07:20:30Z,330,60
AUD_TRIP002_00331,TRIP222,2024-02-06T07:20:31Z,331,64
AUD_TRIP002_00332,TRIP222,2024-02-06T07:20:32Z,332,62
AUD_TRIP002_00333,TRIP222,2024-02-06T07:20:33Z,333,52
AUD_TRIP002_00334,TRIP222,2024-02-06T07:20:34Z,334,48
AUD_TRIP002_00335,TRIP222,2024-02-06T07:20:35Z,335,51
AUD_TRIP002_00336,TRIP222,2024-02-06T07:20:36Z,336,60
AUD_TRIP002_00337,TRIP222,2024-02-06T07:20:37Z,337,50
AUD_TRIP002_00338,TRIP222,2024-02-06T07:20:38Z,338,65
AUD_TRIP002_00339,TRIP222,2024-02-06T07:20:39Z,339,52
AUD_TRIP002_00340,TRIP222,2024-02-06T07:20:40Z,340,60
AUD_TRIP002_00341,TRIP222,2024-02-06T07:20:41Z,341,54
AUD_TRIP002_00342,TRIP222,2024-02-06T07:20:42Z,342,62
AUD_TRIP002_00343,TRIP222,2024-02-06T07:20:43Z,343,59
AUD_TRIP002_00344,TRIP222,2024-02-06T07:20:44Z,344,50
AUD_TRIP002_00345,TRIP222,2024-02-06T07:20:45Z,345,51
AUD_TRIP002_00346,TRIP222,2024-02-06T07:20:46Z,346,62
AUD_TRIP002_00347,TRIP222,2024-02-06T07:20:47Z,347,49
AUD_TRIP002_00348,TRIP222,2024-02-06T07:20:48Z,348,50
AUD_TRIP002_00349,TRIP222,2024-02-06T07:20:49Z,349,67
AUD_TRIP002_00350,TRIP222,2024-02-06T07:20:50Z,350,50
AUD_TRIP002_00351,TRIP222,2024-02-06T07:20:51Z,351,66
AUD_TRIP002_00352,TRIP222,2024-02-06T07:20:52Z,352,69
AUD_TRIP002_00353,TRIP222,2024-02-06T07:20:53Z,353,60
AUD_TRIP002_00354,TRIP222,2024-02-06T07:20:54Z,354,53
AUD_TRIP002_00355,TRIP222,2024-02-06T07:20:55Z,355,59
AUD_TRIP002_00356,TRIP222,2024-02-06T07:20:56Z,356,64
AUD_TRIP002_00357,TRIP222,2024-02-06T07:20:57Z,357,63
AUD_TRIP002_00358,TRIP222,2024-02-06T07:20:58Z,358,62
AUD_TRIP002_00359,TRIP222,2024-02-06T07:20:59Z,359,61
AUD_TRIP002_00360,TRIP222,2024-02-06T07:21:00Z,360,51
AUD_TRIP002_00361,TRIP222,2024-02-06T07:21:01Z,361,60
AUD_TRIP002_00362,TRIP222,2024-02-06T07:21:02Z,362,60
AUD_TRIP002_00363,TRIP222,2024-02-06T07:21:03Z,363,69
AUD_TRIP002_00364,TRIP222,2024-02-06T07:21:04Z,364,60
AUD_TRIP002_00365,TRIP222,2024-02-06T07:21:05Z,365,55
AUD_TRIP002_00366,TRIP222,2024-02-06T07:21:06Z,366,60
AUD_TRIP002_00367,TRIP222,2024-02-06T07:21:07Z,367,63
AUD_TRIP002_00368,TRIP222,2024-02-06T07:21:08Z,368,54
AUD_TRIP002_00369,TRIP222,2024-02-06T07:21:09Z,369,53
AUD_TRIP002_00370,TRIP222,2024-02-06T07:21:10Z,370,49
AUD_TRIP002_00371,TRIP222,2024-02-06T07:21:11Z,371,50
AUD_TRIP002_00372,TRIP222,2024-02-06T07:21:12Z,372,49
AUD_TRIP002_00373,TRIP222,2024-02-06T07:21:13Z,373,55
AUD_TRIP002_00374,TRIP222,2024-02-06T07:21:14Z,374,62
AUD_TRIP002_00375,TRIP222,2024-02-06T07:21:15Z,375,64
AUD_TRIP002_00376,TRIP222,2024-02-06T07:21:16Z,376,49
AUD_TRIP002_00377,TRIP222,2024-02-06T07:21:17Z,377,67
AUD_TRIP002_00378,TRIP222,2024-02-06T07:21:18Z,378,58
AUD_TRIP002_00379,TRIP222,2024-02-06T07:21:19Z,379,67
AUD_TRIP002_00380,TRIP222,2024-02-06T07:21:20Z,380,51
AUD_TRIP002_00381,TRIP222,2024-02-06T07:21:21Z,381,66
AUD_TRIP002_00382,TRIP222,2024-02-06T07:21:22Z,382,68
AUD_TRIP002_00383,TRIP222,2024-02-06T07:21:23Z,383,61
AUD_TRIP002_00384,TRIP222,2024-02-06T07:21:24Z,384,51
AUD_TRIP002_00385,TRIP222,2024-02-06T07:21:25Z,385,59
AUD_TRIP002_00386,TRIP222,2024-02-06T07:21:26Z,386,67
AUD_TRIP002_00387,TRIP222,2024-02-06T07:21:27Z,387,65
AUD_TRIP002_00388,TRIP222,2024-02-06T07:21:28Z,388,60
AUD_TRIP002_00389,TRIP222,2024-02-06T07:21:29Z,389,56
AUD_TRIP002_00390,TRIP222,2024-02-06T07:21:30Z,390,56
AUD_TRIP002_00391,TRIP222,2024-02-06T07:21:31Z,391,61
AUD_TRIP002_00392,TRIP222,2024-02-06T07:21:32Z,392,57
AUD_TRIP002_00393,TRIP222,2024-02-06T07:21:33Z,393,50
AUD_TRIP002_00394,TRIP222,2024-02-06T07:21:34Z,394,66
AUD_TRIP002_00395,TRIP222,2024-02-06T07:21:35Z,395,71
AUD_TRIP002_00396,TRIP222,2024-02-06T07:21:36Z,396,60
AUD_TRIP002_00397,TRIP222,2024-02-06T07:21:37Z,397,54
AUD_TRIP002_00398,TRIP222,2024-02-06T07:21:38Z,398,62
AUD_TRIP002_00399,TRIP222,2024-02-06T07:21:39Z,399,48
AUD_TRIP002_00400,TRIP222,2024-02-06T07:21:40Z,400,59
AUD_TRIP002_00401,TRIP222,2024-02-06T07:21:41Z,401,51
AUD_TRIP002_00402,TRIP222,2024-02-06T07:21:42Z,402,62
AUD_TRIP002_00403,TRIP222,2024-02-06T07:21:43Z,403,64
AUD_TRIP002_00404,TRIP222,2024-02-06T07:21:44Z,404,67
AUD_TRIP002_00405,TRIP222,2024-02-06T07:21:45Z,405,64
AUD_TRIP002_00406,TRIP222,2024-02-06T07:21:46Z,406,49
AUD_TRIP002_00407,TRIP222,2024-02-06T07:21:47Z,407,63
AUD_TRIP002_00408,TRIP222,2024-02-06T07:21:48Z,408,62
AUD_TRIP002_00409,TRIP222,2024-02-06T07:21:49Z,409,58
AUD_TRIP002_00410,TRIP222,2024-02-06T07:21:50Z,410,68
AUD_TRIP002_00411,TRIP222,2024-02-06T07:21:51Z,411,51
AUD_TRIP002_00412,TRIP222,2024-02-06T07:21:52Z,412,59
AUD_TRIP002_00413,TRIP222,2024-02-06T07:21:53Z,413,60
AUD_TRIP002_00414,TRIP222,2024-02-06T07:21:54Z,414,61
AUD_TRIP002_00415,TRIP222,2024-02-06T07:21:55Z,415,62
AUD_TRIP002_00416,TRIP222,2024-02-06T07:21:56Z,416,58
AUD_TRIP002_00417,TRIP222,2024-02-06T07:21:57Z,417,52
AUD_TRIP002_00418,TRIP222,2024-02-06T07:21:58Z,418,64
AUD_TRIP002_00419,TRIP222,2024-02-06T07:21:59Z,419,51
AUD_TRIP002_00420,TRIP222,2024-02-06T07:22:00Z,420,63
AUD_TRIP002_00421,TRIP222,2024-02-06T07:22:01Z,421,65
AUD_TRIP002_00422,TRIP222,2024-02-06T07:22:02Z,422,64
AUD_TRIP002_00423,TRIP222,2024-02-06T07:22:03Z,423,59
AUD_TRIP002_00424,TRIP222,2024-02-06T07:22:04Z,424,62
AUD_TRIP002_00425,TRIP222,2024-02-06T07:22:05Z,425,66
AUD_TRIP002_00426,TRIP222,2024-02-06T07:22:06Z,426,66
AUD_TRIP002_00427,TRIP222,2024-02-06T07:22:07Z,427,50
AUD_TRIP002_00428,TRIP222,2024-02-06T07:22:08Z,428,58
AUD_TRIP002_00429,TRIP222,2024-02-06T07:22:09Z,429,63
AUD_TRIP002_00430,TRIP222,2024-02-06T07:22:10Z,430,60
AUD_TRIP002_00431,TRIP222,2024-02-06T07:22:11Z,431,62
AUD_TRIP002_00432,TRIP222,2024-02-06T07:22:12Z,432,61
AUD_TRIP002_00433,TRIP222,2024-02-06T07:22:13Z,433,52
AUD_TRIP002_00434,TRIP222,2024-02-06T07:22:14Z,434,51
AUD_TRIP002_00435,TRIP222,2024-02-06T07:22:15Z,435,64
AUD_TRIP002_00436,TRIP222,2024-02-06T07:22:16Z,436,72
AUD_TRIP002_00437,TRIP222,2024-02-06T07:22:17Z,437,57
AUD_TRIP002_00438,TRIP222,2024-02-06T07:22:18Z,438,57
AUD_TRIP002_00439,TRIP222,2024-02-06T07:22:19Z,439,52
AUD_TRIP002_00440,TRIP222,2024-02-06T07:22:20Z,440,52
AUD_TRIP002_00441,TRIP222,2024-02-06T07:22:21Z,441,55
AUD_TRIP002_00442,TRIP222,2024-02-06T07:22:22Z,442,54
AUD_TRIP002_00443,TRIP222,2024-02-06T07:22:23Z,443,64
AUD_TRIP002_00444,TRIP222,2024-02-06T07:22:24Z,444,64
AUD_TRIP002_00445,TRIP222,2024-02-06T07:22:25Z,445,64
AUD_TRIP002_00446,TRIP222,2024-02-06T07:22:26Z,446,57
AUD_TRIP002_00447,TRIP222,2024-02-06T07:22:27Z,447,52
AUD_TRIP002_00448,TRIP222,2024-02-06T07:22:28Z,448,67
AUD_TRIP002_00449,TRIP222,2024-02-06T07:22:29Z,449,58
AUD_TRIP002_00450,TRIP222,2024-02-06T07:22:30Z,450,70
AUD_TRIP002_00451,TRIP222,2024-02-06T07:22:31Z,451,50
AUD_TRIP002_00452,TRIP222,2024-02-06T07:22:32Z,452,62
AUD_TRIP002_00453,TRIP222,2024-02-06T07:22:33Z,453,64
AUD_TRIP002_00454,TRIP222,2024-02-06T07:22:34Z,454,52
AUD_TRIP002_00455,TRIP222,2024-02-06T07:22:35Z,455,57
AUD_TRIP002_00456,TRIP222,2024-02-06T07:22:36Z,456,64
AUD_TRIP002_00457,TRIP222,2024-02-06T07:22:37Z,457,67
AUD_TRIP002_00458,TRIP222,2024-02-06T07:22:38Z,458,67
AUD_TRIP002_00459,TRIP222,2024-02-06T07:22:39Z,459,63
AUD_TRIP002_00460,TRIP222,2024-02-06T07:22:40Z,460,53
AUD_TRIP002_00461,TRIP222,2024-02-06T07:22:41Z,461,51
AUD_TRIP002_00462,TRIP222,2024-02-06T07:22:42Z,462,65
AUD_TRIP002_00463,TRIP222,2024-02-06T07:22:43Z,463,68
AUD_TRIP002_00464,TRIP222,2024-02-06T07:22:44Z,464,56
AUD_TRIP002_00465,TRIP222,2024-02-06T07:22:45Z,465,63
AUD_TRIP002_00466,TRIP222,2024-02-06T07:22:46Z,466,52
AUD_TRIP002_00467,TRIP222,2024-02-06T07:22:47Z,467,59
AUD_TRIP002_00468,TRIP222,2024-02-06T07:22:48Z,468,50
AUD_TRIP002_00469,TRIP222,2024-02-06T07:22:49Z,469,67
AUD_TRIP002_00470,TRIP222,2024-02-06T07:22:50Z,470,54
AUD_TRIP002_00471,TRIP222,2024-02-06T07:22:51Z,471,49
AUD_TRIP002_00472,TRIP222,2024-02-06T07:22:52Z,472,52
AUD_TRIP002_00473,TRIP222,2024-02-06T07:22:53Z,473,51
AUD_TRIP002_00474,TRIP222,2024-02-06T07:22:54Z,474,64
AUD_TRIP002_00475,TRIP222,2024-02-06T07:22:55Z,475,66
AUD_TRIP002_00476,TRIP222,2024-02-06T07:22:56Z,476,52
AUD_TRIP002_00477,TRIP222,2024-02-06T07:22:57Z,477,49
AUD_TRIP002_00478,TRIP222,2024-02-06T07:22:58Z,478,63
AUD_TRIP002_00479,TRIP222,2024-02-06T07:22:59Z,479,66
AUD_TRIP002_00480,TRIP222,2024-02-06T07:23:00Z,480,64
AUD_TRIP002_00481,TRIP222,2024-02-06T07:23:01Z,481,62
AUD_TRIP002_00482,TRIP222,2024-02-06T07:23:02Z,482,51
AUD_TRIP002_00483,TRIP222,2024-02-06T07:23:03Z,483,59
AUD_TRIP002_00484,TRIP222,2024-02-06T07:23:04Z,484,65
AUD_TRIP002_00485,TRIP222,2024-02-06T07:23:05Z,485,51
AUD_TRIP002_00486,TRIP222,2024-02-06T07:23:06Z,486,51
AUD_TRIP002_00487,TRIP222,2024-02-06T07:23:07Z,487,50
AUD_TRIP002_00488,TRIP222,2024-02-06T07:23:08Z,488,68
AUD_TRIP002_00489,TRIP222,2024-02-06T07:23:09Z,489,62
AUD_TRIP002_00490,TRIP222,2024-02-06T07:23:10Z,490,50
AUD_TRIP002_00491,TRIP222,2024-02-06T07:23:11Z,491,66
AUD_TRIP002_00492,TRIP222,2024-02-06T07:23:12Z,492,60
AUD_TRIP002_00493,TRIP222,2024-02-06T07:23:13Z,493,71
AUD_TRIP002_00494,TRIP222,2024-02-06T07:23:14Z,494,69
AUD_TRIP002_00495,TRIP222,2024-02-06T07:23:15Z,495,52
AUD_TRIP002_00496,TRIP222,2024-02-06T07:23:16Z,496,61
AUD_TRIP002_00497,TRIP222,2024-02-06T07:23:17Z,497,61
AUD_TRIP002_00498,TRIP222,2024-02-06T07:23:18Z,498,52
AUD_TRIP002_00499,TRIP222,2024-02-06T07:23:19Z,499,54
AUD_TRIP002_00500,TRIP222,2024-02-06T07:23:20Z,500,62
AUD_TRIP002_00501,TRIP222,2024-02-06T07:23:21Z,501,52
AUD_TRIP002_00502,TRIP222,2024-02-06T07:23:22Z,502,60
AUD_TRIP002_00503,TRIP222,2024-02-06T07:23:23Z,503,53
AUD_TRIP002_00504,TRIP222,2024-02-06T07:23:24Z,504,60
AUD_TRIP002_00505,TRIP222,2024-02-06T07:23:25Z,505,63
AUD_TRIP002_00506,TRIP222,2024-02-06T07:23:26Z,506,60
AUD_TRIP002_00507,TRIP222,2024-02-06T07:23:27Z,507,61
AUD_TRIP002_00508,TRIP222,2024-02-06T07:23:28Z,508,53
AUD_TRIP002_00509,TRIP222,2024-02-06T07:23:29Z,509,67
AUD_TRIP002_00510,TRIP222,2024-02-06T07:23:30Z,510,63
AUD_TRIP002_00511,TRIP222,2024-02-06T07:23:31Z,511,73
AUD_TRIP002_00512,TRIP222,2024-02-06T07:23:32Z,512,63
AUD_TRIP002_00513,TRIP222,2024-02-06T07:23:33Z,513,63
AUD_TRIP002_00514,TRIP222,2024-02-06T07:23:34Z,514,54
AUD_TRIP002_00515,TRIP222,2024-02-06T07:23:35Z,515,51
AUD_TRIP002_00516,TRIP222,2024-02-06T07:23:36Z,516,59
AUD_TRIP002_00517,TRIP222,2024-02-06T07:23:37Z,517,53
AUD_TRIP002_00518,TRIP222,2024-02-06T07:23:38Z,518,51
AUD_TRIP002_00519,TRIP222,2024-02-06T07:23:39Z,519,54
AUD_TRIP002_00520,TRIP222,2024-02-06T07:23:40Z,520,53
AUD_TRIP002_00521,TRIP222,2024-02-06T07:23:41Z,521,64
AUD_TRIP002_00522,TRIP222,2024-02-06T07:23:42Z,522,65
AUD_TRIP002_00523,TRIP222,2024-02-06T07:23:43Z,523,59
AUD_TRIP002_00524,TRIP222,2024-02-06T07:23:44Z,524,49
AUD_TRIP002_00525,TRIP222,2024-02-06T07:23:45Z,525,59
AUD_TRIP002_00526,TRIP222,2024-02-06T07:23:46Z,526,61
AUD_TRIP002_00527,TRIP222,2024-02-06T07:23:47Z,527,55
AUD_TRIP002_00528,TRIP222,2024-02-06T07:23:48Z,528,50
AUD_TRIP002_00529,TRIP222,2024-02-06T07:23:49Z,529,58
AUD_TRIP002_00530,TRIP222,2024-02-06T07:23:50Z,530,49
AUD_TRIP002_00531,TRIP222,2024-02-06T07:23:51Z,531,57
AUD_TRIP002_00532,TRIP222,2024-02-06T07:23:52Z,532,50
AUD_TRIP002_00533,TRIP222,2024-02-06T07:23:53Z,533,66
AUD_TRIP002_00534,TRIP222,2024-02-06T07:23:54Z,534,66
AUD_TRIP002_00535,TRIP222,2024-02-06T07:23:55Z,535,65
AUD_TRIP002_00536,TRIP222,2024-02-06T07:23:56Z,536,75
AUD_TRIP002_00537,TRIP222,2024-02-06T07:23:57Z,537,53
AUD_TRIP002_00538,TRIP222,2024-02-06T07:23:58Z,538,54
AUD_TRIP002_00539,TRIP222,2024-02-06T07:23:59Z,539,68
AUD_TRIP002_00540,TRIP222,2024-02-06T07:24:00Z,540,63
AUD_TRIP002_00541,TRIP222,2024-02-06T07:24:01Z,541,65
AUD_TRIP002_00542,TRIP222,2024-02-06T07:24:02Z,542,61
AUD_TRIP002_00543,TRIP222,2024-02-06T07:24:03Z,543,65
AUD_TRIP002_00544,TRIP222,2024-02-06T07:24:04Z,544,53
AUD_TRIP002_00545,TRIP222,2024-02-06T07:24:05Z,545,52
AUD_TRIP002_00546,TRIP222,2024-02-06T07:24:06Z,546,52
AUD_TRIP002_00547,TRIP222,2024-02-06T07:24:07Z,547,48
AUD_TRIP002_00548,TRIP222,2024-02-06T07:24:08Z,548,54
AUD_TRIP002_00549,TRIP222,2024-02-06T07:24:09Z,549,66
AUD_TRIP002_00550,TRIP222,2024-02-06T07:24:10Z,550,57
AUD_TRIP002_00551,TRIP222,2024-02-06T07:24:11Z,551,55
AUD_TRIP002_00552,TRIP222,2024-02-06T07:24:12Z,552,53
AUD_TRIP002_00553,TRIP222,2024-02-06T07:24:13Z,553,59
AUD_TRIP002_00554,TRIP222,2024-02-06T07:24:14Z,554,56
AUD_TRIP002_00555,TRIP222,2024-02-06T07:24:15Z,555,49
AUD_TRIP002_00556,TRIP222,2024-02-06T07:24:16Z,556,50
AUD_TRIP002_00557,TRIP222,2024-02-06T07:24:17Z,557,69
AUD_TRIP002_00558,TRIP222,2024-02-06T07:24:18Z,558,62
AUD_TRIP002_00559,TRIP222,2024-02-06T07:24:19Z,559,61
AUD_TRIP002_00560,TRIP222,2024-02-06T07:24:20Z,560,63
AUD_TRIP002_00561,TRIP222,2024-02-06T07:24:21Z,561,53
AUD_TRIP002_00562,TRIP222,2024-02-06T07:24:22Z,562,58
AUD_TRIP002_00563,TRIP222,2024-02-06T07:24:23Z,563,70
AUD_TRIP002_00564,TRIP222,2024-02-06T07:24:24Z,564,51
AUD_TRIP002_00565,TRIP222,2024-02-06T07:24:25Z,565,60
AUD_TRIP002_00566,TRIP222,2024-02-06T07:24:26Z,566,61
AUD_TRIP002_00567,TRIP222,2024-02-06T07:24:27Z,567,51
AUD_TRIP002_00568,TRIP222,2024-02-06T07:24:28Z,568,58
AUD_TRIP002_00569,TRIP222,2024-02-06T07:24:29Z,569,54
AUD_TRIP002_00570,TRIP222,2024-02-06T07:24:30Z,570,49
AUD_TRIP002_00571,TRIP222,2024-02-06T07:24:31Z,571,71
AUD_TRIP002_00572,TRIP222,2024-02-06T07:24:32Z,572,70
AUD_TRIP002_00573,TRIP222,2024-02-06T07:24:33Z,573,55
AUD_TRIP002_00574,TRIP222,2024-02-06T07:24:34Z,574,67
AUD_TRIP002_00575,TRIP222,2024-02-06T07:24:35Z,575,55
AUD_TRIP002_00576,TRIP222,2024-02-06T07:24:36Z,576,61
AUD_TRIP002_00577,TRIP222,2024-02-06T07:24:37Z,577,54
AUD_TRIP002_00578,TRIP222,2024-02-06T07:24:38Z,578,51
AUD_TRIP002_00579,TRIP222,2024-02-06T07:24:39Z,579,67
AUD_TRIP002_00580,TRIP222,2024-02-06T07:24:40Z,580,61
AUD_TRIP002_00581,TRIP222,2024-02-06T07:24:41Z,581,51
AUD_TRIP002_00582,TRIP222,2024-02-06T07:24:42Z,582,63
AUD_TRIP002_00583,TRIP222,2024-02-06T07:24:43Z,583,58
AUD_TRIP002_00584,TRIP222,2024-02-06T07:24:44Z,584,64
AUD_TRIP002_00585,TRIP222,2024-02-06T07:24:45Z,585,61
AUD_TRIP002_00586,TRIP222,2024-02-06T07:24:46Z,586,60
AUD_TRIP002_00587,TRIP222,2024-02-06T07:24:47Z,587,51
AUD_TRIP002_00588,TRIP222,2024-02-06T07:24:48Z,588,60
AUD_TRIP002_00589,TRIP222,2024-02-06T07:24:49Z,589,50
AUD_TRIP002_00590,TRIP222,2024-02-06T07:24:50Z,590,58
AUD_TRIP002_00591,TRIP222,2024-02-06T07:24:51Z,591,66
AUD_TRIP002_00592,TRIP222,2024-02-06T07:24:52Z,592,65
AUD_TRIP002_00593,TRIP222,2024-02-06T07:24:53Z,593,65
AUD_TRIP002_00594,TRIP222,2024-02-06T07:24:54Z,594,63
AUD_TRIP002_00595,TRIP222,2024-02-06T07:24:55Z,595,61
AUD_TRIP002_00596,TRIP222,2024-02-06T07:24:56Z,596,49
AUD_TRIP002_00597,TRIP222,2024-02-06T07:24:57Z,597,66
AUD_TRIP002_00598,TRIP222,2024-02-06T07:24:58Z,598,65
AUD_TRIP002_00599,TRIP222,2024-02-06T07:24:59Z,599,60
AUD_TRIP002_00600,TRIP222,2024-02-06T07:25:00Z,600,69
AUD_TRIP002_00601,TRIP222,2024-02-06T07:25:01Z,601,57
AUD_TRIP002_00602,TRIP222,2024-02-06T07:25:02Z,602,54
AUD_TRIP002_00603,TRIP222,2024-02-06T07:25:03Z,603,58
AUD_TRIP002_00604,TRIP222,2024-02-06T07:25:04Z,604,62
AUD_TRIP002_00605,TRIP222,2024-02-06T07:25:05Z,605,54
AUD_TRIP002_00606,TRIP222,2024-02-06T07:25:06Z,606,64
AUD_TRIP002_00607,TRIP222,2024-02-06T07:25:07Z,607,52
AUD_TRIP002_00608,TRIP222,2024-02-06T07:25:08Z,608,57
AUD_TRIP002_00609,TRIP222,2024-02-06T07:25:09Z,609,60
AUD_TRIP002_00610,TRIP222,2024-02-06T07:25:10Z,610,60
AUD_TRIP002_00611,TRIP222,2024-02-06T07:25:11Z,611,68
AUD_TRIP002_00612,TRIP222,2024-02-06T07:25:12Z,612,65
AUD_TRIP002_00613,TRIP222,2024-02-06T07:25:13Z,613,61
AUD_TRIP002_00614,TRIP222,2024-02-06T07:25:14Z,614,67
AUD_TRIP002_00615,TRIP222,2024-02-06T07:25:15Z,615,59
AUD_TRIP002_00616,TRIP222,2024-02-06T07:25:16Z,616,53
AUD_TRIP002_00617,TRIP222,2024-02-06T07:25:17Z,617,64
AUD_TRIP002_00618,TRIP222,2024-02-06T07:25:18Z,618,60
AUD_TRIP002_00619,TRIP222,2024-02-06T07:25:19Z,619,48
AUD_TRIP002_00620,TRIP222,2024-02-06T07:25:20Z,620,52
AUD_TRIP002_00621,TRIP222,2024-02-06T07:25:21Z,621,60
AUD_TRIP002_00622,TRIP222,2024-02-06T07:25:22Z,622,64
AUD_TRIP002_00623,TRIP222,2024-02-06T07:25:23Z,623,63
AUD_TRIP002_00624,TRIP222,2024-02-06T07:25:24Z,624,47
AUD_TRIP002_00625,TRIP222,2024-02-06T07:25:25Z,625,63
AUD_TRIP002_00626,TRIP222,2024-02-06T07:25:26Z,626,62
AUD_TRIP002_00627,TRIP222,2024-02-06T07:25:27Z,627,69
AUD_TRIP002_00628,TRIP222,2024-02-06T07:25:28Z,628,49
AUD_TRIP002_00629,TRIP222,2024-02-06T07:25:29Z,629,48
AUD_TRIP002_00630,TRIP222,2024-02-06T07:25:30Z,630,48
AUD_TRIP002_00631,TRIP222,2024-02-06T07:25:31Z,631,67
AUD_TRIP002_00632,TRIP222,2024-02-06T07:25:32Z,632,59
AUD_TRIP002_00633,TRIP222,2024-02-06T07:25:33Z,633,59
AUD_TRIP002_00634,TRIP222,2024-02-06T07:25:34Z,634,58
AUD_TRIP002_00635,TRIP222,2024-02-06T07:25:35Z,635,61
AUD_TRIP002_00636,TRIP222,2024-02-06T07:25:36Z,636,59
AUD_TRIP002_00637,TRIP222,2024-02-06T07:25:37Z,637,50
AUD_TRIP002_00638,TRIP222,2024-02-06T07:25:38Z,638,66
AUD_TRIP002_00639,TRIP222,2024-02-06T07:25:39Z,639,61
AUD_TRIP002_00640,TRIP222,2024-02-06T07:25:40Z,640,54
AUD_TRIP002_00641,TRIP222,2024-02-06T07:25:41Z,641,55
AUD_TRIP002_00642,TRIP222,2024-02-06T07:25:42Z,642,64
AUD_TRIP002_00643,TRIP222,2024-02-06T07:25:43Z,643,52
AUD_TRIP002_00644,TRIP222,2024-02-06T07:25:44Z,644,53
AUD_TRIP002_00645,TRIP222,2024-02-06T07:25:45Z,645,52
AUD_TRIP002_00646,TRIP222,2024-02-06T07:25:46Z,646,55
AUD_TRIP002_00647,TRIP222,2024-02-06T07:25:47Z,647,51
AUD_TRIP002_00648,TRIP222,2024-02-06T07:25:48Z,648,65
AUD_TRIP002_00649,TRIP222,2024-02-06T07:25:49Z,649,59
AUD_TRIP002_00650,TRIP222,2024-02-06T07:25:50Z,650,64
AUD_TRIP002_00651,TRIP222,2024-02-06T07:25:51Z,651,63
AUD_TRIP002_00652,TRIP222,2024-02-06T07:25:52Z,652,60
AUD_TRIP002_00653,TRIP222,2024-02-06T07:25:53Z,653,61
AUD_TRIP002_00654,TRIP222,2024-02-06T07:25:54Z,654,53
AUD_TRIP002_00655,TRIP222,2024-02-06T07:25:55Z,655,63
AUD_TRIP002_00656,TRIP222,2024-02-06T07:25:56Z,656,73
AUD_TRIP002_00657,TRIP222,2024-02-06T07:25:57Z,657,62
AUD_TRIP002_00658,TRIP222,2024-02-06T07:25:58Z,658,57
AUD_TRIP002_00659,TRIP222,2024-02-06T07:25:59Z,659,64
AUD_TRIP002_00660,TRIP222,2024-02-06T07:26:00Z,660,53
AUD_TRIP002_00661,TRIP222,2024-02-06T07:26:01Z,661,61
AUD_TRIP002_00662,TRIP222,2024-02-06T07:26:02Z,662,64
AUD_TRIP002_00663,TRIP222,2024-02-06T07:26:03Z,663,60
AUD_TRIP002_00664,TRIP222,2024-02-06T07:26:04Z,664,59
AUD_TRIP002_00665,TRIP222,2024-02-06T07:26:05Z,665,67
AUD_TRIP002_00666,TRIP222,2024-02-06T07:26:06Z,666,50
AUD_TRIP002_00667,TRIP222,2024-02-06T07:26:07Z,667,49
AUD_TRIP002_00668,TRIP222,2024-02-06T07:26:08Z,668,49
AUD_TRIP002_00669,TRIP222,2024-02-06T07:26:09Z,669,61
AUD_TRIP002_00670,TRIP222,2024-02-06T07:26:10Z,670,72
AUD_TRIP002_00671,TRIP222,2024-02-06T07:26:11Z,671,52
AUD_TRIP002_00672,TRIP222,2024-02-06T07:26:12Z,672,63
AUD_TRIP002_00673,TRIP222,2024-02-06T07:26:13Z,673,60
AUD_TRIP002_00674,TRIP222,2024-02-06T07:26:14Z,674,61
AUD_TRIP002_00675,TRIP222,2024-02-06T07:26:15Z,675,64
AUD_TRIP002_00676,TRIP222,2024-02-06T07:26:16Z,676,60
AUD_TRIP002_00677,TRIP222,2024-02-06T07:26:17Z,677,67
AUD_TRIP002_00678,TRIP222,2024-02-06T07:26:18Z,678,65
AUD_TRIP002_00679,TRIP222,2024-02-06T07:26:19Z,679,59
AUD_TRIP002_00680,TRIP222,2024-02-06T07:26:20Z,680,50
AUD_TRIP002_00681,TRIP222,2024-02-06T07:26:21Z,681,64
AUD_TRIP002_00682,TRIP222,2024-02-06T07:26:22Z,682,66
AUD_TRIP002_00683,TRIP222,2024-02-06T07:26:23Z,683,51
AUD_TRIP002_00684,TRIP222,2024-02-06T07:26:24Z,684,50
AUD_TRIP002_00685,TRIP222,2024-02-06T07:26:25Z,685,50
AUD_TRIP002_00686,TRIP222,2024-02-06T07:26:26Z,686,61
AUD_TRIP002_00687,TRIP222,2024-02-06T07:26:27Z,687,63
AUD_TRIP002_00688,TRIP222,2024-02-06T07:26:28Z,688,53
AUD_TRIP002_00689,TRIP222,2024-02-06T07:26:29Z,689,56
AUD_TRIP002_00690,TRIP222,2024-02-06T07:26:30Z,690,60
AUD_TRIP002_00691,TRIP222,2024-02-06T07:26:31Z,691,52
AUD_TRIP002_00692,TRIP222,2024-02-06T07:26:32Z,692,51
AUD_TRIP002_00693,TRIP222,2024-02-06T07:26:33Z,693,65
AUD_TRIP002_00694,TRIP222,2024-02-06T07:26:34Z,694,66
AUD_TRIP002_00695,TRIP222,2024-02-06T07:26:35Z,695,62
AUD_TRIP002_00696,TRIP222,2024-02-06T07:26:36Z,696,62
AUD_TRIP002_00697,TRIP222,2024-02-06T07:26:37Z,697,52
AUD_TRIP002_00698,TRIP222,2024-02-06T07:26:38Z,698,56
AUD_TRIP002_00699,TRIP222,2024-02-06T07:26:39Z,699,62
AUD_TRIP002_00700,TRIP222,2024-02-06T07:26:40Z,700,64
AUD_TRIP002_00701,TRIP222,2024-02-06T07:26:41Z,701,63
AUD_TRIP002_00702,TRIP222,2024-02-06T07:26:42Z,702,62
AUD_TRIP002_00703,TRIP222,2024-02-06T07:26:43Z,703,61
AUD_TRIP002_00704,TRIP222,2024-02-06T07:26:44Z,704,65
AUD_TRIP002_00705,TRIP222,2024-02-06T07:26:45Z,705,62
AUD_TRIP002_00706,TRIP222,2024-02-06T07:26:46Z,706,51
AUD_TRIP002_00707,TRIP222,2024-02-06T07:26:47Z,707,64
AUD_TRIP002_00708,TRIP222,2024-02-06T07:26:48Z,708,60
AUD_TRIP002_00709,TRIP222,2024-02-06T07:26:49Z,709,67
AUD_TRIP002_00710,TRIP222,2024-02-06T07:26:50Z,710,66
AUD_TRIP002_00711,TRIP222,2024-02-06T07:26:51Z,711,63
AUD_TRIP002_00712,TRIP222,2024-02-06T07:26:52Z,712,59
AUD_TRIP002_00713,TRIP222,2024-02-06T07:26:53Z,713,51
AUD_TRIP002_00714,TRIP222,2024-02-06T07:26:54Z,714,52
AUD_TRIP002_00715,TRIP222,2024-02-06T07:26:55Z,715,59
AUD_TRIP002_00716,TRIP222,2024-02-06T07:26:56Z,716,60
AUD_TRIP002_00717,TRIP222,2024-02-06T07:26:57Z,717,51
AUD_TRIP002_00718,TRIP222,2024-02-06T07:26:58Z,718,63
AUD_TRIP002_00719,TRIP222,2024-02-06T07:26:59Z,719,53
AUD_TRIP002_00720,TRIP222,2024-02-06T07:27:00Z,720,69
AUD_TRIP002_00721,TRIP222,2024-02-06T07:27:01Z,721,60
AUD_TRIP002_00722,TRIP222,2024-02-06T07:27:02Z,722,70
AUD_TRIP002_00723,TRIP222,2024-02-06T07:27:03Z,723,60
AUD_TRIP002_00724,TRIP222,2024-02-06T07:27:04Z,724,50
AUD_TRIP002_00725,TRIP222,2024-02-06T07:27:05Z,725,65
AUD_TRIP002_00726,TRIP222,2024-02-06T07:27:06Z,726,60
AUD_TRIP002_00727,TRIP222,2024-02-06T07:27:07Z,727,60
AUD_TRIP002_00728,TRIP222,2024-02-06T07:27:08Z,728,65
AUD_TRIP002_00729,TRIP222,2024-02-06T07:27:09Z,729,58
AUD_TRIP002_00730,TRIP222,2024-02-06T07:27:10Z,730,53
AUD_TRIP002_00731,TRIP222,2024-02-06T07:27:11Z,731,52
AUD_TRIP002_00732,TRIP222,2024-02-06T07:27:12Z,732,51
AUD_TRIP002_00733,TRIP222,2024-02-06T07:27:13Z,733,54
AUD_TRIP002_00734,TRIP222,2024-02-06T07:27:14Z,734,70
AUD_TRIP002_00735,TRIP222,2024-02-06T07:27:15Z,735,61
AUD_TRIP002_00736,TRIP222,2024-02-06T07:27:16Z,736,68
AUD_TRIP002_00737,TRIP222,2024-02-06T07:27:17Z,737,50
AUD_TRIP002_00738,TRIP222,2024-02-06T07:27:18Z,738,58
AUD_TRIP002_00739,TRIP222,2024-02-06T07:27:19Z,739,72
AUD_TRIP002_00740,TRIP222,2024-02-06T07:27:20Z,740,57
AUD_TRIP002_00741,TRIP222,2024-02-06T07:27:21Z,741,68
AUD_TRIP002_00742,TRIP222,2024-02-06T07:27:22Z,742,62
AUD_TRIP002_00743,TRIP222,2024-02-06T07:27:23Z,743,62
AUD_TRIP002_00744,TRIP222,2024-02-06T07:27:24Z,744,51
AUD_TRIP002_00745,TRIP222,2024-02-06T07:27:25Z,745,65
AUD_TRIP002_00746,TRIP222,2024-02-06T07:27:26Z,746,60
AUD_TRIP002_00747,TRIP222,2024-02-06T07:27:27Z,747,55
AUD_TRIP002_00748,TRIP222,2024-02-06T07:27:28Z,748,56
AUD_TRIP002_00749,TRIP222,2024-02-06T07:27:29Z,749,61
AUD_TRIP002_00750,TRIP222,2024-02-06T07:27:30Z,750,65
AUD_TRIP002_00751,TRIP222,2024-02-06T07:27:31Z,751,67
AUD_TRIP002_00752,TRIP222,2024-02-06T07:27:32Z,752,67
AUD_TRIP002_00753,TRIP222,2024-02-06T07:27:33Z,753,59
AUD_TRIP002_00754,TRIP222,2024-02-06T07:27:34Z,754,50
AUD_TRIP002_00755,TRIP222,2024-02-06T07:27:35Z,755,62
AUD_TRIP002_00756,TRIP222,2024-02-06T07:27:36Z,756,60
AUD_TRIP002_00757,TRIP222,2024-02-06T07:27:37Z,757,59
AUD_TRIP002_00758,TRIP222,2024-02-06T07:27:38Z,758,56
AUD_TRIP002_00759,TRIP222,2024-02-06T07:27:39Z,759,69
AUD_TRIP002_00760,TRIP222,2024-02-06T07:27:40Z,760,58
AUD_TRIP002_00761,TRIP222,2024-02-06T07:27:41Z,761,52
AUD_TRIP002_00762,TRIP222,2024-02-06T07:27:42Z,762,64
AUD_TRIP002_00763,TRIP222,2024-02-06T07:27:43Z,763,51
AUD_TRIP002_00764,TRIP222,2024-02-06T07:27:44Z,764,59
AUD_TRIP002_00765,TRIP222,2024-02-06T07:27:45Z,765,55
AUD_TRIP002_00766,TRIP222,2024-02-06T07:27:46Z,766,66
AUD_TRIP002_00767,TRIP222,2024-02-06T07:27:47Z,767,53
AUD_TRIP002_00768,TRIP222,2024-02-06T07:27:48Z,768,63
AUD_TRIP002_00769,TRIP222,2024-02-06T07:27:49Z,769,59
AUD_TRIP002_00770,TRIP222,2024-02-06T07:27:50Z,770,66
AUD_TRIP002_00771,TRIP222,2024-02-06T07:27:51Z,771,57
AUD_TRIP002_00772,TRIP222,2024-02-06T07:27:52Z,772,49
AUD_TRIP002_00773,TRIP222,2024-02-06T07:27:53Z,773,63
AUD_TRIP002_00774,TRIP222,2024-02-06T07:27:54Z,774,61
AUD_TRIP002_00775,TRIP222,2024-02-06T07:27:55Z,775,62
AUD_TRIP002_00776,TRIP222,2024-02-06T07:27:56Z,776,61
AUD_TRIP002_00777,TRIP222,2024-02-06T07:27:57Z,777,56
AUD_TRIP002_00778,TRIP222,2024-02-06T07:27:58Z,778,49
AUD_TRIP002_00779,TRIP222,2024-02-06T07:27:59Z,779,51
AUD_TRIP002_00780,TRIP222,2024-02-06T07:28:00Z,780,60
AUD_TRIP002_00781,TRIP222,2024-02-06T07:28:01Z,781,63
AUD_TRIP002_00782,TRIP222,2024-02-06T07:28:02Z,782,61
AUD_TRIP002_00783,TRIP222,2024-02-06T07:28:03Z,783,51
AUD_TRIP002_00784,TRIP222,2024-02-06T07:28:04Z,784,59
AUD_TRIP002_00785,TRIP222,2024-02-06T07:28:05Z,785,52
AUD_TRIP002_00786,TRIP222,2024-02-06T07:28:06Z,786,67
AUD_TRIP002_00787,TRIP222,2024-02-06T07:28:07Z,787,69
AUD_TRIP002_00788,TRIP222,2024-02-06T07:28:08Z,788,50
AUD_TRIP002_00789,TRIP222,2024-02-06T07:28:09Z,789,54
AUD_TRIP002_00790,TRIP222,2024-02-06T07:28:10Z,790,51
AUD_TRIP002_00791,TRIP222,2024-02-06T07:28:11Z,791,65
AUD_TRIP002_00792,TRIP222,2024-02-06T07:28:12Z,792,62
AUD_TRIP002_00793,TRIP222,2024-02-06T07:28:13Z,793,54
AUD_TRIP002_00794,TRIP222,2024-02-06T07:28:14Z,794,60
AUD_TRIP002_00795,TRIP222,2024-02-06T07:28:15Z,795,53
AUD_TRIP002_00796,TRIP222,2024-02-06T07:28:16Z,796,62
AUD_TRIP002_00797,TRIP222,2024-02-06T07:28:17Z,797,47
AUD_TRIP002_00798,TRIP222,2024-02-06T07:28:18Z,798,58
AUD_TRIP002_00799,TRIP222,2024-02-06T07:28:19Z,799,51
AUD_TRIP002_00800,TRIP222,2024-02-06T07:28:20Z,800,49
AUD_TRIP002_00801,TRIP222,2024-02-06T07:28:21Z,801,50
AUD_TRIP002_00802,TRIP222,2024-02-06T07:28:22Z,802,67
AUD_TRIP002_00803,TRIP222,2024-02-06T07:28:23Z,803,52
AUD_TRIP002_00804,TRIP222,2024-02-06T07:28:24Z,804,60
AUD_TRIP002_00805,TRIP222,2024-02-06T07:28:25Z,805,57
AUD_TRIP002_00806,TRIP222,2024-02-06T07:28:26Z,806,63
AUD_TRIP002_00807,TRIP222,2024-02-06T07:28:27Z,807,52
AUD_TRIP002_00808,TRIP222,2024-02-06T07:28:28Z,808,60
AUD_TRIP002_00809,TRIP222,2024-02-06T07:28:29Z,809,65
AUD_TRIP002_00810,TRIP222,2024-02-06T07:28:30Z,810,59
AUD_TRIP002_00811,TRIP222,2024-02-06T07:28:31Z,811,65
AUD_TRIP002_00812,TRIP222,2024-02-06T07:28:32Z,812,61
AUD_TRIP002_00813,TRIP222,2024-02-06T07:28:33Z,813,51
AUD_TRIP002_00814,TRIP222,2024-02-06T07:28:34Z,814,63
AUD_TRIP002_00815,TRIP222,2024-02-06T07:28:35Z,815,68
AUD_TRIP002_00816,TRIP222,2024-02-06T07:28:36Z,816,49
AUD_TRIP002_00817,TRIP222,2024-02-06T07:28:37Z,817,51
AUD_TRIP002_00818,TRIP222,2024-02-06T07:28:38Z,818,51
AUD_TRIP002_00819,TRIP222,2024-02-06T07:28:39Z,819,66
AUD_TRIP002_00820,TRIP222,2024-02-06T07:28:40Z,820,58
AUD_TRIP002_00821,TRIP222,2024-02-06T07:28:41Z,821,64
AUD_TRIP002_00822,TRIP222,2024-02-06T07:28:42Z,822,64
AUD_TRIP002_00823,TRIP222,2024-02-06T07:28:43Z,823,51
AUD_TRIP002_00824,TRIP222,2024-02-06T07:28:44Z,824,52
AUD_TRIP002_00825,TRIP222,2024-02-06T07:28:45Z,825,51
AUD_TRIP002_00826,TRIP222,2024-02-06T07:28:46Z,826,72
AUD_TRIP002_00827,TRIP222,2024-02-06T07:28:47Z,827,63
AUD_TRIP002_00828,TRIP222,2024-02-06T07:28:48Z,828,52
AUD_TRIP002_00829,TRIP222,2024-02-06T07:28:49Z,829,63
AUD_TRIP002_00830,TRIP222,2024-02-06T07:28:50Z,830,52
AUD_TRIP002_00831,TRIP222,2024-02-06T07:28:51Z,831,64
AUD_TRIP002_00832,TRIP222,2024-02-06T07:28:52Z,832,53
AUD_TRIP002_00833,TRIP222,2024-02-06T07:28:53Z,833,61
AUD_TRIP002_00834,TRIP222,2024-02-06T07:28:54Z,834,70
AUD_TRIP002_00835,TRIP222,2024-02-06T07:28:55Z,835,54
AUD_TRIP002_00836,TRIP222,2024-02-06T07:28:56Z,836,52
AUD_TRIP002_00837,TRIP222,2024-02-06T07:28:57Z,837,62
AUD_TRIP002_00838,TRIP222,2024-02-06T07:28:58Z,838,50
AUD_TRIP002_00839,TRIP222,2024-02-06T07:28:59Z,839,57
AUD_TRIP002_00840,TRIP222,2024-02-06T07:29:00Z,840,61
AUD_TRIP002_00841,TRIP222,2024-02-06T07:29:01Z,841,62
AUD_TRIP002_00842,TRIP222,2024-02-06T07:29:02Z,842,59
AUD_TRIP002_00843,TRIP222,2024-02-06T07:29:03Z,843,50
AUD_TRIP002_00844,TRIP222,2024-02-06T07:29:04Z,844,55
AUD_TRIP002_00845,TRIP222,2024-02-06T07:29:05Z,845,62
AUD_TRIP002_00846,TRIP222,2024-02-06T07:29:06Z,846,62
AUD_TRIP002_00847,TRIP222,2024-02-06T07:29:07Z,847,52
AUD_TRIP002_00848,TRIP222,2024-02-06T07:29:08Z,848,60
AUD_TRIP002_00849,TRIP222,2024-02-06T07:29:09Z,849,53
AUD_TRIP002_00850,TRIP222,2024-02-06T07:29:10Z,850,50
AUD_TRIP002_00851,TRIP222,2024-02-06T07:29:11Z,851,66
AUD_TRIP002_00852,TRIP222,2024-02-06T07:29:12Z,852,64
AUD_TRIP002_00853,TRIP222,2024-02-06T07:29:13Z,853,66
AUD_TRIP002_00854,TRIP222,2024-02-06T07:29:14Z,854,64
AUD_TRIP002_00855,TRIP222,2024-02-06T07:29:15Z,855,67
AUD_TRIP002_00856,TRIP222,2024-02-06T07:29:16Z,856,52
AUD_TRIP002_00857,TRIP222,2024-02-06T07:29:17Z,857,62
AUD_TRIP002_00858,TRIP222,2024-02-06T07:29:18Z,858,60
AUD_TRIP002_00859,TRIP222,2024-02-06T07:29:19Z,859,64
AUD_TRIP002_00860,TRIP222,2024-02-06T07:29:20Z,860,59
AUD_TRIP002_00861,TRIP222,2024-02-06T07:29:21Z,861,61
AUD_TRIP002_00862,TRIP222,2024-02-06T07:29:22Z,862,51
AUD_TRIP002_00863,TRIP222,2024-02-06T07:29:23Z,863,53
AUD_TRIP002_00864,TRIP222,2024-02-06T07:29:24Z,864,61
AUD_TRIP002_00865,TRIP222,2024-02-06T07:29:25Z,865,68
AUD_TRIP002_00866,TRIP222,2024-02-06T07:29:26Z,866,51
AUD_TRIP002_00867,TRIP222,2024-02-06T07:29:27Z,867,63
AUD_TRIP002_00868,TRIP222,2024-02-06T07:29:28Z,868,50
AUD_TRIP002_00869,TRIP222,2024-02-06T07:29:29Z,869,62
AUD_TRIP002_00870,TRIP222,2024-02-06T07:29:30Z,870,55
AUD_TRIP002_00871,TRIP222,2024-02-06T07:29:31Z,871,49
AUD_TRIP002_00872,TRIP222,2024-02-06T07:29:32Z,872,67
AUD_TRIP002_00873,TRIP222,2024-02-06T07:29:33Z,873,60
AUD_TRIP002_00874,TRIP222,2024-02-06T07:29:34Z,874,67
AUD_TRIP002_00875,TRIP222,2024-02-06T07:29:35Z,875,53
AUD_TRIP002_00876,TRIP222,2024-02-06T07:29:36Z,876,65
AUD_TRIP002_00877,TRIP222,2024-02-06T07:29:37Z,877,64
AUD_TRIP002_00878,TRIP222,2024-02-06T07:29:38Z,878,49
AUD_TRIP002_00879,TRIP222,2024-02-06T07:29:39Z,879,66
AUD_TRIP002_00880,TRIP222,2024-02-06T07:29:40Z,880,60
AUD_TRIP002_00881,TRIP222,2024-02-06T07:29:41Z,881,57
AUD_TRIP002_00882,TRIP222,2024-02-06T07:29:42Z,882,51
AUD_TRIP002_00883,TRIP222,2024-02-06T07:29:43Z,883,60
AUD_TRIP002_00884,TRIP222,2024-02-06T07:29:44Z,884,66
AUD_TRIP002_00885,TRIP222,2024-02-06T07:29:45Z,885,65
AUD_TRIP002_00886,TRIP222,2024-02-06T07:29:46Z,886,63
AUD_TRIP002_00887,TRIP222,2024-02-06T07:29:47Z,887,67
AUD_TRIP002_00888,TRIP222,2024-02-06T07:29:48Z,888,66
AUD_TRIP002_00889,TRIP222,2024-02-06T07:29:49Z,889,60
AUD_TRIP002_00890,TRIP222,2024-02-06T07:29:50Z,890,65
AUD_TRIP002_00891,TRIP222,2024-02-06T07:29:51Z,891,63
AUD_TRIP002_00892,TRIP222,2024-02-06T07:29:52Z,892,63
AUD_TRIP002_00893,TRIP222,2024-02-06T07:29:53Z,893,59
AUD_TRIP002_00894,TRIP222,2024-02-06T07:29:54Z,894,64
AUD_TRIP002_00895,TRIP222,2024-02-06T07:29:55Z,895,59
AUD_TRIP002_00896,TRIP222,2024-02-06T07:29:56Z,896,56
AUD_TRIP002_00897,TRIP222,2024-02-06T07:29:57Z,897,61
AUD_TRIP002_00898,TRIP222,2024-02-06T07:29:58Z,898,61
AUD_TRIP002_00899,TRIP222,2024-02-06T07:29:59Z,899,61
AUD_TRIP002_00900,TRIP222,2024-02-06T07:30:00Z,900,69
AUD_TRIP002_00901,TRIP222,2024-02-06T07:30:01Z,901,68
AUD_TRIP002_00902,TRIP222,2024-02-06T07:30:02Z,902,54
AUD_TRIP002_00903,TRIP222,2024-02-06T07:30:03Z,903,53
AUD_TRIP002_00904,TRIP222,2024-02-06T07:30:04Z,904,64
AUD_TRIP002_00905,TRIP222,2024-02-06T07:30:05Z,905,58
AUD_TRIP002_00906,TRIP222,2024-02-06T07:30:06Z,906,56
AUD_TRIP002_00907,TRIP222,2024-02-06T07:30:07Z,907,62
AUD_TRIP002_00908,TRIP222,2024-02-06T07:30:08Z,908,66
AUD_TRIP002_00909,TRIP222,2024-02-06T07:30:09Z,909,69
AUD_TRIP002_00910,TRIP222,2024-02-06T07:30:10Z,910,51
AUD_TRIP002_00911,TRIP222,2024-02-06T07:30:11Z,911,61
AUD_TRIP002_00912,TRIP222,2024-02-06T07:30:12Z,912,65
AUD_TRIP002_00913,TRIP222,2024-02-06T07:30:13Z,913,55
AUD_TRIP002_00914,TRIP222,2024-02-06T07:30:14Z,914,59
AUD_TRIP002_00915,TRIP222,2024-02-06T07:30:15Z,915,62
AUD_TRIP002_00916,TRIP222,2024-02-06T07:30:16Z,916,67
AUD_TRIP002_00917,TRIP222,2024-02-06T07:30:17Z,917,66
AUD_TRIP002_00918,TRIP222,2024-02-06T07:30:18Z,918,61
AUD_TRIP002_00919,TRIP222,2024-02-06T07:30:19Z,919,64
AUD_TRIP002_00920,TRIP222,2024-02-06T07:30:20Z,920,50
AUD_TRIP002_00921,TRIP222,2024-02-06T07:30:21Z,921,53
AUD_TRIP002_00922,TRIP222,2024-02-06T07:30:22Z,922,56
AUD_TRIP002_00923,TRIP222,2024-02-06T07:30:23Z,923,62
AUD_TRIP002_00924,TRIP222,2024-02-06T07:30:24Z,924,67
AUD_TRIP002_00925,TRIP222,2024-02-06T07:30:25Z,925,63
AUD_TRIP002_00926,TRIP222,2024-02-06T07:30:26Z,926,52
AUD_TRIP002_00927,TRIP222,2024-02-06T07:30:27Z,927,70
AUD_TRIP002_00928,TRIP222,2024-02-06T07:30:28Z,928,59
AUD_TRIP002_00929,TRIP222,2024-02-06T07:30:29Z,929,50
AUD_TRIP002_00930,TRIP222,2024-02-06T07:30:30Z,930,49
AUD_TRIP002_00931,TRIP222,2024-02-06T07:30:31Z,931,58
AUD_TRIP002_00932,TRIP222,2024-02-06T07:30:32Z,932,59
AUD_TRIP002_00933,TRIP222,2024-02-06T07:30:33Z,933,68
AUD_TRIP002_00934,TRIP222,2024-02-06T07:30:34Z,934,49
AUD_TRIP002_00935,TRIP222,2024-02-06T07:30:35Z,935,62
AUD_TRIP002_00936,TRIP222,2024-02-06T07:30:36Z,936,57
AUD_TRIP002_00937,TRIP222,2024-02-06T07:30:37Z,937,64
AUD_TRIP002_00938,TRIP222,2024-02-06T07:30:38Z,938,58
AUD_TRIP002_00939,TRIP222,2024-02-06T07:30:39Z,939,91
AUD_TRIP002_00940,TRIP222,2024-02-06T07:30:40Z,940,86
AUD_TRIP002_00941,TRIP222,2024-02-06T07:30:41Z,941,81
AUD_TRIP002_00942,TRIP222,2024-02-06T07:30:42Z,942,81
AUD_TRIP002_00943,TRIP222,2024-02-06T07:30:43Z,943,82
AUD_TRIP002_00944,TRIP222,2024-02-06T07:30:44Z,944,97
AUD_TRIP002_00945,TRIP222,2024-02-06T07:30:45Z,945,89
AUD_TRIP002_00946,TRIP222,2024-02-06T07:30:46Z,946,88
AUD_TRIP002_00947,TRIP222,2024-02-06T07:30:47Z,947,90
AUD_TRIP002_00948,TRIP222,2024-02-06T07:30:48Z,948,92
AUD_TRIP002_00949,TRIP222,2024-02-06T07:30:49Z,949,87
AUD_TRIP002_00950,TRIP222,2024-02-06T07:30:50Z,950,91
AUD_TRIP002_00951,TRIP222,2024-02-06T07:30:51Z,951,87
AUD_TRIP002_00952,TRIP222,2024-02-06T07:30:52Z,952,93
AUD_TRIP002_00953,TRIP222,2024-02-06T07:30:53Z,953,83
AUD_TRIP002_00954,TRIP222,2024-02-06T07:30:54Z,954,88
AUD_TRIP002_00955,TRIP222,2024-02-06T07:30:55Z,955,92
AUD_TRIP002_00956,TRIP222,2024-02-06T07:30:56Z,956,82
AUD_TRIP002_00957,TRIP222,2024-02-06T07:30:57Z,957,91
AUD_TRIP002_00958,TRIP222,2024-02-06T07:30:58Z,958,86
AUD_TRIP002_00959,TRIP222,2024-02-06T07:30:59Z,959,89
AUD_TRIP002_00960,TRIP222,2024-02-06T07:31:00Z,960,80
AUD_TRIP002_00961,TRIP222,2024-02-06T07:31:01Z,961,87
AUD_TRIP002_00962,TRIP222,2024-02-06T07:31:02Z,962,85
AUD_TRIP002_00963,TRIP222,2024-02-06T07:31:03Z,963,89
AUD_TRIP002_00964,TRIP222,2024-02-06T07:31:04Z,964,80
AUD_TRIP002_00965,TRIP222,2024-02-06T07:31:05Z,965,94
AUD_TRIP002_00966,TRIP222,2024-02-06T07:31:06Z,966,79
AUD_TRIP002_00967,TRIP222,2024-02-06T07:31:07Z,967,92
AUD_TRIP002_00968,TRIP222,2024-02-06T07:31:08Z,968,84
AUD_TRIP002_00969,TRIP222,2024-02-06T07:31:09Z,969,80
AUD_TRIP002_00970,TRIP222,2024-02-06T07:31:10Z,970,85
AUD_TRIP002_00971,TRIP222,2024-02-06T07:31:11Z,971,84
AUD_TRIP002_00972,TRIP222,2024-02-06T07:31:12Z,972,97
AUD_TRIP002_00973,TRIP222,2024-02-06T07:31:13Z,973,90
AUD_TRIP002_00974,TRIP222,2024-02-06T07:31:14Z,974,90
AUD_TRIP002_00975,TRIP222,2024-02-06T07:31:15Z,975,90
AUD_TRIP002_00976,TRIP222,2024-02-06T07:31:16Z,976,78
AUD_TRIP002_00977,TRIP222,2024-02-06T07:31:17Z,977,92
AUD_TRIP002_00978,TRIP222,2024-02-06T07:31:18Z,978,84
AUD_TRIP002_00979,TRIP222,2024-02-06T07:31:19Z,979,87
AUD_TRIP002_00980,TRIP222,2024-02-06T07:31:20Z,980,81
AUD_TRIP002_00981,TRIP222,2024-02-06T07:31:21Z,981,49
AUD_TRIP002_00982,TRIP222,2024-02-06T07:31:22Z,982,50
AUD_TRIP002_00983,TRIP222,2024-02-06T07:31:23Z,983,59
AUD_TRIP002_00984,TRIP222,2024-02-06T07:31:24Z,984,66
AUD_TRIP002_00985,TRIP222,2024-02-06T07:31:25Z,985,84
AUD_TRIP002_00986,TRIP222,2024-02-06T07:31:26Z,986,85
AUD_TRIP002_00987,TRIP222,2024-02-06T07:31:27Z,987,80
AUD_TRIP002_00988,TRIP222,2024-02-06T07:31:28Z,988,86
AUD_TRIP002_00989,TRIP222,2024-02-06T07:31:29Z,989,79
AUD_TRIP002_00990,TRIP222,2024-02-06T07:31:30Z,990,83
AUD_TRIP002_00991,TRIP222,2024-02-06T07:31:31Z,991,86
AUD_TRIP002_00992,TRIP222,2024-02-06T07:31:32Z,992,85
AUD_TRIP002_00993,TRIP222,2024-02-06T07:31:33Z,993,94
AUD_TRIP002_00994,TRIP222,2024-02-06T07:31:34Z,994,84
AUD_TRIP002_00995,TRIP222,2024-02-06T07:31:35Z,995,85
AUD_TRIP002_00996,TRIP222,2024-02-06T07:31:36Z,996,86
AUD_TRIP002_00997,TRIP222,2024-02-06T07:31:37Z,997,89
AUD_TRIP002_00998,TRIP222,2024-02-06T07:31:38Z,998,82
AUD_TRIP002_00999,TRIP222,2024-02-06T07:31:39Z,999,96
AUD_TRIP002_01000,TRIP222,2024-02-06T07:31:40Z,1000,90
AUD_TRIP002_01001,TRIP222,2024-02-06T07:31:41Z,1001,90
AUD_TRIP002_01002,TRIP222,2024-02-06T07:31:42Z,1002,90
AUD_TRIP002_01003,TRIP222,2024-02-06T07:31:43Z,1003,87
AUD_TRIP002_01004,TRIP222,2024-02-06T07:31:44Z,1004,92
AUD_TRIP002_01005,TRIP222,2024-02-06T07:31:45Z,1005,84
AUD_TRIP002_01006,TRIP222,2024-02-06T07:31:46Z,1006,82
AUD_TRIP002_01007,TRIP222,2024-02-06T07:31:47Z,1007,82
AUD_TRIP002_01008,TRIP222,2024-02-06T07:31:48Z,1008,89
AUD_TRIP002_01009,TRIP222,2024-02-06T07:31:49Z,1009,86
AUD_TRIP002_01010,TRIP222,2024-02-06T07:31:50Z,1010,93
AUD_TRIP002_01011,TRIP222,2024-02-06T07:31:51Z,1011,86
AUD_TRIP002_01012,TRIP222,2024-02-06T07:31:52Z,1012,87
AUD_TRIP002_01013,TRIP222,2024-02-06T07:31:53Z,1013,89
AUD_TRIP002_01014,TRIP222,2024-02-06T07:31:54Z,1014,83
AUD_TRIP002_01015,TRIP222,2024-02-06T07:31:55Z,1015,81
AUD_TRIP002_01016,TRIP222,2024-02-06T07:31:56Z,1016,89
AUD_TRIP002_01017,TRIP222,2024-02-06T07:31:57Z,1017,89
AUD_TRIP002_01018,TRIP222,2024-02-06T07:31:58Z,1018,99
AUD_TRIP002_01019,TRIP222,2024-02-06T07:31:59Z,1019,81
AUD_TRIP002_01020,TRIP222,2024-02-06T07:32:00Z,1020,92
AUD_TRIP002_01021,TRIP222,2024-02-06T07:32:01Z,1021,82
AUD_TRIP002_01022,TRIP222,2024-02-06T07:32:02Z,1022,85
AUD_TRIP002_01023,TRIP222,2024-02-06T07:32:03Z,1023,92
AUD_TRIP002_01024,TRIP222,2024-02-06T07:32:04Z,1024,83
AUD_TRIP002_01025,TRIP222,2024-02-06T07:32:05Z,1025,97
AUD_TRIP002_01026,TRIP222,2024-02-06T07:32:06Z,1026,91
AUD_TRIP002_01027,TRIP222,2024-02-06T07:32:07Z,1027,98
AUD_TRIP002_01028,TRIP222,2024-02-06T07:32:08Z,1028,87
AUD_TRIP002_01029,TRIP222,2024-02-06T07:32:09Z,1029,88
AUD_TRIP002_01030,TRIP222,2024-02-06T07:32:10Z,1030,70
AUD_TRIP002_01031,TRIP222,2024-02-06T07:32:11Z,1031,61
AUD_TRIP002_01032,TRIP222,2024-02-06T07:32:12Z,1032,61
AUD_TRIP002_01033,TRIP222,2024-02-06T07:32:13Z,1033,63
AUD_TRIP002_01034,TRIP222,2024-02-06T07:32:14Z,1034,62
AUD_TRIP002_01035,TRIP222,2024-02-06T07:32:15Z,1035,52
AUD_TRIP002_01036,TRIP222,2024-02-06T07:32:16Z,1036,62
AUD_TRIP002_01037,TRIP222,2024-02-06T07:32:17Z,1037,63
AUD_TRIP002_01038,TRIP222,2024-02-06T07:32:18Z,1038,51
AUD_TRIP002_01039,TRIP222,2024-02-06T07:32:19Z,1039,61
AUD_TRIP002_01040,TRIP222,2024-02-06T07:32:20Z,1040,65
AUD_TRIP002_01041,TRIP222,2024-02-06T07:32:21Z,1041,62
AUD_TRIP002_01042,TRIP222,2024-02-06T07:32:22Z,1042,69
AUD_TRIP002_01043,TRIP222,2024-02-06T07:32:23Z,1043,51
AUD_TRIP002_01044,TRIP222,2024-02-06T07:32:24Z,1044,50
AUD_TRIP002_01045,TRIP222,2024-02-06T07:32:25Z,1045,64
AUD_TRIP002_01046,TRIP222,2024-02-06T07:32:26Z,1046,62
AUD_TRIP002_01047,TRIP222,2024-02-06T07:32:27Z,1047,70
AUD_TRIP002_01048,TRIP222,2024-02-06T07:32:28Z,1048,68
AUD_TRIP002_01049,TRIP222,2024-02-06T07:32:29Z,1049,63
AUD_TRIP002_01050,TRIP222,2024-02-06T07:32:30Z,1050,72
AUD_TRIP002_01051,TRIP222,2024-02-06T07:32:31Z,1051,57
AUD_TRIP002_01052,TRIP222,2024-02-06T07:32:32Z,1052,64
AUD_TRIP002_01053,TRIP222,2024-02-06T07:32:33Z,1053,67
AUD_TRIP002_01054,TRIP222,2024-02-06T07:32:34Z,1054,52
AUD_TRIP002_01055,TRIP222,2024-02-06T07:32:35Z,1055,49
AUD_TRIP002_01056,TRIP222,2024-02-06T07:32:36Z,1056,51
AUD_TRIP002_01057,TRIP222,2024-02-06T07:32:37Z,1057,65
AUD_TRIP002_01058,TRIP222,2024-02-06T07:32:38Z,1058,48
AUD_TRIP002_01059,TRIP222,2024-02-06T07:32:39Z,1059,67
AUD_TRIP002_01060,TRIP222,2024-02-06T07:32:40Z,1060,67
AUD_TRIP002_01061,TRIP222,2024-02-06T07:32:41Z,1061,62
AUD_TRIP002_01062,TRIP222,2024-02-06T07:32:42Z,1062,52
AUD_TRIP002_01063,TRIP222,2024-02-06T07:32:43Z,1063,58
AUD_TRIP002_01064,TRIP222,2024-02-06T07:32:44Z,1064,66
AUD_TRIP002_01065,TRIP222,2024-02-06T07:32:45Z,1065,52
AUD_TRIP002_01066,TRIP222,2024-02-06T07:32:46Z,1066,62
AUD_TRIP002_01067,TRIP222,2024-02-06T07:32:47Z,1067,61
AUD_TRIP002_01068,TRIP222,2024-02-06T07:32:48Z,1068,59
AUD_TRIP002_01069,TRIP222,2024-02-06T07:32:49Z,1069,52
AUD_TRIP002_01070,TRIP222,2024-02-06T07:32:50Z,1070,67
AUD_TRIP002_01071,TRIP222,2024-02-06T07:32:51Z,1071,52
AUD_TRIP002_01072,TRIP222,2024-02-06T07:32:52Z,1072,50
AUD_TRIP002_01073,TRIP222,2024-02-06T07:32:53Z,1073,68
AUD_TRIP002_01074,TRIP222,2024-02-06T07:32:54Z,1074,64
AUD_TRIP002_01075,TRIP222,2024-02-06T07:32:55Z,1075,62
AUD_TRIP002_01076,TRIP222,2024-02-06T07:32:56Z,1076,63
AUD_TRIP002_01077,TRIP222,2024-02-06T07:32:57Z,1077,54
AUD_TRIP002_01078,TRIP222,2024-02-06T07:32:58Z,1078,50
AUD_TRIP002_01079,TRIP222,2024-02-06T07:32:59Z,1079,63
AUD_TRIP002_01080,TRIP222,2024-02-06T07:33:00Z,1080,61
AUD_TRIP002_01081,TRIP222,2024-02-06T07:33:01Z,1081,63
AUD_TRIP002_01082,TRIP222,2024-02-06T07:33:02Z,1082,50
AUD_TRIP002_01083,TRIP222,2024-02-06T07:33:03Z,1083,58
AUD_TRIP002_01084,TRIP222,2024-02-06T07:33:04Z,1084,55
AUD_TRIP002_01085,TRIP222,2024-02-06T07:33:05Z,1085,59
AUD_TRIP002_01086,TRIP222,2024-02-06T07:33:06Z,1086,53
AUD_TRIP002_01087,TRIP222,2024-02-06T07:33:07Z,1087,63
AUD_TRIP002_01088,TRIP222,2024-02-06T07:33:08Z,1088,66
AUD_TRIP002_01089,TRIP222,2024-02-06T07:33:09Z,1089,61
AUD_TRIP002_01090,TRIP222,2024-02-06T07:33:10Z,1090,62
AUD_TRIP002_01091,TRIP222,2024-02-06T07:33:11Z,1091,52
AUD_TRIP002_01092,TRIP222,2024-02-06T07:33:12Z,1092,61
AUD_TRIP002_01093,TRIP222,2024-02-06T07:33:13Z,1093,63
AUD_TRIP002_01094,TRIP222,2024-02-06T07:33:14Z,1094,50
AUD_TRIP002_01095,TRIP222,2024-02-06T07:33:15Z,1095,63
AUD_TRIP002_01096,TRIP222,2024-02-06T07:33:16Z,1096,69
AUD_TRIP002_01097,TRIP222,2024-02-06T07:33:17Z,1097,52
AUD_TRIP002_01098,TRIP222,2024-02-06T07:33:18Z,1098,56
AUD_TRIP002_01099,TRIP222,2024-02-06T07:33:19Z,1099,85
AUD_TRIP002_01100,TRIP222,2024-02-06T07:33:20Z,1100,84
AUD_TRIP002_01101,TRIP222,2024-02-06T07:33:21Z,1101,90
AUD_TRIP002_01102,TRIP222,2024-02-06T07:33:22Z,1102,93
AUD_TRIP002_01103,TRIP222,2024-02-06T07:33:23Z,1103,87
AUD_TRIP002_01104,TRIP222,2024-02-06T07:33:24Z,1104,87
AUD_TRIP002_01105,TRIP222,2024-02-06T07:33:25Z,1105,93
AUD_TRIP002_01106,TRIP222,2024-02-06T07:33:26Z,1106,86
AUD_TRIP002_01107,TRIP222,2024-02-06T07:33:27Z,1107,83
AUD_TRIP002_01108,TRIP222,2024-02-06T07:33:28Z,1108,86
AUD_TRIP002_01109,TRIP222,2024-02-06T07:33:29Z,1109,96
AUD_TRIP002_01110,TRIP222,2024-02-06T07:33:30Z,1110,82
AUD_TRIP002_01111,TRIP222,2024-02-06T07:33:31Z,1111,81
AUD_TRIP002_01112,TRIP222,2024-02-06T07:33:32Z,1112,82
AUD_TRIP002_01113,TRIP222,2024-02-06T07:33:33Z,1113,94
AUD_TRIP002_01114,TRIP222,2024-02-06T07:33:34Z,1114,89
AUD_TRIP002_01115,TRIP222,2024-02-06T07:33:35Z,1115,85
AUD_TRIP002_01116,TRIP222,2024-02-06T07:33:36Z,1116,83
AUD_TRIP002_01117,TRIP222,2024-02-06T07:33:37Z,1117,88
AUD_TRIP002_01118,TRIP222,2024-02-06T07:33:38Z,1118,93
AUD_TRIP002_01119,TRIP222,2024-02-06T07:33:39Z,1119,62
AUD_TRIP002_01120,TRIP222,2024-02-06T07:33:40Z,1120,56
AUD_TRIP002_01121,TRIP222,2024-02-06T07:33:41Z,1121,103
AUD_TRIP002_01122,TRIP222,2024-02-06T07:33:42Z,1122,89
AUD_TRIP002_01123,TRIP222,2024-02-06T07:33:43Z,1123,84
AUD_TRIP002_01124,TRIP222,2024-02-06T07:33:44Z,1124,89
AUD_TRIP002_01125,TRIP222,2024-02-06T07:33:45Z,1125,88
AUD_TRIP002_01126,TRIP222,2024-02-06T07:33:46Z,1126,84
AUD_TRIP002_01127,TRIP222,2024-02-06T07:33:47Z,1127,86
AUD_TRIP002_01128,TRIP222,2024-02-06T07:33:48Z,1128,84
AUD_TRIP002_01129,TRIP222,2024-02-06T07:33:49Z,1129,77
AUD_TRIP002_01130,TRIP222,2024-02-06T07:33:50Z,1130,87
AUD_TRIP002_01131,TRIP222,2024-02-06T07:33:51Z,1131,87
AUD_TRIP002_01132,TRIP222,2024-02-06T07:33:52Z,1132,87
AUD_TRIP002_01133,TRIP222,2024-02-06T07:33:53Z,1133,87
AUD_TRIP002_01134,TRIP222,2024-02-06T07:33:54Z,1134,83
AUD_TRIP002_01135,TRIP222,2024-02-06T07:33:55Z,1135,88
AUD_TRIP002_01136,TRIP222,2024-02-06T07:33:56Z,1136,86
AUD_TRIP002_01137,TRIP222,2024-02-06T07:33:57Z,1137,84
AUD_TRIP002_01138,TRIP222,2024-02-06T07:33:58Z,1138,91
AUD_TRIP002_01139,TRIP222,2024-02-06T07:33:59Z,1139,82
AUD_TRIP002_01140,TRIP222,2024-02-06T07:34:00Z,1140,96
AUD_TRIP002_01141,TRIP222,2024-02-06T07:34:01Z,1141,86
AUD_TRIP002_01142,TRIP222,2024-02-06T07:34:02Z,1142,87
AUD_TRIP002_01143,TRIP222,2024-02-06T07:34:03Z,1143,89
AUD_TRIP002_01144,TRIP222,2024-02-06T07:34:04Z,1144,94
AUD_TRIP002_01145,TRIP222,2024-02-06T07:34:05Z,1145,82
AUD_TRIP002_01146,TRIP222,2024-02-06T07:34:06Z,1146,93
AUD_TRIP002_01147,TRIP222,2024-02-06T07:34:07Z,1147,83
AUD_TRIP002_01148,TRIP222,2024-02-06T07:34:08Z,1148,90
AUD_TRIP002_01149,TRIP222,2024-02-06T07:34:09Z,1149,93
AUD_TRIP002_01150,TRIP222,2024-02-06T07:34:10Z,1150,86
AUD_TRIP002_01151,TRIP222,2024-02-06T07:34:11Z,1151,87
AUD_TRIP002_01152,TRIP222,2024-02-06T07:34:12Z,1152,86
AUD_TRIP002_01153,TRIP222,2024-02-06T07:34:13Z,1153,87
AUD_TRIP002_01154,TRIP222,2024-02-06T07:34:14Z,1154,87
AUD_TRIP002_01155,TRIP222,2024-02-06T07:34:15Z,1155,95
AUD_TRIP002_01156,TRIP222,2024-02-06T07:34:16Z,1156,83
AUD_TRIP002_01157,TRIP222,2024-02-06T07:34:17Z,1157,86
AUD_TRIP002_01158,TRIP222,2024-02-06T07:34:18Z,1158,95
AUD_TRIP002_01159,TRIP222,2024-02-06T07:34:19Z,1159,84
AUD_TRIP002_01160,TRIP222,2024-02-06T07:34:20Z,1160,84
AUD_TRIP002_01161,TRIP222,2024-02-06T07:34:21Z,1161,90
AUD_TRIP002_01162,TRIP222,2024-02-06T07:34:22Z,1162,50
AUD_TRIP002_01163,TRIP222,2024-02-06T07:34:23Z,1163,55
AUD_TRIP002_01164,TRIP222,2024-02-06T07:34:24Z,1164,64
AUD_TRIP002_01165,TRIP222,2024-02-06T07:34:25Z,1165,51
AUD_TRIP002_01166,TRIP222,2024-02-06T07:34:26Z,1166,57
AUD_TRIP002_01167,TRIP222,2024-02-06T07:34:27Z,1167,52
AUD_TRIP002_01168,TRIP222,2024-02-06T07:34:28Z,1168,59
AUD_TRIP002_01169,TRIP222,2024-02-06T07:34:29Z,1169,63
AUD_TRIP002_01170,TRIP222,2024-02-06T07:34:30Z,1170,56
AUD_TRIP002_01171,TRIP222,2024-02-06T07:34:31Z,1171,53
AUD_TRIP002_01172,TRIP222,2024-02-06T07:34:32Z,1172,59
AUD_TRIP002_01173,TRIP222,2024-02-06T07:34:33Z,1173,68
AUD_TRIP002_01174,TRIP222,2024-02-06T07:34:34Z,1174,53
AUD_TRIP002_01175,TRIP222,2024-02-06T07:34:35Z,1175,52
AUD_TRIP002_01176,TRIP222,2024-02-06T07:34:36Z,1176,55
AUD_TRIP002_01177,TRIP222,2024-02-06T07:34:37Z,1177,65
AUD_TRIP002_01178,TRIP222,2024-02-06T07:34:38Z,1178,57
AUD_TRIP002_01179,TRIP222,2024-02-06T07:34:39Z,1179,63
AUD_TRIP002_01180,TRIP222,2024-02-06T07:34:40Z,1180,51
AUD_TRIP002_01181,TRIP222,2024-02-06T07:34:41Z,1181,52
AUD_TRIP002_01182,TRIP222,2024-02-06T07:34:42Z,1182,55
AUD_TRIP002_01183,TRIP222,2024-02-06T07:34:43Z,1183,65
AUD_TRIP002_01184,TRIP222,2024-02-06T07:34:44Z,1184,64
AUD_TRIP002_01185,TRIP222,2024-02-06T07:34:45Z,1185,67
AUD_TRIP002_01186,TRIP222,2024-02-06T07:34:46Z,1186,53
AUD_TRIP002_01187,TRIP222,2024-02-06T07:34:47Z,1187,57
AUD_TRIP002_01188,TRIP222,2024-02-06T07:34:48Z,1188,50
AUD_TRIP002_01189,TRIP222,2024-02-06T07:34:49Z,1189,50
AUD_TRIP002_01190,TRIP222,2024-02-06T07:34:50Z,1190,67
AUD_TRIP002_01191,TRIP222,2024-02-06T07:34:51Z,1191,71
AUD_TRIP002_01192,TRIP222,2024-02-06T07:34:52Z,1192,65
AUD_TRIP002_01193,TRIP222,2024-02-06T07:34:53Z,1193,50
AUD_TRIP002_01194,TRIP222,2024-02-06T07:34:54Z,1194,61
AUD_TRIP002_01195,TRIP222,2024-02-06T07:34:55Z,1195,59
AUD_TRIP002_01196,TRIP222,2024-02-06T07:34:56Z,1196,69
AUD_TRIP002_01197,TRIP222,2024-02-06T07:34:57Z,1197,56
AUD_TRIP002_01198,TRIP222,2024-02-06T07:34:58Z,1198,56
AUD_TRIP002_01199,TRIP222,2024-02-06T07:34:59Z,1199,60
AUD_TRIP002_01200,TRIP222,2024-02-06T07:35:00Z,1200,52
AUD_TRIP002_01201,TRIP222,2024-02-06T07:35:01Z,1201,53
AUD_TRIP002_01202,TRIP222,2024-02-06T07:35:02Z,1202,60
AUD_TRIP002_01203,TRIP222,2024-02-06T07:35:03Z,1203,67
AUD_TRIP002_01204,TRIP222,2024-02-06T07:35:04Z,1204,51
AUD_TRIP002_01205,TRIP222,2024-02-06T07:35:05Z,1205,60
AUD_TRIP002_01206,TRIP222,2024-02-06T07:35:06Z,1206,64
AUD_TRIP002_01207,TRIP222,2024-02-06T07:35:07Z,1207,63
AUD_TRIP002_01208,TRIP222,2024-02-06T07:35:08Z,1208,67
AUD_TRIP002_01209,TRIP222,2024-02-06T07:35:09Z,1209,52
AUD_TRIP002_01210,TRIP222,2024-02-06T07:35:10Z,1210,71
AUD_TRIP002_01211,TRIP222,2024-02-06T07:35:11Z,1211,64
AUD_TRIP002_01212,TRIP222,2024-02-06T07:35:12Z,1212,51
AUD_TRIP002_01213,TRIP222,2024-02-06T07:35:13Z,1213,63
AUD_TRIP002_01214,TRIP222,2024-02-06T07:35:14Z,1214,69
AUD_TRIP002_01215,TRIP222,2024-02-06T07:35:15Z,1215,58
AUD_TRIP002_01216,TRIP222,2024-02-06T07:35:16Z,1216,62
AUD_TRIP002_01217,TRIP222,2024-02-06T07:35:17Z,1217,58
AUD_TRIP002_01218,TRIP222,2024-02-06T07:35:18Z,1218,49
AUD_TRIP002_01219,TRIP222,2024-02-06T07:35:19Z,1219,63
AUD_TRIP002_01220,TRIP222,2024-02-06T07:35:20Z,1220,64
AUD_TRIP002_01221,TRIP222,2024-02-06T07:35:21Z,1221,56
AUD_TRIP002_01222,TRIP222,2024-02-06T07:35:22Z,1222,61
AUD_TRIP002_01223,TRIP222,2024-02-06T07:35:23Z,1223,61
AUD_TRIP002_01224,TRIP222,2024-02-06T07:35:24Z,1224,61
AUD_TRIP002_01225,TRIP222,2024-02-06T07:35:25Z,1225,57
AUD_TRIP002_01226,TRIP222,2024-02-06T07:35:26Z,1226,56
AUD_TRIP002_01227,TRIP222,2024-02-06T07:35:27Z,1227,53
AUD_TRIP002_01228,TRIP222,2024-02-06T07:35:28Z,1228,62
AUD_TRIP002_01229,TRIP222,2024-02-06T07:35:29Z,1229,50
AUD_TRIP002_01230,TRIP222,2024-02-06T07:35:30Z,1230,66
AUD_TRIP002_01231,TRIP222,2024-02-06T07:35:31Z,1231,65
AUD_TRIP002_01232,TRIP222,2024-02-06T07:35:32Z,1232,51
AUD_TRIP002_01233,TRIP222,2024-02-06T07:35:33Z,1233,59
AUD_TRIP002_01234,TRIP222,2024-02-06T07:35:34Z,1234,52
AUD_TRIP002_01235,TRIP222,2024-02-06T07:35:35Z,1235,69
AUD_TRIP002_01236,TRIP222,2024-02-06T07:35:36Z,1236,53
AUD_TRIP002_01237,TRIP222,2024-02-06T07:35:37Z,1237,62
AUD_TRIP002_01238,TRIP222,2024-02-06T07:35:38Z,1238,52
AUD_TRIP002_01239,TRIP222,2024-02-06T07:35:39Z,1239,58
AUD_TRIP002_01240,TRIP222,2024-02-06T07:35:40Z,1240,53
AUD_TRIP002_01241,TRIP222,2024-02-06T07:35:41Z,1241,56
AUD_TRIP002_01242,TRIP222,2024-02-06T07:35:42Z,1242,63
AUD_TRIP002_01243,TRIP222,2024-02-06T07:35:43Z,1243,61
AUD_TRIP002_01244,TRIP222,2024-02-06T07:35:44Z,1244,53
AUD_TRIP002_01245,TRIP222,2024-02-06T07:35:45Z,1245,69
AUD_TRIP002_01246,TRIP222,2024-02-06T07:35:46Z,1246,51
AUD_TRIP002_01247,TRIP222,2024-02-06T07:35:47Z,1247,63
AUD_TRIP002_01248,TRIP222,2024-02-06T07:35:48Z,1248,57
AUD_TRIP002_01249,TRIP222,2024-02-06T07:35:49Z,1249,60
AUD_TRIP002_01250,TRIP222,2024-02-06T07:35:50Z,1250,62
AUD_TRIP002_01251,TRIP222,2024-02-06T07:35:51Z,1251,58
AUD_TRIP002_01252,TRIP222,2024-02-06T07:35:52Z,1252,64
AUD_TRIP002_01253,TRIP222,2024-02-06T07:35:53Z,1253,53
AUD_TRIP002_01254,TRIP222,2024-02-06T07:35:54Z,1254,62
AUD_TRIP002_01255,TRIP222,2024-02-06T07:35:55Z,1255,51
AUD_TRIP002_01256,TRIP222,2024-02-06T07:35:56Z,1256,56
AUD_TRIP002_01257,TRIP222,2024-02-06T07:35:57Z,1257,57
AUD_TRIP002_01258,TRIP222,2024-02-06T07:35:58Z,1258,63
AUD_TRIP002_01259,TRIP222,2024-02-06T07:35:59Z,1259,69
AUD_TRIP002_01260,TRIP222,2024-02-06T07:36:00Z,1260,56
AUD_TRIP002_01261,TRIP222,2024-02-06T07:36:01Z,1261,52
AUD_TRIP002_01262,TRIP222,2024-02-06T07:36:02Z,1262,53
AUD_TRIP002_01263,TRIP222,2024-02-06T07:36:03Z,1263,62
AUD_TRIP002_01264,TRIP222,2024-02-06T07:36:04Z,1264,49
AUD_TRIP002_01265,TRIP222,2024-02-06T07:36:05Z,1265,52
AUD_TRIP002_01266,TRIP222,2024-02-06T07:36:06Z,1266,68
AUD_TRIP002_01267,TRIP222,2024-02-06T07:36:07Z,1267,49
AUD_TRIP002_01268,TRIP222,2024-02-06T07:36:08Z,1268,54
AUD_TRIP002_01269,TRIP222,2024-02-06T07:36:09Z,1269,64
AUD_TRIP002_01270,TRIP222,2024-02-06T07:36:10Z,1270,52
AUD_TRIP002_01271,TRIP222,2024-02-06T07:36:11Z,1271,51
AUD_TRIP002_01272,TRIP222,2024-02-06T07:36:12Z,1272,57
AUD_TRIP002_01273,TRIP222,2024-02-06T07:36:13Z,1273,60
AUD_TRIP002_01274,TRIP222,2024-02-06T07:36:14Z,1274,71
AUD_TRIP002_01275,TRIP222,2024-02-06T07:36:15Z,1275,52
AUD_TRIP002_01276,TRIP222,2024-02-06T07:36:16Z,1276,60
AUD_TRIP002_01277,TRIP222,2024-02-06T07:36:17Z,1277,54
AUD_TRIP002_01278,TRIP222,2024-02-06T07:36:18Z,1278,67
AUD_TRIP002_01279,TRIP222,2024-02-06T07:36:19Z,1279,60
AUD_TRIP002_01280,TRIP222,2024-02-06T07:36:20Z,1280,61
AUD_TRIP002_01281,TRIP222,2024-02-06T07:36:21Z,1281,51
AUD_TRIP002_01282,TRIP222,2024-02-06T07:36:22Z,1282,64
AUD_TRIP002_01283,TRIP222,2024-02-06T07:36:23Z,1283,62
AUD_TRIP002_01284,TRIP222,2024-02-06T07:36:24Z,1284,55
AUD_TRIP002_01285,TRIP222,2024-02-06T07:36:25Z,1285,62
AUD_TRIP002_01286,TRIP222,2024-02-06T07:36:26Z,1286,64
AUD_TRIP002_01287,TRIP222,2024-02-06T07:36:27Z,1287,67
AUD_TRIP002_01288,TRIP222,2024-02-06T07:36:28Z,1288,67
AUD_TRIP002_01289,TRIP222,2024-02-06T07:36:29Z,1289,50
AUD_TRIP002_01290,TRIP222,2024-02-06T07:36:30Z,1290,67
AUD_TRIP002_01291,TRIP222,2024-02-06T07:36:31Z,1291,53
AUD_TRIP002_01292,TRIP222,2024-02-06T07:36:32Z,1292,64
AUD_TRIP002_01293,TRIP222,2024-02-06T07:36:33Z,1293,62
AUD_TRIP002_01294,TRIP222,2024-02-06T07:36:34Z,1294,64
AUD_TRIP002_01295,TRIP222,2024-02-06T07:36:35Z,1295,68
AUD_TRIP002_01296,TRIP222,2024-02-06T07:36:36Z,1296,51
AUD_TRIP002_01297,TRIP222,2024-02-06T07:36:37Z,1297,60
AUD_TRIP002_01298,TRIP222,2024-02-06T07:36:38Z,1298,51
AUD_TRIP002_01299,TRIP222,2024-02-06T07:36:39Z,1299,53
AUD_TRIP002_01300,TRIP222,2024-02-06T07:36:40Z,1300,57
AUD_TRIP002_01301,TRIP222,2024-02-06T07:36:41Z,1301,58
AUD_TRIP002_01302,TRIP222,2024-02-06T07:36:42Z,1302,59
AUD_TRIP002_01303,TRIP222,2024-02-06T07:36:43Z,1303,71
AUD_TRIP002_01304,TRIP222,2024-02-06T07:36:44Z,1304,58
AUD_TRIP002_01305,TRIP222,2024-02-06T07:36:45Z,1305,64
AUD_TRIP002_01306,TRIP222,2024-02-06T07:36:46Z,1306,53
AUD_TRIP002_01307,TRIP222,2024-02-06T07:36:47Z,1307,59
AUD_TRIP002_01308,TRIP222,2024-02-06T07:36:48Z,1308,63
AUD_TRIP002_01309,TRIP222,2024-02-06T07:36:49Z,1309,48
AUD_TRIP002_01310,TRIP222,2024-02-06T07:36:50Z,1310,58
AUD_TRIP002_01311,TRIP222,2024-02-06T07:36:51Z,1311,63
AUD_TRIP002_01312,TRIP222,2024-02-06T07:36:52Z,1312,68
AUD_TRIP002_01313,TRIP222,2024-02-06T07:36:53Z,1313,65
AUD_TRIP002_01314,TRIP222,2024-02-06T07:36:54Z,1314,59
AUD_TRIP002_01315,TRIP222,2024-02-06T07:36:55Z,1315,67
AUD_TRIP002_01316,TRIP222,2024-02-06T07:36:56Z,1316,53
AUD_TRIP002_01317,TRIP222,2024-02-06T07:36:57Z,1317,60
AUD_TRIP002_01318,TRIP222,2024-02-06T07:36:58Z,1318,67
AUD_TRIP002_01319,TRIP222,2024-02-06T07:36:59Z,1319,59
AUD_TRIP002_01320,TRIP222,2024-02-06T07:37:00Z,1320,69
AUD_TRIP002_01321,TRIP222,2024-02-06T07:37:01Z,1321,62
AUD_TRIP002_01322,TRIP222,2024-02-06T07:37:02Z,1322,61
AUD_TRIP002_01323,TRIP222,2024-02-06T07:37:03Z,1323,53
AUD_TRIP002_01324,TRIP222,2024-02-06T07:37:04Z,1324,50
AUD_TRIP002_01325,TRIP222,2024-02-06T07:37:05Z,1325,54
AUD_TRIP002_01326,TRIP222,2024-02-06T07:37:06Z,1326,64
AUD_TRIP002_01327,TRIP222,2024-02-06T07:37:07Z,1327,50
AUD_TRIP002_01328,TRIP222,2024-02-06T07:37:08Z,1328,60
AUD_TRIP002_01329,TRIP222,2024-02-06T07:37:09Z,1329,73
AUD_TRIP002_01330,TRIP222,2024-02-06T07:37:10Z,1330,63
AUD_TRIP002_01331,TRIP222,2024-02-06T07:37:11Z,1331,48
AUD_TRIP002_01332,TRIP222,2024-02-06T07:37:12Z,1332,63
AUD_TRIP002_01333,TRIP222,2024-02-06T07:37:13Z,1333,51
AUD_TRIP002_01334,TRIP222,2024-02-06T07:37:14Z,1334,63
AUD_TRIP002_01335,TRIP222,2024-02-06T07:37:15Z,1335,70
AUD_TRIP002_01336,TRIP222,2024-02-06T07:37:16Z,1336,55
AUD_TRIP002_01337,TRIP222,2024-02-06T07:37:17Z,1337,71
AUD_TRIP002_01338,TRIP222,2024-02-06T07:37:18Z,1338,52
AUD_TRIP002_01339,TRIP222,2024-02-06T07:37:19Z,1339,66
AUD_TRIP002_01340,TRIP222,2024-02-06T07:37:20Z,1340,67
AUD_TRIP002_01341,TRIP222,2024-02-06T07:37:21Z,1341,58
AUD_TRIP002_01342,TRIP222,2024-02-06T07:37:22Z,1342,52
AUD_TRIP002_01343,TRIP222,2024-02-06T07:37:23Z,1343,52
AUD_TRIP002_01344,TRIP222,2024-02-06T07:37:24Z,1344,62
AUD_TRIP002_01345,TRIP222,2024-02-06T07:37:25Z,1345,47
AUD_TRIP002_01346,TRIP222,2024-02-06T07:37:26Z,1346,63
AUD_TRIP002_01347,TRIP222,2024-02-06T07:37:27Z,1347,68
AUD_TRIP002_01348,TRIP222,2024-02-06T07:37:28Z,1348,57
AUD_TRIP002_01349,TRIP222,2024-02-06T07:37:29Z,1349,51
AUD_TRIP002_01350,TRIP222,2024-02-06T07:37:30Z,1350,52
AUD_TRIP002_01351,TRIP222,2024-02-06T07:37:31Z,1351,57
AUD_TRIP002_01352,TRIP222,2024-02-06T07:37:32Z,1352,60
AUD_TRIP002_01353,TRIP222,2024-02-06T07:37:33Z,1353,52
AUD_TRIP002_01354,TRIP222,2024-02-06T07:37:34Z,1354,65
AUD_TRIP002_01355,TRIP222,2024-02-06T07:37:35Z,1355,61
AUD_TRIP002_01356,TRIP222,2024-02-06T07:37:36Z,1356,53
AUD_TRIP002_01357,TRIP222,2024-02-06T07:37:37Z,1357,48
AUD_TRIP002_01358,TRIP222,2024-02-06T07:37:38Z,1358,53
AUD_TRIP002_01359,TRIP222,2024-02-06T07:37:39Z,1359,51
AUD_TRIP002_01360,TRIP222,2024-02-06T07:37:40Z,1360,74
AUD_TRIP002_01361,TRIP222,2024-02-06T07:37:41Z,1361,64
AUD_TRIP002_01362,TRIP222,2024-02-06T07:37:42Z,1362,55
AUD_TRIP002_01363,TRIP222,2024-02-06T07:37:43Z,1363,50
AUD_TRIP002_01364,TRIP222,2024-02-06T07:37:44Z,1364,62
AUD_TRIP002_01365,TRIP222,2024-02-06T07:37:45Z,1365,57
AUD_TRIP002_01366,TRIP222,2024-02-06T07:37:46Z,1366,65
AUD_TRIP002_01367,TRIP222,2024-02-06T07:37:47Z,1367,53
AUD_TRIP002_01368,TRIP222,2024-02-06T07:37:48Z,1368,65
AUD_TRIP002_01369,TRIP222,2024-02-06T07:37:49Z,1369,67
AUD_TRIP002_01370,TRIP222,2024-02-06T07:37:50Z,1370,61
AUD_TRIP002_01371,TRIP222,2024-02-06T07:37:51Z,1371,64
AUD_TRIP002_01372,TRIP222,2024-02-06T07:37:52Z,1372,64
AUD_TRIP002_01373,TRIP222,2024-02-06T07:37:53Z,1373,57
AUD_TRIP002_01374,TRIP222,2024-02-06T07:37:54Z,1374,53
AUD_TRIP002_01375,TRIP222,2024-02-06T07:37:55Z,1375,52
AUD_TRIP002_01376,TRIP222,2024-02-06T07:37:56Z,1376,61
AUD_TRIP002_01377,TRIP222,2024-02-06T07:37:57Z,1377,59
AUD_TRIP002_01378,TRIP222,2024-02-06T07:37:58Z,1378,51
AUD_TRIP002_01379,TRIP222,2024-02-06T07:37:59Z,1379,50