accel_id,trip_id,timestamp,elapsed_seconds,acc_x_m_s2,acc_y_m_s2,acc_z_m_s2,accel_mag_m_s2,speed_kmh,event_label
ACC0001,TRIP001,06-02-2024 06:00:00,0,0.587,-0.122,9.721,9.739,49.95,normal
ACC0002,TRIP001,06-02-2024 06:00:01,1,0.36,-0.46,10.062,10.079,49.91,normal
ACC0003,TRIP001,06-02-2024 06:00:02,2,0.196,-0.05,10.019,10.021,49.81,normal
ACC0004,TRIP001,06-02-2024 06:00:03,3,0.003,-0.077,9.97,9.97,49.75,normal
ACC0005,TRIP001,06-02-2024 06:00:04,4,0.048,-0.176,9.806,9.808,49.78,normal
ACC0006,TRIP001,06-02-2024 06:00:05,5,-0.23,0.229,9.935,9.941,49.8,normal
ACC0007,TRIP001,06-02-2024 06:00:06,6,0.37,-0.137,9.782,9.79,49.76,normal
ACC0008,TRIP001,06-02-2024 06:00:07,7,0.02,0.106,9.696,9.697,49.74,normal
ACC0009,TRIP001,06-02-2024 06:00:08,8,-0.106,-0.169,9.699,9.701,49.74,normal
ACC0010,TRIP001,06-02-2024 06:00:09,9,-0.235,0.047,10.049,10.052,49.77,normal
ACC0011,TRIP001,06-02-2024 06:00:10,10,0.042,-0.178,9.688,9.69,49.86,normal
ACC0012,TRIP001,06-02-2024 06:00:11,11,0.115,-0.127,9.829,9.83,49.96,normal
ACC0013,TRIP001,06-02-2024 06:00:12,12,0.136,0.123,9.845,9.847,49.95,normal
ACC0014,TRIP001,06-02-2024 06:00:13,13,-0.243,-0.07,9.769,9.772,49.98,normal
ACC0015,TRIP001,06-02-2024 06:00:14,14,0.352,0.186,9.843,9.851,50.02,normal
ACC0016,TRIP001,06-02-2024 06:00:15,15,-0.126,0.251,9.877,9.881,50.01,normal
ACC0017,TRIP001,06-02-2024 06:00:16,16,0.247,-0.015,9.97,9.973,50.08,normal
ACC0018,TRIP001,06-02-2024 06:00:17,17,0.756,-0.279,9.583,9.617,50.06,normal
ACC0019,TRIP001,06-02-2024 06:00:18,18,0.148,0.175,9.847,9.85,49.95,normal
ACC0020,TRIP001,06-02-2024 06:00:19,19,0.008,0.166,9.835,9.836,49.99,normal
ACC0021,TRIP001,06-02-2024 06:00:20,20,0.033,-0.04,9.828,9.828,50.01,normal
ACC0022,TRIP001,06-02-2024 06:00:21,21,0.159,0.024,9.699,9.701,50.03,normal
ACC0023,TRIP001,06-02-2024 06:00:22,22,0.137,0.226,9.98,9.983,50.04,normal
ACC0024,TRIP001,06-02-2024 06:00:23,23,-0.013,-0.128,9.864,9.864,50.05,normal
ACC0025,TRIP001,06-02-2024 06:00:24,24,-0.003,0.009,9.707,9.707,50.08,normal
ACC0026,TRIP001,06-02-2024 06:00:25,25,-0.034,0.245,9.861,9.864,50.11,normal
ACC0027,TRIP001,06-02-2024 06:00:26,26,-0.228,0.034,9.911,9.914,50.06,normal
ACC0028,TRIP001,06-02-2024 06:00:27,27,0.02,0.007,9.594,9.594,50.08,normal
ACC0029,TRIP001,06-02-2024 06:00:28,28,0.354,-0.172,9.853,9.86,50.01,normal
ACC0030,TRIP001,06-02-2024 06:00:29,29,0.088,-0.323,9.968,9.974,50.03,normal
ACC0031,TRIP001,06-02-2024 06:00:30,30,0.093,-0.155,9.991,9.993,50.13,normal
ACC0032,TRIP001,06-02-2024 06:00:31,31,-0.457,0.247,10.044,10.058,50.15,normal
ACC0033,TRIP001,06-02-2024 06:00:32,32,-0.26,0.173,9.773,9.778,50.12,normal
ACC0034,TRIP001,06-02-2024 06:00:33,33,-0.269,0.11,9.919,9.923,50.09,normal
ACC0035,TRIP001,06-02-2024 06:00:34,34,0.256,-0.229,9.92,9.926,50.09,normal
ACC0036,TRIP001,06-02-2024 06:00:35,35,0.044,-0.02,9.93,9.93,50.13,normal
ACC0037,TRIP001,06-02-2024 06:00:36,36,0.259,0.028,9.812,9.815,50.16,normal
ACC0038,TRIP001,06-02-2024 06:00:37,37,0.17,0.137,9.753,9.756,50.04,normal
ACC0039,TRIP001,06-02-2024 06:00:38,38,0.412,0.437,9.866,9.884,50.03,normal
ACC0040,TRIP001,06-02-2024 06:00:39,39,0.059,-0.024,9.803,9.803,49.97,normal
ACC0041,TRIP001,06-02-2024 06:00:40,40,-0.055,-0.199,9.837,9.839,49.96,normal
ACC0042,TRIP001,06-02-2024 06:00:41,41,0.249,-0.035,9.948,9.951,49.97,normal
ACC0043,TRIP001,06-02-2024 06:00:42,42,0.757,-0.379,9.703,9.74,50.02,normal
ACC0044,TRIP001,06-02-2024 06:00:43,43,0.858,-0.05,9.807,9.844,50.0,normal
ACC0045,TRIP001,06-02-2024 06:00:44,44,0.499,-0.057,9.902,9.915,49.99,normal
ACC0046,TRIP001,06-02-2024 06:00:45,45,-0.282,0.063,9.875,9.88,50.05,normal
ACC0047,TRIP001,06-02-2024 06:00:46,46,0.067,-0.123,9.884,9.885,50.06,normal
ACC0048,TRIP001,06-02-2024 06:00:47,47,0.184,-0.015,9.974,9.976,50.08,normal
ACC0049,TRIP001,06-02-2024 06:00:48,48,0.671,0.222,9.899,9.924,50.0,normal
ACC0050,TRIP001,06-02-2024 06:00:49,49,0.281,0.084,9.922,9.926,50.05,normal
ACC0051,TRIP001,06-02-2024 06:00:50,50,-0.02,0.165,9.716,9.717,50.15,normal
ACC0052,TRIP001,06-02-2024 06:00:51,51,-0.3,-0.352,9.552,9.564,50.11,normal
ACC0053,TRIP001,06-02-2024 06:00:52,52,-0.236,0.391,9.751,9.762,50.04,normal
ACC0054,TRIP001,06-02-2024 06:00:53,53,0.434,-0.117,9.614,9.625,50.08,normal
ACC0055,TRIP001,06-02-2024 06:00:54,54,0.287,-0.087,10.011,10.016,50.09,normal
ACC0056,TRIP001,06-02-2024 06:00:55,55,0.585,0.101,10.034,10.051,50.1,normal
ACC0057,TRIP001,06-02-2024 06:00:56,56,-0.266,0.49,9.718,9.734,50.09,normal
ACC0058,TRIP001,06-02-2024 06:00:57,57,-0.11,-0.041,9.836,9.837,50.1,normal
ACC0059,TRIP001,06-02-2024 06:00:58,58,0.298,0.358,9.782,9.793,50.03,normal
ACC0060,TRIP001,06-02-2024 06:00:59,59,-0.255,-0.133,9.549,9.553,50.08,normal
ACC0061,TRIP001,06-02-2024 06:01:00,60,-0.049,-0.062,9.8,9.8,50.01,normal
ACC0062,TRIP001,06-02-2024 06:01:01,61,-0.158,0.135,9.893,9.895,49.98,normal
ACC0063,TRIP001,06-02-2024 06:01:02,62,0.643,-0.261,9.748,9.773,49.97,normal
ACC0064,TRIP001,06-02-2024 06:01:03,63,-0.738,0.388,9.855,9.89,49.92,normal
ACC0065,TRIP001,06-02-2024 06:01:04,64,0.715,0.117,9.864,9.891,49.89,normal
ACC0066,TRIP001,06-02-2024 06:01:05,65,0.132,-0.305,9.919,9.925,49.87,normal
ACC0067,TRIP001,06-02-2024 06:01:06,66,0.14,0.24,9.843,9.847,49.88,normal
ACC0068,TRIP001,06-02-2024 06:01:07,67,0.183,-0.147,9.925,9.928,49.96,normal
ACC0069,TRIP001,06-02-2024 06:01:08,68,0.328,0.177,9.668,9.676,49.92,normal
ACC0070,TRIP001,06-02-2024 06:01:09,69,-0.332,0.246,9.762,9.771,49.99,normal
ACC0071,TRIP001,06-02-2024 06:01:10,70,-0.135,-0.088,9.814,9.816,50.03,normal
ACC0072,TRIP001,06-02-2024 06:01:11,71,0.118,0.042,9.802,9.803,50.04,normal
ACC0073,TRIP001,06-02-2024 06:01:12,72,-0.235,0.016,9.772,9.775,50.04,normal
ACC0074,TRIP001,06-02-2024 06:01:13,73,0.248,-0.136,9.787,9.791,50.03,normal
ACC0075,TRIP001,06-02-2024 06:01:14,74,0.225,0.157,9.657,9.661,50.05,normal
ACC0076,TRIP001,06-02-2024 06:01:15,75,0.72,-0.294,9.675,9.707,50.01,normal
ACC0077,TRIP001,06-02-2024 06:01:16,76,0.016,0.325,9.802,9.807,49.98,normal
ACC0078,TRIP001,06-02-2024 06:01:17,77,0.287,-0.12,9.969,9.973,49.99,normal
ACC0079,TRIP001,06-02-2024 06:01:18,78,0.517,-0.132,10.255,10.268,50.03,normal
ACC0080,TRIP001,06-02-2024 06:01:19,79,0.296,-0.01,9.691,9.696,49.99,normal
ACC0081,TRIP001,06-02-2024 06:01:20,80,0.059,-0.159,9.842,9.844,49.95,normal
ACC0082,TRIP001,06-02-2024 06:01:21,81,0.286,0.191,9.694,9.7,50.01,normal
ACC0083,TRIP001,06-02-2024 06:01:22,82,0.029,0.231,9.866,9.868,50.06,normal
ACC0084,TRIP001,06-02-2024 06:01:23,83,-0.199,-0.021,10.018,10.02,50.03,normal
ACC0085,TRIP001,06-02-2024 06:01:24,84,-0.511,-0.389,9.424,9.446,49.93,normal
ACC0086,TRIP001,06-02-2024 06:01:25,85,-0.023,0.256,9.734,9.737,49.94,normal
ACC0087,TRIP001,06-02-2024 06:01:26,86,0.067,0.002,9.775,9.775,49.93,normal
ACC0088,TRIP001,06-02-2024 06:01:27,87,0.238,-0.235,9.952,9.957,49.98,normal
ACC0089,TRIP001,06-02-2024 06:01:28,88,0.041,0.161,9.695,9.696,49.95,normal
ACC0090,TRIP001,06-02-2024 06:01:29,89,0.147,-0.038,9.733,9.734,49.92,normal
ACC0091,TRIP001,06-02-2024 06:01:30,90,-0.067,0.188,9.509,9.511,49.94,normal
ACC0092,TRIP001,06-02-2024 06:01:31,91,0.029,0.146,9.877,9.878,49.8,normal
ACC0093,TRIP001,06-02-2024 06:01:32,92,0.275,0.065,9.803,9.807,49.77,normal
ACC0094,TRIP001,06-02-2024 06:01:33,93,0.356,-0.083,10.075,10.082,49.8,normal
ACC0095,TRIP001,06-02-2024 06:01:34,94,0.741,-0.157,9.537,9.567,49.84,normal
ACC0096,TRIP001,06-02-2024 06:01:35,95,0.356,0.007,9.569,9.576,49.82,normal
ACC0097,TRIP001,06-02-2024 06:01:36,96,0.285,-0.037,9.783,9.787,49.81,normal
ACC0098,TRIP001,06-02-2024 06:01:37,97,-0.18,-0.107,9.586,9.588,49.9,normal
ACC0099,TRIP001,06-02-2024 06:01:38,98,-0.043,0.096,9.647,9.647,49.94,normal
ACC0100,TRIP001,06-02-2024 06:01:39,99,-0.462,0.184,9.795,9.807,50.04,normal
ACC0101,TRIP001,06-02-2024 06:01:40,100,-0.292,0.015,9.855,9.859,50.1,normal
ACC0102,TRIP001,06-02-2024 06:01:41,101,-0.027,0.017,9.479,9.479,50.06,normal
ACC0103,TRIP001,06-02-2024 06:01:42,102,0.235,0.221,9.758,9.763,50.16,normal
ACC0104,TRIP001,06-02-2024 06:01:43,103,0.628,-0.012,9.438,9.459,50.08,normal
ACC0105,TRIP001,06-02-2024 06:01:44,104,-0.133,0.223,9.847,9.85,49.97,normal
ACC0106,TRIP001,06-02-2024 06:01:45,105,0.031,0.323,9.744,9.749,49.93,normal
ACC0107,TRIP001,06-02-2024 06:01:46,106,0.716,0.011,9.728,9.754,49.95,normal
ACC0108,TRIP001,06-02-2024 06:01:47,107,0.105,-0.086,9.981,9.982,50.01,normal
ACC0109,TRIP001,06-02-2024 06:01:48,108,0.352,-0.021,9.972,9.978,50.0,normal
ACC0110,TRIP001,06-02-2024 06:01:49,109,0.24,0.207,9.921,9.926,50.09,normal
ACC0111,TRIP001,06-02-2024 06:01:50,110,0.235,-0.337,9.626,9.635,50.16,normal
ACC0112,TRIP001,06-02-2024 06:01:51,111,0.001,0.077,9.672,9.673,50.21,normal
ACC0113,TRIP001,06-02-2024 06:01:52,112,-0.015,0.292,9.72,9.725,50.27,normal
ACC0114,TRIP001,06-02-2024 06:01:53,113,0.302,-0.144,9.965,9.97,50.22,normal
ACC0115,TRIP001,06-02-2024 06:01:54,114,-0.147,0.144,9.706,9.708,50.19,normal
ACC0116,TRIP001,06-02-2024 06:01:55,115,-0.003,-0.2,9.957,9.959,50.22,normal
ACC0117,TRIP001,06-02-2024 06:01:56,116,0.079,-0.022,9.868,9.868,50.31,normal
ACC0118,TRIP001,06-02-2024 06:01:57,117,0.361,-0.102,9.917,9.924,50.3,normal
ACC0119,TRIP001,06-02-2024 06:01:58,118,0.04,0.373,9.737,9.744,50.28,normal
ACC0120,TRIP001,06-02-2024 06:01:59,119,-0.486,-0.28,9.868,9.884,50.25,normal
ACC0121,TRIP001,06-02-2024 06:02:00,120,-1.73,-0.223,9.685,9.841,49.75,mild_brake
ACC0122,TRIP001,06-02-2024 06:02:01,121,-0.818,0.118,9.98,10.014,49.25,mild_brake
ACC0123,TRIP001,06-02-2024 06:02:02,122,-0.748,-0.184,9.784,9.814,48.75,mild_brake
ACC0124,TRIP001,06-02-2024 06:02:03,123,-0.831,0.09,9.563,9.6,48.25,mild_brake
ACC0125,TRIP001,06-02-2024 06:02:04,124,0.259,-0.447,9.634,9.648,48.25,normal
ACC0126,TRIP001,06-02-2024 06:02:05,125,-0.416,0.011,9.68,9.689,48.23,normal
ACC0127,TRIP001,06-02-2024 06:02:06,126,0.022,0.038,9.715,9.716,48.23,normal
ACC0128,TRIP001,06-02-2024 06:02:07,127,-0.08,0.111,10.054,10.055,48.24,normal
ACC0129,TRIP001,06-02-2024 06:02:08,128,0.151,-0.233,9.904,9.908,48.21,normal
ACC0130,TRIP001,06-02-2024 06:02:09,129,-0.143,0.111,9.827,9.829,48.26,normal
ACC0131,TRIP001,06-02-2024 06:02:10,130,0.533,-0.108,9.819,9.834,48.35,normal
ACC0132,TRIP001,06-02-2024 06:02:11,131,0.39,0.143,9.996,10.005,48.32,normal
ACC0133,TRIP001,06-02-2024 06:02:12,132,0.291,0.282,10.043,10.051,48.28,normal
ACC0134,TRIP001,06-02-2024 06:02:13,133,0.024,0.077,9.757,9.757,48.26,normal
ACC0135,TRIP001,06-02-2024 06:02:14,134,0.305,-0.071,9.532,9.537,48.28,normal
ACC0136,TRIP001,06-02-2024 06:02:15,135,-0.027,-0.146,9.565,9.566,48.33,normal
ACC0137,TRIP001,06-02-2024 06:02:16,136,-0.568,-0.34,9.759,9.781,48.39,normal
ACC0138,TRIP001,06-02-2024 06:02:17,137,0.493,-0.231,9.773,9.789,48.31,normal
ACC0139,TRIP001,06-02-2024 06:02:18,138,0.403,-0.295,9.779,9.791,48.37,normal
ACC0140,TRIP001,06-02-2024 06:02:19,139,0.033,0.294,9.669,9.674,48.39,normal
ACC0141,TRIP001,06-02-2024 06:02:20,140,0.356,-0.028,10.008,10.014,48.41,normal
ACC0142,TRIP001,06-02-2024 06:02:21,141,-0.391,0.792,9.897,9.937,48.42,normal
ACC0143,TRIP001,06-02-2024 06:02:22,142,-0.32,0.016,9.731,9.736,48.45,normal
ACC0144,TRIP001,06-02-2024 06:02:23,143,0.212,0.371,9.821,9.831,48.48,normal
ACC0145,TRIP001,06-02-2024 06:02:24,144,0.212,-0.03,9.772,9.775,48.53,normal
ACC0146,TRIP001,06-02-2024 06:02:25,145,0.334,-0.126,9.633,9.64,48.53,normal
ACC0147,TRIP001,06-02-2024 06:02:26,146,0.448,-0.006,10.062,10.072,48.49,normal
ACC0148,TRIP001,06-02-2024 06:02:27,147,0.142,-0.503,9.711,9.725,48.47,normal
ACC0149,TRIP001,06-02-2024 06:02:28,148,0.253,0.342,9.805,9.814,48.55,normal
ACC0150,TRIP001,06-02-2024 06:02:29,149,0.299,0.197,9.73,9.737,48.62,normal
ACC0151,TRIP001,06-02-2024 06:02:30,150,-0.222,0.099,9.657,9.66,48.59,normal
ACC0152,TRIP001,06-02-2024 06:02:31,151,-0.338,-0.103,9.853,9.859,48.59,normal
ACC0153,TRIP001,06-02-2024 06:02:32,152,-0.304,0.294,9.851,9.86,48.64,normal
ACC0154,TRIP001,06-02-2024 06:02:33,153,0.336,-0.133,9.508,9.515,48.59,normal
ACC0155,TRIP001,06-02-2024 06:02:34,154,0.468,-0.211,9.922,9.936,48.56,normal
ACC0156,TRIP001,06-02-2024 06:02:35,155,0.218,-0.365,9.975,9.984,48.56,normal
ACC0157,TRIP001,06-02-2024 06:02:36,156,0.366,0.038,9.92,9.927,48.55,normal
ACC0158,TRIP001,06-02-2024 06:02:37,157,0.323,-0.302,9.638,9.648,48.59,normal
ACC0159,TRIP001,06-02-2024 06:02:38,158,0.088,-0.046,9.773,9.774,48.61,normal
ACC0160,TRIP001,06-02-2024 06:02:39,159,-0.078,0.102,9.663,9.663,48.59,normal
ACC0161,TRIP001,06-02-2024 06:02:40,160,0.395,0.214,9.635,9.646,48.64,normal
ACC0162,TRIP001,06-02-2024 06:02:41,161,-0.212,0.147,9.515,9.519,48.58,normal
ACC0163,TRIP001,06-02-2024 06:02:42,162,-0.053,-0.033,10.014,10.014,48.62,normal
ACC0164,TRIP001,06-02-2024 06:02:43,163,0.573,0.241,9.758,9.777,48.61,normal
ACC0165,TRIP001,06-02-2024 06:02:44,164,0.421,0.008,9.776,9.786,48.54,normal
ACC0166,TRIP001,06-02-2024 06:02:45,165,0.068,-0.558,9.732,9.748,48.5,normal
ACC0167,TRIP001,06-02-2024 06:02:46,166,0.308,-0.096,9.751,9.756,48.56,normal
ACC0168,TRIP001,06-02-2024 06:02:47,167,-0.215,0.063,9.516,9.518,48.57,normal
ACC0169,TRIP001,06-02-2024 06:02:48,168,0.223,0.172,9.665,9.669,48.58,normal
ACC0170,TRIP001,06-02-2024 06:02:49,169,0.195,-0.004,9.823,9.824,48.61,normal
ACC0171,TRIP001,06-02-2024 06:02:50,170,0.219,-0.199,9.621,9.625,48.73,normal
ACC0172,TRIP001,06-02-2024 06:02:51,171,0.676,-0.278,9.868,9.895,48.76,normal
ACC0173,TRIP001,06-02-2024 06:02:52,172,0.325,0.028,9.661,9.666,48.75,normal
ACC0174,TRIP001,06-02-2024 06:02:53,173,-0.047,0.027,9.76,9.76,48.75,normal
ACC0175,TRIP001,06-02-2024 06:02:54,174,0.406,0.246,9.623,9.635,48.72,normal
ACC0176,TRIP001,06-02-2024 06:02:55,175,-0.137,0.245,9.791,9.795,48.8,normal
ACC0177,TRIP001,06-02-2024 06:02:56,176,-0.043,0.005,9.598,9.598,48.86,normal
ACC0178,TRIP001,06-02-2024 06:02:57,177,-0.009,-0.297,9.711,9.716,48.75,normal
ACC0179,TRIP001,06-02-2024 06:02:58,178,0.09,0.022,9.843,9.844,48.82,normal
ACC0180,TRIP001,06-02-2024 06:02:59,179,0.01,0.161,9.847,9.848,48.81,normal
ACC0181,TRIP001,06-02-2024 06:03:00,180,-0.523,0.19,9.724,9.74,48.81,normal
ACC0182,TRIP001,06-02-2024 06:03:01,181,-0.281,0.057,9.816,9.82,48.81,normal
ACC0183,TRIP001,06-02-2024 06:03:02,182,0.06,0.21,9.945,9.947,48.85,normal
ACC0184,TRIP001,06-02-2024 06:03:03,183,1.096,-0.12,9.743,9.805,48.8,normal
ACC0185,TRIP001,06-02-2024 06:03:04,184,0.231,-0.137,9.395,9.399,48.74,normal
ACC0186,TRIP001,06-02-2024 06:03:05,185,0.122,0.202,9.566,9.569,48.71,normal
ACC0187,TRIP001,06-02-2024 06:03:06,186,0.058,-0.146,9.88,9.881,48.71,normal
ACC0188,TRIP001,06-02-2024 06:03:07,187,0.196,-0.145,10.03,10.033,48.71,normal
ACC0189,TRIP001,06-02-2024 06:03:08,188,0.488,-0.088,9.889,9.901,48.68,normal
ACC0190,TRIP001,06-02-2024 06:03:09,189,-0.185,-0.141,9.793,9.796,48.66,normal
ACC0191,TRIP001,06-02-2024 06:03:10,190,0.562,-0.23,9.636,9.656,48.75,normal
ACC0192,TRIP001,06-02-2024 06:03:11,191,0.283,-0.376,9.875,9.886,48.76,normal
ACC0193,TRIP001,06-02-2024 06:03:12,192,-0.543,-0.074,9.797,9.813,48.8,normal
ACC0194,TRIP001,06-02-2024 06:03:13,193,0.386,0.019,9.955,9.963,48.79,normal
ACC0195,TRIP001,06-02-2024 06:03:14,194,-0.157,-0.187,9.881,9.884,48.69,normal
ACC0196,TRIP001,06-02-2024 06:03:15,195,0.303,-0.221,9.746,9.753,48.72,normal
ACC0197,TRIP001,06-02-2024 06:03:16,196,0.465,-0.388,9.679,9.698,48.72,normal
ACC0198,TRIP001,06-02-2024 06:03:17,197,-0.079,0.172,9.487,9.489,48.74,normal
ACC0199,TRIP001,06-02-2024 06:03:18,198,0.228,0.01,9.965,9.968,48.68,normal
ACC0200,TRIP001,06-02-2024 06:03:19,199,0.433,-0.141,9.909,9.919,48.66,normal
ACC0201,TRIP001,06-02-2024 06:03:20,200,0.344,0.156,9.58,9.588,48.65,normal
ACC0202,TRIP001,06-02-2024 06:03:21,201,0.072,-0.048,9.687,9.687,48.75,normal
ACC0203,TRIP001,06-02-2024 06:03:22,202,0.163,0.311,9.715,9.721,48.69,normal
ACC0204,TRIP001,06-02-2024 06:03:23,203,0.14,-0.113,10.159,10.16,48.7,normal
ACC0205,TRIP001,06-02-2024 06:03:24,204,0.446,-0.045,9.751,9.761,48.7,normal
ACC0206,TRIP001,06-02-2024 06:03:25,205,0.207,0.17,9.782,9.785,48.67,normal
ACC0207,TRIP001,06-02-2024 06:03:26,206,-0.22,-0.015,9.886,9.888,48.69,normal
ACC0208,TRIP001,06-02-2024 06:03:27,207,0.095,-0.12,9.822,9.823,48.72,normal
ACC0209,TRIP001,06-02-2024 06:03:28,208,0.089,0.022,9.777,9.778,48.77,normal
ACC0210,TRIP001,06-02-2024 06:03:29,209,-0.031,0.037,9.859,9.859,48.8,normal
ACC0211,TRIP001,06-02-2024 06:03:30,210,0.549,0.135,9.89,9.906,48.73,normal
ACC0212,TRIP001,06-02-2024 06:03:31,211,0.282,0.459,9.675,9.69,48.68,normal
ACC0213,TRIP001,06-02-2024 06:03:32,212,0.036,0.204,9.879,9.881,48.65,normal
ACC0214,TRIP001,06-02-2024 06:03:33,213,0.089,0.207,9.901,9.903,48.78,normal
ACC0215,TRIP001,06-02-2024 06:03:34,214,0.402,0.071,9.892,9.901,48.76,normal
ACC0216,TRIP001,06-02-2024 06:03:35,215,-0.193,0.034,9.874,9.876,48.69,normal
ACC0217,TRIP001,06-02-2024 06:03:36,216,-0.057,-0.074,9.84,9.84,48.68,normal
ACC0218,TRIP001,06-02-2024 06:03:37,217,0.234,0.02,9.959,9.962,48.59,normal
ACC0219,TRIP001,06-02-2024 06:03:38,218,0.597,0.284,9.808,9.83,48.62,normal
ACC0220,TRIP001,06-02-2024 06:03:39,219,0.282,-0.147,9.825,9.83,48.66,normal
ACC0221,TRIP001,06-02-2024 06:03:40,220,0.193,0.21,9.814,9.818,48.67,normal
ACC0222,TRIP001,06-02-2024 06:03:41,221,-0.13,-0.073,9.731,9.732,48.75,normal
ACC0223,TRIP001,06-02-2024 06:03:42,222,0.172,-0.2,9.86,9.863,48.74,normal
ACC0224,TRIP001,06-02-2024 06:03:43,223,-0.816,0.096,9.567,9.602,48.77,normal
ACC0225,TRIP001,06-02-2024 06:03:44,224,-0.188,-0.292,9.874,9.88,48.7,normal
ACC0226,TRIP001,06-02-2024 06:03:45,225,-0.034,0.041,9.892,9.892,48.73,normal
ACC0227,TRIP001,06-02-2024 06:03:46,226,0.089,-0.166,10.089,10.09,48.7,normal
ACC0228,TRIP001,06-02-2024 06:03:47,227,0.641,-0.091,9.974,9.995,48.76,normal
ACC0229,TRIP001,06-02-2024 06:03:48,228,-0.214,0.071,9.913,9.916,48.79,normal
ACC0230,TRIP001,06-02-2024 06:03:49,229,0.04,0.06,9.741,9.741,48.73,normal
ACC0231,TRIP001,06-02-2024 06:03:50,230,0.395,-0.112,10.007,10.015,48.76,normal
ACC0232,TRIP001,06-02-2024 06:03:51,231,-0.168,-0.032,9.757,9.759,48.72,normal
ACC0233,TRIP001,06-02-2024 06:03:52,232,0.25,-0.096,10.045,10.048,48.76,normal
ACC0234,TRIP001,06-02-2024 06:03:53,233,-0.164,-0.004,9.766,9.767,48.68,normal
ACC0235,TRIP001,06-02-2024 06:03:54,234,0.379,0.19,9.939,9.948,48.66,normal
ACC0236,TRIP001,06-02-2024 06:03:55,235,0.421,-0.042,9.94,9.949,48.75,normal
ACC0237,TRIP001,06-02-2024 06:03:56,236,0.142,-0.284,9.752,9.758,48.78,normal
ACC0238,TRIP001,06-02-2024 06:03:57,237,0.466,-0.227,9.771,9.785,48.8,normal
ACC0239,TRIP001,06-02-2024 06:03:58,238,0.23,0.182,9.658,9.662,48.77,normal
ACC0240,TRIP001,06-02-2024 06:03:59,239,0.402,0.078,9.867,9.876,48.83,normal
ACC0241,TRIP001,06-02-2024 06:04:00,240,0.131,0.106,9.753,9.754,48.76,normal
ACC0242,TRIP001,06-02-2024 06:04:01,241,-0.289,0.015,9.77,9.774,48.73,normal
ACC0243,TRIP001,06-02-2024 06:04:02,242,0.195,-0.178,9.817,9.82,48.73,normal
ACC0244,TRIP001,06-02-2024 06:04:03,243,-0.152,-0.46,10.018,10.03,48.75,normal
ACC0245,TRIP001,06-02-2024 06:04:04,244,-0.699,-0.085,9.859,9.884,48.73,normal
ACC0246,TRIP001,06-02-2024 06:04:05,245,0.274,-0.195,9.826,9.832,48.73,normal
ACC0247,TRIP001,06-02-2024 06:04:06,246,0.045,-0.044,9.83,9.83,48.78,normal
ACC0248,TRIP001,06-02-2024 06:04:07,247,-0.059,-0.081,9.824,9.825,48.77,normal
ACC0249,TRIP001,06-02-2024 06:04:08,248,0.216,0.144,9.994,9.997,48.77,normal
ACC0250,TRIP001,06-02-2024 06:04:09,249,-0.583,-0.014,9.853,9.87,48.76,normal
ACC0251,TRIP001,06-02-2024 06:04:10,250,0.054,-0.487,9.876,9.888,48.74,normal
ACC0252,TRIP001,06-02-2024 06:04:11,251,-0.353,-0.174,9.67,9.678,48.77,normal
ACC0253,TRIP001,06-02-2024 06:04:12,252,0.268,0.303,9.897,9.905,48.7,normal
ACC0254,TRIP001,06-02-2024 06:04:13,253,-0.323,0.226,10.035,10.043,48.69,normal
ACC0255,TRIP001,06-02-2024 06:04:14,254,0.268,-0.301,9.508,9.517,48.63,normal
ACC0256,TRIP001,06-02-2024 06:04:15,255,-0.007,-0.104,9.765,9.766,48.61,normal
ACC0257,TRIP001,06-02-2024 06:04:16,256,0.304,0.286,9.805,9.814,48.71,normal
ACC0258,TRIP001,06-02-2024 06:04:17,257,-0.09,-0.105,9.858,9.859,48.69,normal
ACC0259,TRIP001,06-02-2024 06:04:18,258,0.453,-0.128,9.998,10.009,48.7,normal
ACC0260,TRIP001,06-02-2024 06:04:19,259,0.87,-0.093,9.77,9.809,48.71,normal
ACC0261,TRIP001,06-02-2024 06:04:20,260,-0.554,0.12,9.872,9.888,48.71,normal
ACC0262,TRIP001,06-02-2024 06:04:21,261,-0.363,-0.309,9.888,9.899,48.77,normal
ACC0263,TRIP001,06-02-2024 06:04:22,262,0.578,-0.179,9.645,9.664,48.76,normal
ACC0264,TRIP001,06-02-2024 06:04:23,263,-0.493,-0.118,9.928,9.941,48.84,normal
ACC0265,TRIP001,06-02-2024 06:04:24,264,0.184,0.328,9.862,9.869,48.85,normal
ACC0266,TRIP001,06-02-2024 06:04:25,265,0.049,0.037,9.762,9.762,48.84,normal
ACC0267,TRIP001,06-02-2024 06:04:26,266,-0.099,0.052,9.802,9.803,48.77,normal
ACC0268,TRIP001,06-02-2024 06:04:27,267,0.028,-0.171,9.493,9.494,48.79,normal
ACC0269,TRIP001,06-02-2024 06:04:28,268,0.568,0.474,10.034,10.062,48.75,normal
ACC0270,TRIP001,06-02-2024 06:04:29,269,0.453,0.224,9.502,9.515,48.79,normal
ACC0271,TRIP001,06-02-2024 06:04:30,270,0.288,0.033,9.843,9.848,48.8,normal
ACC0272,TRIP001,06-02-2024 06:04:31,271,0.59,-0.08,9.77,9.788,48.8,normal
ACC0273,TRIP001,06-02-2024 06:04:32,272,0.183,-0.353,10.008,10.016,48.81,normal
ACC0274,TRIP001,06-02-2024 06:04:33,273,0.271,0.039,9.772,9.776,48.79,normal
ACC0275,TRIP001,06-02-2024 06:04:34,274,0.129,0.03,9.973,9.974,48.81,normal
ACC0276,TRIP001,06-02-2024 06:04:35,275,0.06,0.397,9.608,9.616,48.74,normal
ACC0277,TRIP001,06-02-2024 06:04:36,276,0.206,-0.042,9.534,9.536,48.72,normal
ACC0278,TRIP001,06-02-2024 06:04:37,277,-0.113,0.226,9.707,9.71,48.78,normal
ACC0279,TRIP001,06-02-2024 06:04:38,278,0.238,-0.041,9.803,9.806,48.8,normal
ACC0280,TRIP001,06-02-2024 06:04:39,279,-0.592,0.065,9.743,9.761,48.89,normal
ACC0281,TRIP001,06-02-2024 06:04:40,280,-0.107,0.229,9.423,9.426,48.93,normal
ACC0282,TRIP001,06-02-2024 06:04:41,281,0.183,-0.049,9.782,9.784,48.92,normal
ACC0283,TRIP001,06-02-2024 06:04:42,282,0.227,-0.027,9.532,9.535,48.91,normal
ACC0284,TRIP001,06-02-2024 06:04:43,283,0.77,0.009,9.844,9.874,48.89,normal
ACC0285,TRIP001,06-02-2024 06:04:44,284,0.152,0.036,9.761,9.762,48.93,normal
ACC0286,TRIP001,06-02-2024 06:04:45,285,-0.177,-0.026,9.876,9.877,48.92,normal
ACC0287,TRIP001,06-02-2024 06:04:46,286,-0.267,0.112,9.653,9.657,48.89,normal
ACC0288,TRIP001,06-02-2024 06:04:47,287,-0.148,-0.022,9.736,9.737,48.87,normal
ACC0289,TRIP001,06-02-2024 06:04:48,288,0.304,0.353,9.746,9.757,48.9,normal
ACC0290,TRIP001,06-02-2024 06:04:49,289,-0.007,0.02,9.969,9.969,48.9,normal
ACC0291,TRIP001,06-02-2024 06:04:50,290,-0.145,-0.146,9.707,9.71,48.9,normal
ACC0292,TRIP001,06-02-2024 06:04:51,291,0.357,-0.272,9.644,9.655,48.85,normal
ACC0293,TRIP001,06-02-2024 06:04:52,292,-0.425,0.265,9.795,9.807,48.95,normal
ACC0294,TRIP001,06-02-2024 06:04:53,293,-0.327,0.259,9.695,9.704,48.93,normal
ACC0295,TRIP001,06-02-2024 06:04:54,294,-0.197,-0.19,9.601,9.605,48.94,normal
ACC0296,TRIP001,06-02-2024 06:04:55,295,-0.294,-0.048,9.799,9.803,48.97,normal
ACC0297,TRIP001,06-02-2024 06:04:56,296,0.13,0.064,9.877,9.878,48.97,normal
ACC0298,TRIP001,06-02-2024 06:04:57,297,0.209,-0.196,9.684,9.688,49.06,normal
ACC0299,TRIP001,06-02-2024 06:04:58,298,0.096,-0.142,10.007,10.008,49.06,normal
ACC0300,TRIP001,06-02-2024 06:04:59,299,-0.094,-0.29,9.917,9.922,49.0,normal
ACC0301,TRIP001,06-02-2024 06:05:00,300,-0.052,0.129,9.828,9.829,48.0,hard_brake
ACC0302,TRIP001,06-02-2024 06:05:01,301,-2.329,0.229,10.135,10.401,47.0,hard_brake
ACC0303,TRIP001,06-02-2024 06:05:02,302,-4.412,0.386,9.962,10.902,45.24,hard_brake
ACC0304,TRIP001,06-02-2024 06:05:03,303,-6.374,-0.12,9.663,11.577,42.69,hard_brake
ACC0305,TRIP001,06-02-2024 06:05:04,304,-3.926,-0.117,9.931,10.68,41.12,hard_brake
ACC0306,TRIP001,06-02-2024 06:05:05,305,-1.841,0.177,9.848,10.02,40.12,hard_brake
ACC0307,TRIP001,06-02-2024 06:05:06,306,0.412,0.115,9.784,9.793,40.16,normal
ACC0308,TRIP001,06-02-2024 06:05:07,307,0.193,0.583,9.965,9.984,40.22,normal
ACC0309,TRIP001,06-02-2024 06:05:08,308,0.487,0.016,9.997,10.009,40.22,normal
ACC0310,TRIP001,06-02-2024 06:05:09,309,-0.149,-0.113,9.879,9.881,40.14,normal
ACC0311,TRIP001,06-02-2024 06:05:10,310,0.163,-0.146,9.908,9.91,40.11,normal
ACC0312,TRIP001,06-02-2024 06:05:11,311,0.662,0.154,9.61,9.634,40.19,normal
ACC0313,TRIP001,06-02-2024 06:05:12,312,0.032,-0.145,9.646,9.648,40.22,normal
ACC0314,TRIP001,06-02-2024 06:05:13,313,0.551,-0.116,9.65,9.667,40.17,normal
ACC0315,TRIP001,06-02-2024 06:05:14,314,0.549,0.334,9.748,9.769,40.19,normal
ACC0316,TRIP001,06-02-2024 06:05:15,315,0.099,-0.012,9.945,9.945,40.21,normal
ACC0317,TRIP001,06-02-2024 06:05:16,316,0.199,-0.059,9.922,9.925,40.2,normal
ACC0318,TRIP001,06-02-2024 06:05:17,317,0.115,0.044,9.62,9.621,40.19,normal
ACC0319,TRIP001,06-02-2024 06:05:18,318,0.006,0.02,9.633,9.633,40.13,normal
ACC0320,TRIP001,06-02-2024 06:05:19,319,0.587,0.231,9.933,9.953,40.22,normal
ACC0321,TRIP001,06-02-2024 06:05:20,320,0.226,-0.018,9.872,9.875,40.12,normal
ACC0322,TRIP001,06-02-2024 06:05:21,321,-0.229,0.152,9.805,9.809,40.06,normal
ACC0323,TRIP001,06-02-2024 06:05:22,322,0.298,0.2,9.9,9.907,40.06,normal
ACC0324,TRIP001,06-02-2024 06:05:23,323,-0.151,0.022,9.864,9.865,40.04,normal
ACC0325,TRIP001,06-02-2024 06:05:24,324,0.281,0.063,9.85,9.854,39.94,normal
ACC0326,TRIP001,06-02-2024 06:05:25,325,0.424,0.345,9.74,9.755,39.87,normal
ACC0327,TRIP001,06-02-2024 06:05:26,326,0.292,-0.093,9.655,9.66,39.93,normal
ACC0328,TRIP001,06-02-2024 06:05:27,327,-0.315,0.143,9.613,9.619,40.0,normal
ACC0329,TRIP001,06-02-2024 06:05:28,328,0.255,-0.051,9.822,9.826,40.03,normal
ACC0330,TRIP001,06-02-2024 06:05:29,329,0.349,0.166,9.882,9.89,40.0,normal
ACC0331,TRIP001,06-02-2024 06:05:30,330,0.299,-0.262,9.951,9.959,40.05,normal
ACC0332,TRIP001,06-02-2024 06:05:31,331,0.518,-0.118,9.828,9.842,40.09,normal
ACC0333,TRIP001,06-02-2024 06:05:32,332,0.195,-0.085,9.846,9.848,40.09,normal
ACC0334,TRIP001,06-02-2024 06:05:33,333,0.399,-0.126,9.851,9.86,40.11,normal
ACC0335,TRIP001,06-02-2024 06:05:34,334,0.327,-0.015,9.819,9.825,40.11,normal
ACC0336,TRIP001,06-02-2024 06:05:35,335,0.11,0.002,9.751,9.752,40.25,normal
ACC0337,TRIP001,06-02-2024 06:05:36,336,-0.153,-0.235,9.681,9.685,40.21,normal
ACC0338,TRIP001,06-02-2024 06:05:37,337,0.103,0.286,10.053,10.058,40.22,normal
ACC0339,TRIP001,06-02-2024 06:05:38,338,-0.649,0.077,9.603,9.626,40.2,normal
ACC0340,TRIP001,06-02-2024 06:05:39,339,-0.245,0.085,9.706,9.709,40.24,normal
ACC0341,TRIP001,06-02-2024 06:05:40,340,0.243,-0.048,9.812,9.815,40.28,normal
ACC0342,TRIP001,06-02-2024 06:05:41,341,-0.012,0.183,9.797,9.799,40.3,normal
ACC0343,TRIP001,06-02-2024 06:05:42,342,0.34,0.266,9.878,9.888,40.3,normal
ACC0344,TRIP001,06-02-2024 06:05:43,343,0.316,-0.309,10.046,10.056,40.23,normal
ACC0345,TRIP001,06-02-2024 06:05:44,344,0.371,-0.113,9.876,9.884,40.23,normal
ACC0346,TRIP001,06-02-2024 06:05:45,345,0.191,-0.16,9.476,9.479,40.25,normal
ACC0347,TRIP001,06-02-2024 06:05:46,346,-0.08,-0.13,9.691,9.692,40.35,normal
ACC0348,TRIP001,06-02-2024 06:05:47,347,-0.075,0.065,9.626,9.626,40.42,normal
ACC0349,TRIP001,06-02-2024 06:05:48,348,-0.067,-0.52,10.207,10.22,40.37,normal
ACC0350,TRIP001,06-02-2024 06:05:49,349,0.493,0.147,9.898,9.911,40.36,normal
ACC0351,TRIP001,06-02-2024 06:05:50,350,0.157,0.245,9.755,9.759,40.37,normal
ACC0352,TRIP001,06-02-2024 06:05:51,351,0.378,0.017,9.736,9.744,40.44,normal
ACC0353,TRIP001,06-02-2024 06:05:52,352,0.203,-0.025,9.684,9.686,40.39,normal
ACC0354,TRIP001,06-02-2024 06:05:53,353,0.368,0.19,9.474,9.483,40.36,normal
ACC0355,TRIP001,06-02-2024 06:05:54,354,0.389,0.485,10.123,10.142,40.41,normal
ACC0356,TRIP001,06-02-2024 06:05:55,355,0.512,-0.105,9.916,9.93,40.35,normal
ACC0357,TRIP001,06-02-2024 06:05:56,356,-0.069,0.064,10.125,10.126,40.38,normal
ACC0358,TRIP001,06-02-2024 06:05:57,357,0.182,-0.034,9.602,9.603,40.41,normal
ACC0359,TRIP001,06-02-2024 06:05:58,358,-0.005,0.048,9.667,9.667,40.42,normal
ACC0360,TRIP001,06-02-2024 06:05:59,359,-0.361,0.101,9.998,10.005,40.46,normal
ACC0361,TRIP001,06-02-2024 06:06:00,360,0.734,0.065,9.876,9.903,40.49,normal
ACC0362,TRIP001,06-02-2024 06:06:01,361,-0.164,0.431,9.948,9.959,40.48,normal
ACC0363,TRIP001,06-02-2024 06:06:02,362,-0.171,0.116,9.929,9.931,40.49,normal
ACC0364,TRIP001,06-02-2024 06:06:03,363,0.156,-0.038,9.8,9.801,40.55,normal
ACC0365,TRIP001,06-02-2024 06:06:04,364,0.52,-0.3,9.821,9.839,40.49,normal
ACC0366,TRIP001,06-02-2024 06:06:05,365,-0.301,0.117,9.674,9.679,40.33,normal
ACC0367,TRIP001,06-02-2024 06:06:06,366,0.294,0.256,10.106,10.113,40.31,normal
ACC0368,TRIP001,06-02-2024 06:06:07,367,0.534,-0.524,9.643,9.672,40.34,normal
ACC0369,TRIP001,06-02-2024 06:06:08,368,0.241,0.264,9.944,9.95,40.34,normal
ACC0370,TRIP001,06-02-2024 06:06:09,369,0.559,0.137,10.058,10.074,40.3,normal
ACC0371,TRIP001,06-02-2024 06:06:10,370,0.19,-0.086,9.921,9.923,40.28,normal
ACC0372,TRIP001,06-02-2024 06:06:11,371,0.024,-0.265,9.846,9.85,40.34,normal
ACC0373,TRIP001,06-02-2024 06:06:12,372,0.402,-0.603,9.557,9.585,40.44,normal
ACC0374,TRIP001,06-02-2024 06:06:13,373,0.044,-0.03,9.975,9.975,40.45,normal
ACC0375,TRIP001,06-02-2024 06:06:14,374,-0.09,-0.042,10.085,10.085,40.38,normal
ACC0376,TRIP001,06-02-2024 06:06:15,375,0.49,-0.062,9.759,9.772,40.47,normal
ACC0377,TRIP001,06-02-2024 06:06:16,376,-0.093,0.167,9.746,9.747,40.4,normal
ACC0378,TRIP001,06-02-2024 06:06:17,377,0.05,0.234,9.772,9.775,40.43,normal
ACC0379,TRIP001,06-02-2024 06:06:18,378,0.157,0.009,9.737,9.739,40.44,normal
ACC0380,TRIP001,06-02-2024 06:06:19,379,-0.51,-0.09,9.529,9.543,40.45,normal
ACC0381,TRIP001,06-02-2024 06:06:20,380,0.206,-0.159,9.92,9.924,40.47,normal
ACC0382,TRIP001,06-02-2024 06:06:21,381,0.188,-0.072,9.871,9.873,40.52,normal
ACC0383,TRIP001,06-02-2024 06:06:22,382,-0.098,-0.163,9.978,9.98,40.41,normal
ACC0384,TRIP001,06-02-2024 06:06:23,383,-0.685,-0.363,9.827,9.858,40.42,normal
ACC0385,TRIP001,06-02-2024 06:06:24,384,0.249,0.015,10.031,10.034,40.49,normal
ACC0386,TRIP001,06-02-2024 06:06:25,385,0.448,-0.231,9.855,9.867,40.45,normal
ACC0387,TRIP001,06-02-2024 06:06:26,386,-0.05,-0.205,9.802,9.804,40.48,normal
ACC0388,TRIP001,06-02-2024 06:06:27,387,0.124,-0.239,9.571,9.575,40.44,normal
ACC0389,TRIP001,06-02-2024 06:06:28,388,-0.133,0.157,9.752,9.754,40.43,normal
ACC0390,TRIP001,06-02-2024 06:06:29,389,0.053,0.219,10.045,10.048,40.45,normal
ACC0391,TRIP001,06-02-2024 06:06:30,390,0.026,0.281,9.866,9.87,40.43,normal
ACC0392,TRIP001,06-02-2024 06:06:31,391,0.403,0.041,9.585,9.593,40.46,normal
ACC0393,TRIP001,06-02-2024 06:06:32,392,0.19,-0.371,9.477,9.487,40.47,normal
ACC0394,TRIP001,06-02-2024 06:06:33,393,0.305,0.122,9.596,9.601,40.45,normal
ACC0395,TRIP001,06-02-2024 06:06:34,394,0.3,-0.307,9.813,9.822,40.46,normal
ACC0396,TRIP001,06-02-2024 06:06:35,395,0.377,-0.491,9.822,9.841,40.56,normal
ACC0397,TRIP001,06-02-2024 06:06:36,396,-0.086,-0.063,9.943,9.944,40.52,normal
ACC0398,TRIP001,06-02-2024 06:06:37,397,0.447,0.108,9.564,9.575,40.53,normal
ACC0399,TRIP001,06-02-2024 06:06:38,398,-0.338,0.191,9.548,9.556,40.44,normal
ACC0400,TRIP001,06-02-2024 06:06:39,399,-0.241,-0.161,9.997,10.001,40.44,normal
ACC0401,TRIP001,06-02-2024 06:06:40,400,0.187,0.215,9.695,9.7,40.41,normal
ACC0402,TRIP001,06-02-2024 06:06:41,401,-0.154,0.157,10.045,10.047,40.42,normal
ACC0403,TRIP001,06-02-2024 06:06:42,402,-0.087,-0.104,9.633,9.634,40.46,normal
ACC0404,TRIP001,06-02-2024 06:06:43,403,-0.219,-0.051,9.625,9.627,40.36,normal
ACC0405,TRIP001,06-02-2024 06:06:44,404,-0.662,-0.178,9.833,9.857,40.35,normal
ACC0406,TRIP001,06-02-2024 06:06:45,405,0.033,-0.214,9.66,9.663,40.29,normal
ACC0407,TRIP001,06-02-2024 06:06:46,406,0.163,0.41,9.78,9.789,40.23,normal
ACC0408,TRIP001,06-02-2024 06:06:47,407,0.482,-0.2,9.884,9.897,40.2,normal
ACC0409,TRIP001,06-02-2024 06:06:48,408,0.124,0.687,9.688,9.713,40.17,normal
ACC0410,TRIP001,06-02-2024 06:06:49,409,0.213,-0.004,9.739,9.741,40.14,normal
ACC0411,TRIP001,06-02-2024 06:06:50,410,0.277,0.215,9.657,9.664,40.08,normal
ACC0412,TRIP001,06-02-2024 06:06:51,411,0.649,-0.285,9.907,9.933,40.11,normal
ACC0413,TRIP001,06-02-2024 06:06:52,412,-0.231,0.152,9.635,9.638,40.05,normal
ACC0414,TRIP001,06-02-2024 06:06:53,413,-0.317,0.167,9.733,9.739,40.11,normal
ACC0415,TRIP001,06-02-2024 06:06:54,414,-0.143,0.123,10.011,10.013,40.1,normal
ACC0416,TRIP001,06-02-2024 06:06:55,415,-0.238,-0.069,9.989,9.992,40.14,normal
ACC0417,TRIP001,06-02-2024 06:06:56,416,-0.016,-0.349,9.907,9.913,40.22,normal
ACC0418,TRIP001,06-02-2024 06:06:57,417,0.595,0.087,9.771,9.79,40.18,normal
ACC0419,TRIP001,06-02-2024 06:06:58,418,-0.072,-0.33,10.12,10.126,40.18,normal
ACC0420,TRIP001,06-02-2024 06:06:59,419,0.815,-0.015,9.557,9.592,40.27,normal
ACC0421,TRIP001,06-02-2024 06:07:00,420,-0.158,-0.088,10.047,10.049,40.34,normal
ACC0422,TRIP001,06-02-2024 06:07:01,421,-0.508,0.0,9.637,9.65,40.37,normal
ACC0423,TRIP001,06-02-2024 06:07:02,422,0.644,-0.103,10.024,10.045,40.33,normal
ACC0424,TRIP001,06-02-2024 06:07:03,423,0.752,-0.165,9.73,9.761,40.34,normal
ACC0425,TRIP001,06-02-2024 06:07:04,424,-0.32,0.31,9.639,9.65,40.37,normal
ACC0426,TRIP001,06-02-2024 06:07:05,425,-0.287,0.022,9.798,9.803,40.35,normal
ACC0427,TRIP001,06-02-2024 06:07:06,426,0.247,-0.223,10.028,10.034,40.36,normal
ACC0428,TRIP001,06-02-2024 06:07:07,427,-0.737,0.401,9.868,9.904,40.44,normal
ACC0429,TRIP001,06-02-2024 06:07:08,428,0.047,-0.453,9.737,9.748,40.38,normal
ACC0430,TRIP001,06-02-2024 06:07:09,429,0.088,-0.097,9.831,9.832,40.29,normal
ACC0431,TRIP001,06-02-2024 06:07:10,430,0.116,-0.092,9.895,9.896,40.2,normal
ACC0432,TRIP001,06-02-2024 06:07:11,431,-0.028,0.332,9.623,9.629,40.24,normal
ACC0433,TRIP001,06-02-2024 06:07:12,432,0.499,-0.002,9.948,9.961,40.29,normal
ACC0434,TRIP001,06-02-2024 06:07:13,433,0.571,-0.074,9.783,9.8,40.33,normal
ACC0435,TRIP001,06-02-2024 06:07:14,434,-0.124,0.01,9.695,9.696,40.22,normal
ACC0436,TRIP001,06-02-2024 06:07:15,435,0.2,0.34,9.744,9.752,40.22,normal
ACC0437,TRIP001,06-02-2024 06:07:16,436,-0.036,-0.148,9.82,9.822,40.28,normal
ACC0438,TRIP001,06-02-2024 06:07:17,437,0.765,0.165,9.656,9.687,40.2,normal
ACC0439,TRIP001,06-02-2024 06:07:18,438,0.492,0.063,9.708,9.721,40.15,normal
ACC0440,TRIP001,06-02-2024 06:07:19,439,-0.142,0.247,9.797,9.801,40.08,normal
ACC0441,TRIP001,06-02-2024 06:07:20,440,0.362,0.062,9.756,9.763,40.11,normal
ACC0442,TRIP001,06-02-2024 06:07:21,441,-0.148,0.193,9.586,9.589,40.07,normal
ACC0443,TRIP001,06-02-2024 06:07:22,442,-0.313,-0.083,9.686,9.692,40.05,normal
ACC0444,TRIP001,06-02-2024 06:07:23,443,0.101,0.111,9.822,9.823,40.06,normal
ACC0445,TRIP001,06-02-2024 06:07:24,444,0.581,-0.053,9.581,9.599,40.11,normal
ACC0446,TRIP001,06-02-2024 06:07:25,445,0.651,0.037,9.926,9.947,40.08,normal
ACC0447,TRIP001,06-02-2024 06:07:26,446,0.156,0.127,9.857,9.859,40.05,normal
ACC0448,TRIP001,06-02-2024 06:07:27,447,0.589,0.035,9.94,9.957,40.07,normal
ACC0449,TRIP001,06-02-2024 06:07:28,448,0.362,0.187,9.768,9.776,40.11,normal
ACC0450,TRIP001,06-02-2024 06:07:29,449,0.748,0.4,9.915,9.951,40.2,normal
ACC0451,TRIP001,06-02-2024 06:07:30,450,-0.292,0.294,9.811,9.82,40.11,normal
ACC0452,TRIP001,06-02-2024 06:07:31,451,0.15,0.195,9.696,9.699,40.2,normal
ACC0453,TRIP001,06-02-2024 06:07:32,452,0.505,-0.255,9.951,9.967,40.21,normal
ACC0454,TRIP001,06-02-2024 06:07:33,453,-0.066,-0.063,9.733,9.734,40.15,normal
ACC0455,TRIP001,06-02-2024 06:07:34,454,-0.034,0.139,10.014,10.015,40.22,normal
ACC0456,TRIP001,06-02-2024 06:07:35,455,-0.072,-0.023,9.671,9.671,40.27,normal
ACC0457,TRIP001,06-02-2024 06:07:36,456,-0.394,-0.273,9.705,9.716,40.28,normal
ACC0458,TRIP001,06-02-2024 06:07:37,457,0.004,0.007,9.807,9.807,40.3,normal
ACC0459,TRIP001,06-02-2024 06:07:38,458,-0.21,-0.068,9.887,9.889,40.31,normal
ACC0460,TRIP001,06-02-2024 06:07:39,459,0.428,-0.149,9.936,9.946,40.38,normal
ACC0461,TRIP001,06-02-2024 06:07:40,460,0.057,0.053,9.834,9.834,40.41,normal
ACC0462,TRIP001,06-02-2024 06:07:41,461,0.216,0.294,9.877,9.884,40.45,normal
ACC0463,TRIP001,06-02-2024 06:07:42,462,0.199,-0.208,9.865,9.869,40.44,normal
ACC0464,TRIP001,06-02-2024 06:07:43,463,-0.091,-0.179,9.789,9.791,40.41,normal
ACC0465,TRIP001,06-02-2024 06:07:44,464,0.712,0.319,9.76,9.791,40.45,normal
ACC0466,TRIP001,06-02-2024 06:07:45,465,0.447,-0.035,10.077,10.087,40.49,normal
ACC0467,TRIP001,06-02-2024 06:07:46,466,0.069,-0.36,9.655,9.662,40.51,normal
ACC0468,TRIP001,06-02-2024 06:07:47,467,-0.031,-0.004,9.682,9.682,40.52,normal
ACC0469,TRIP001,06-02-2024 06:07:48,468,-0.037,-0.311,9.749,9.754,40.49,normal
ACC0470,TRIP001,06-02-2024 06:07:49,469,-0.365,0.285,9.789,9.8,40.48,normal
ACC0471,TRIP001,06-02-2024 06:07:50,470,0.325,-0.017,9.915,9.92,40.4,normal
ACC0472,TRIP001,06-02-2024 06:07:51,471,-0.211,0.109,10.024,10.027,40.4,normal
ACC0473,TRIP001,06-02-2024 06:07:52,472,0.165,-0.165,9.796,9.798,40.37,normal
ACC0474,TRIP001,06-02-2024 06:07:53,473,0.052,0.144,9.5,9.501,40.38,normal
ACC0475,TRIP001,06-02-2024 06:07:54,474,-0.141,-0.129,9.971,9.973,40.39,normal
ACC0476,TRIP001,06-02-2024 06:07:55,475,0.38,-0.353,9.738,9.752,40.37,normal
ACC0477,TRIP001,06-02-2024 06:07:56,476,-0.077,0.088,9.934,9.935,40.32,normal
ACC0478,TRIP001,06-02-2024 06:07:57,477,-0.189,-0.25,9.972,9.977,40.29,normal
ACC0479,TRIP001,06-02-2024 06:07:58,478,0.07,-0.066,9.655,9.656,40.31,normal
ACC0480,TRIP001,06-02-2024 06:07:59,479,0.215,0.188,9.766,9.77,40.29,normal
ACC0481,TRIP001,06-02-2024 06:08:00,480,-0.076,0.298,9.951,9.956,40.29,normal
ACC0482,TRIP001,06-02-2024 06:08:01,481,0.295,-0.117,10.108,10.113,40.26,normal
ACC0483,TRIP001,06-02-2024 06:08:02,482,-0.014,-0.074,10.055,10.055,40.27,normal
ACC0484,TRIP001,06-02-2024 06:08:03,483,0.425,-0.022,9.618,9.627,40.31,normal
ACC0485,TRIP001,06-02-2024 06:08:04,484,-0.088,-0.264,9.738,9.742,40.34,normal
ACC0486,TRIP001,06-02-2024 06:08:05,485,0.629,-0.277,9.47,9.495,40.39,normal
ACC0487,TRIP001,06-02-2024 06:08:06,486,0.19,-0.113,9.863,9.865,40.42,normal
ACC0488,TRIP001,06-02-2024 06:08:07,487,0.674,-0.026,9.992,10.015,40.4,normal
ACC0489,TRIP001,06-02-2024 06:08:08,488,-0.053,0.085,9.633,9.633,40.34,normal
ACC0490,TRIP001,06-02-2024 06:08:09,489,0.389,-0.393,9.817,9.833,40.32,normal
ACC0491,TRIP001,06-02-2024 06:08:10,490,-0.012,-0.266,9.495,9.498,40.29,normal
ACC0492,TRIP001,06-02-2024 06:08:11,491,-0.25,-0.085,9.813,9.817,40.25,normal
ACC0493,TRIP001,06-02-2024 06:08:12,492,-0.222,0.058,9.686,9.688,40.2,normal
ACC0494,TRIP001,06-02-2024 06:08:13,493,0.01,0.057,10.116,10.116,40.28,normal
ACC0495,TRIP001,06-02-2024 06:08:14,494,-0.279,-0.265,9.81,9.817,40.31,normal
ACC0496,TRIP001,06-02-2024 06:08:15,495,0.06,0.434,9.977,9.986,40.39,normal
ACC0497,TRIP001,06-02-2024 06:08:16,496,-0.025,-0.179,9.639,9.641,40.39,normal
ACC0498,TRIP001,06-02-2024 06:08:17,497,-0.278,-0.127,9.735,9.74,40.43,normal
ACC0499,TRIP001,06-02-2024 06:08:18,498,-0.042,-0.281,9.733,9.737,40.44,normal
ACC0500,TRIP001,06-02-2024 06:08:19,499,0.268,-0.184,9.897,9.902,40.51,normal
ACC0501,TRIP001,06-02-2024 06:08:20,500,0.247,0.048,9.733,9.736,40.48,normal
ACC0502,TRIP001,06-02-2024 06:08:21,501,-0.509,0.122,9.747,9.761,40.49,normal
ACC0503,TRIP001,06-02-2024 06:08:22,502,0.25,-0.157,9.953,9.957,40.49,normal
ACC0504,TRIP001,06-02-2024 06:08:23,503,0.549,0.034,9.848,9.863,40.48,normal
ACC0505,TRIP001,06-02-2024 06:08:24,504,0.543,-0.421,9.72,9.744,40.47,normal
ACC0506,TRIP001,06-02-2024 06:08:25,505,-0.359,-0.159,9.474,9.482,40.48,normal
ACC0507,TRIP001,06-02-2024 06:08:26,506,-0.322,0.074,9.761,9.766,40.43,normal
ACC0508,TRIP001,06-02-2024 06:08:27,507,-0.366,-0.137,9.847,9.854,40.43,normal
ACC0509,TRIP001,06-02-2024 06:08:28,508,0.3,-0.158,10.041,10.047,40.42,normal
ACC0510,TRIP001,06-02-2024 06:08:29,509,-0.154,0.262,10.004,10.008,40.41,normal
ACC0511,TRIP001,06-02-2024 06:08:30,510,-0.045,0.182,9.666,9.668,40.46,normal
ACC0512,TRIP001,06-02-2024 06:08:31,511,-0.316,-0.017,9.802,9.807,40.52,normal
ACC0513,TRIP001,06-02-2024 06:08:32,512,-0.449,0.047,9.782,9.792,40.52,normal
ACC0514,TRIP001,06-02-2024 06:08:33,513,-1.69,-0.26,9.731,9.88,40.51,noise_spike
ACC0515,TRIP001,06-02-2024 06:08:34,514,0.133,-0.001,9.905,9.906,40.43,normal
ACC0516,TRIP001,06-02-2024 06:08:35,515,0.317,0.183,9.936,9.943,40.41,normal
ACC0517,TRIP001,06-02-2024 06:08:36,516,-0.271,-0.197,9.837,9.843,40.44,normal
ACC0518,TRIP001,06-02-2024 06:08:37,517,0.483,0.304,9.931,9.947,40.44,normal
ACC0519,TRIP001,06-02-2024 06:08:38,518,0.179,-0.047,9.958,9.96,40.47,normal
ACC0520,TRIP001,06-02-2024 06:08:39,519,0.165,-0.251,9.957,9.962,40.39,normal
ACC0521,TRIP001,06-02-2024 06:08:40,520,0.47,0.197,9.562,9.575,40.39,normal
ACC0522,TRIP001,06-02-2024 06:08:41,521,-0.272,-0.029,9.883,9.887,40.38,normal
ACC0523,TRIP001,06-02-2024 06:08:42,522,-0.309,0.052,9.839,9.844,40.38,normal
ACC0524,TRIP001,06-02-2024 06:08:43,523,-0.214,-0.07,9.84,9.843,40.37,normal
ACC0525,TRIP001,06-02-2024 06:08:44,524,0.734,0.051,9.769,9.797,40.4,normal
ACC0526,TRIP001,06-02-2024 06:08:45,525,-0.232,0.084,10.043,10.046,40.35,normal
ACC0527,TRIP001,06-02-2024 06:08:46,526,0.19,0.153,9.546,9.549,40.43,normal
ACC0528,TRIP001,06-02-2024 06:08:47,527,-0.213,-0.067,9.857,9.86,40.42,normal
ACC0529,TRIP001,06-02-2024 06:08:48,528,0.341,0.03,9.885,9.891,40.43,normal
ACC0530,TRIP001,06-02-2024 06:08:49,529,0.542,-0.403,9.855,9.878,40.41,normal
ACC0531,TRIP001,06-02-2024 06:08:50,530,-0.188,-0.162,9.714,9.717,40.44,normal
ACC0532,TRIP001,06-02-2024 06:08:51,531,-0.169,-0.033,9.841,9.843,40.38,normal
ACC0533,TRIP001,06-02-2024 06:08:52,532,0.434,0.484,9.699,9.721,40.43,normal
ACC0534,TRIP001,06-02-2024 06:08:53,533,0.007,0.107,9.773,9.773,40.54,normal
ACC0535,TRIP001,06-02-2024 06:08:54,534,0.003,0.159,9.891,9.892,40.48,normal
ACC0536,TRIP001,06-02-2024 06:08:55,535,-0.548,0.116,9.927,9.942,40.46,normal
ACC0537,TRIP001,06-02-2024 06:08:56,536,-0.09,0.195,9.928,9.93,40.51,normal
ACC0538,TRIP001,06-02-2024 06:08:57,537,0.178,-0.158,9.617,9.62,40.41,normal
ACC0539,TRIP001,06-02-2024 06:08:58,538,0.083,0.384,9.872,9.879,40.4,normal
ACC0540,TRIP001,06-02-2024 06:08:59,539,-0.356,-0.134,9.801,9.808,40.39,normal
ACC0541,TRIP001,06-02-2024 06:09:00,540,-9.091,-0.032,9.904,13.444,35.85,very_hard_brake
ACC0542,TRIP001,06-02-2024 06:09:01,541,-9.226,0.252,9.687,13.38,31.23,very_hard_brake
ACC0543,TRIP001,06-02-2024 06:09:02,542,-8.455,0.019,9.96,13.065,27.0,very_hard_brake
ACC0544,TRIP001,06-02-2024 06:09:03,543,-8.393,0.211,9.894,12.976,22.81,very_hard_brake
ACC0545,TRIP001,06-02-2024 06:09:04,544,-8.243,-0.195,9.879,12.868,18.69,very_hard_brake
ACC0546,TRIP001,06-02-2024 06:09:05,545,-9.299,0.047,9.962,13.628,14.04,very_hard_brake
ACC0547,TRIP001,06-02-2024 06:09:06,546,-9.73,0.012,10.039,13.981,9.17,very_hard_brake
ACC0548,TRIP001,06-02-2024 06:09:07,547,-8.812,-0.15,9.746,13.14,4.77,very_hard_brake
ACC0549,TRIP001,06-02-2024 06:09:08,548,0.543,-0.143,9.694,9.71,4.72,normal
ACC0550,TRIP001,06-02-2024 06:09:09,549,-0.228,-0.307,9.672,9.68,4.72,normal
ACC0551,TRIP001,06-02-2024 06:09:10,550,0.112,0.234,9.677,9.68,4.68,normal
ACC0552,TRIP001,06-02-2024 06:09:11,551,-0.127,0.039,9.776,9.777,4.72,normal
ACC0553,TRIP001,06-02-2024 06:09:12,552,-0.137,0.183,9.941,9.944,4.7,normal
ACC0554,TRIP001,06-02-2024 06:09:13,553,-0.087,0.036,9.681,9.682,4.8,normal
ACC0555,TRIP001,06-02-2024 06:09:14,554,0.142,0.158,9.61,9.612,4.72,normal
ACC0556,TRIP001,06-02-2024 06:09:15,555,0.306,0.103,9.686,9.691,4.69,normal
ACC0557,TRIP001,06-02-2024 06:09:16,556,-0.104,0.046,9.939,9.939,4.61,normal
ACC0558,TRIP001,06-02-2024 06:09:17,557,0.244,-0.175,9.72,9.725,4.6,normal
ACC0559,TRIP001,06-02-2024 06:09:18,558,-0.308,0.569,10.164,10.184,4.64,normal
ACC0560,TRIP001,06-02-2024 06:09:19,559,0.297,-0.209,10.157,10.163,4.64,normal
ACC0561,TRIP001,06-02-2024 06:09:20,560,0.063,0.241,9.839,9.842,4.6,normal
ACC0562,TRIP001,06-02-2024 06:09:21,561,0.034,-0.075,9.81,9.81,4.63,normal
ACC0563,TRIP001,06-02-2024 06:09:22,562,0.26,0.26,9.799,9.806,4.68,normal
ACC0564,TRIP001,06-02-2024 06:09:23,563,0.612,-0.245,9.907,9.929,4.62,normal
ACC0565,TRIP001,06-02-2024 06:09:24,564,-0.352,0.317,9.97,9.982,4.65,normal
ACC0566,TRIP001,06-02-2024 06:09:25,565,-0.043,0.301,9.595,9.6,4.65,normal
ACC0567,TRIP001,06-02-2024 06:09:26,566,0.246,0.257,9.571,9.578,4.5,normal
ACC0568,TRIP001,06-02-2024 06:09:27,567,0.135,0.063,9.826,9.827,4.46,normal
ACC0569,TRIP001,06-02-2024 06:09:28,568,0.087,-0.308,9.863,9.868,4.5,normal
ACC0570,TRIP001,06-02-2024 06:09:29,569,-0.12,-0.401,9.781,9.789,4.49,normal
ACC0571,TRIP001,06-02-2024 06:09:30,570,0.076,0.261,9.821,9.825,4.6,normal
ACC0572,TRIP001,06-02-2024 06:09:31,571,0.214,-0.217,9.97,9.975,4.59,normal
ACC0573,TRIP001,06-02-2024 06:09:32,572,-0.047,0.056,9.817,9.817,4.51,normal
ACC0574,TRIP001,06-02-2024 06:09:33,573,-0.155,0.23,9.826,9.83,4.54,normal
ACC0575,TRIP001,06-02-2024 06:09:34,574,0.406,0.359,9.704,9.719,4.51,normal
ACC0576,TRIP001,06-02-2024 06:09:35,575,-0.177,-0.12,9.663,9.665,4.51,normal
ACC0577,TRIP001,06-02-2024 06:09:36,576,0.068,0.116,9.621,9.622,4.48,normal
ACC0578,TRIP001,06-02-2024 06:09:37,577,0.208,0.14,9.453,9.456,4.45,normal
ACC0579,TRIP001,06-02-2024 06:09:38,578,0.024,-0.408,9.867,9.876,4.51,normal
ACC0580,TRIP001,06-02-2024 06:09:39,579,-0.483,-0.313,9.943,9.959,4.56,normal
ACC0581,TRIP001,06-02-2024 06:09:40,580,-0.282,-0.198,9.899,9.905,4.55,normal
ACC0582,TRIP001,06-02-2024 06:09:41,581,-0.056,0.319,9.845,9.85,4.46,normal
ACC0583,TRIP001,06-02-2024 06:09:42,582,0.176,-0.281,9.911,9.917,4.51,normal
ACC0584,TRIP001,06-02-2024 06:09:43,583,0.232,0.186,10.095,10.099,4.55,normal
ACC0585,TRIP001,06-02-2024 06:09:44,584,-0.012,-0.219,9.834,9.836,4.49,normal
ACC0586,TRIP001,06-02-2024 06:09:45,585,-0.332,-0.092,9.533,9.539,4.43,normal
ACC0587,TRIP001,06-02-2024 06:09:46,586,0.25,-0.095,9.754,9.758,4.43,normal
ACC0588,TRIP001,06-02-2024 06:09:47,587,-0.486,0.037,9.799,9.812,4.42,normal
ACC0589,TRIP001,06-02-2024 06:09:48,588,0.203,-0.433,10.087,10.098,4.41,normal
ACC0590,TRIP001,06-02-2024 06:09:49,589,-0.33,0.022,9.609,9.615,4.41,normal
ACC0591,TRIP001,06-02-2024 06:09:50,590,0.262,-0.264,9.927,9.934,4.42,normal
ACC0592,TRIP001,06-02-2024 06:09:51,591,0.205,0.081,9.877,9.879,4.48,normal
ACC0593,TRIP001,06-02-2024 06:09:52,592,0.358,0.097,9.685,9.692,4.49,normal
ACC0594,TRIP001,06-02-2024 06:09:53,593,-0.067,-0.29,9.794,9.798,4.44,normal
ACC0595,TRIP001,06-02-2024 06:09:54,594,0.441,-0.008,9.807,9.817,4.48,normal
ACC0596,TRIP001,06-02-2024 06:09:55,595,-0.025,-0.051,9.975,9.975,4.41,normal
ACC0597,TRIP001,06-02-2024 06:09:56,596,-0.16,-0.027,9.918,9.919,4.43,normal
ACC0598,TRIP001,06-02-2024 06:09:57,597,-0.247,-0.184,10.054,10.059,4.44,normal
ACC0599,TRIP001,06-02-2024 06:09:58,598,-0.086,-0.097,10.361,10.362,4.51,normal
ACC0600,TRIP001,06-02-2024 06:09:59,599,-0.391,-0.092,9.908,9.917,4.5,normal
ACC0601,TRIP001,06-02-2024 06:10:00,600,0.442,0.353,9.801,9.817,4.51,normal
ACC0602,TRIP001,06-02-2024 06:10:01,601,0.049,0.177,10.025,10.027,4.56,normal
ACC0603,TRIP001,06-02-2024 06:10:02,602,-0.225,0.151,9.713,9.717,4.64,normal
ACC0604,TRIP001,06-02-2024 06:10:03,603,0.243,0.212,9.797,9.802,4.64,normal
ACC0605,TRIP001,06-02-2024 06:10:04,604,0.229,-0.006,10.037,10.039,4.59,normal
ACC0606,TRIP001,06-02-2024 06:10:05,605,0.306,-0.117,9.929,9.935,4.5,normal
ACC0607,TRIP001,06-02-2024 06:10:06,606,0.486,-0.062,9.615,9.627,4.53,normal
ACC0608,TRIP001,06-02-2024 06:10:07,607,0.042,0.055,9.984,9.984,4.48,normal
ACC0609,TRIP001,06-02-2024 06:10:08,608,-0.121,0.016,9.885,9.886,4.44,normal
ACC0610,TRIP001,06-02-2024 06:10:09,609,-0.138,0.154,9.948,9.95,4.51,normal
ACC0611,TRIP001,06-02-2024 06:10:10,610,0.011,-0.516,9.879,9.892,4.55,normal
ACC0612,TRIP001,06-02-2024 06:10:11,611,-0.34,0.018,9.841,9.847,4.57,normal
ACC0613,TRIP001,06-02-2024 06:10:12,612,-0.039,0.017,9.89,9.89,4.48,normal
ACC0614,TRIP001,06-02-2024 06:10:13,613,0.373,-0.073,9.915,9.922,4.44,normal
ACC0615,TRIP001,06-02-2024 06:10:14,614,-0.414,0.236,10.046,10.057,4.35,normal
ACC0616,TRIP001,06-02-2024 06:10:15,615,-0.288,0.019,9.643,9.647,4.39,normal
ACC0617,TRIP001,06-02-2024 06:10:16,616,-0.139,-0.104,9.832,9.833,4.28,normal
ACC0618,TRIP001,06-02-2024 06:10:17,617,0.004,0.403,9.888,9.896,4.23,normal
ACC0619,TRIP001,06-02-2024 06:10:18,618,0.414,0.413,9.991,10.008,4.2,normal
ACC0620,TRIP001,06-02-2024 06:10:19,619,-0.097,-0.074,9.643,9.643,4.2,normal
ACC0621,TRIP001,06-02-2024 06:10:20,620,-0.202,-0.175,9.848,9.852,4.17,normal
ACC0622,TRIP001,06-02-2024 06:10:21,621,0.039,0.43,9.855,9.865,4.23,normal
ACC0623,TRIP001,06-02-2024 06:10:22,622,0.231,0.121,9.598,9.601,4.2,normal
ACC0624,TRIP001,06-02-2024 06:10:23,623,0.021,-0.089,9.77,9.77,4.21,normal
ACC0625,TRIP001,06-02-2024 06:10:24,624,0.033,0.138,9.763,9.764,4.27,normal
ACC0626,TRIP001,06-02-2024 06:10:25,625,0.096,-0.119,9.612,9.614,4.23,normal
ACC0627,TRIP001,06-02-2024 06:10:26,626,0.024,0.24,9.609,9.612,4.28,normal
ACC0628,TRIP001,06-02-2024 06:10:27,627,0.072,-0.166,9.602,9.604,4.31,normal
ACC0629,TRIP001,06-02-2024 06:10:28,628,-0.472,-0.092,9.734,9.746,4.3,normal
ACC0630,TRIP001,06-02-2024 06:10:29,629,0.274,-0.123,9.818,9.823,4.24,normal
ACC0631,TRIP001,06-02-2024 06:10:30,630,0.117,0.122,9.747,9.749,4.26,normal
ACC0632,TRIP001,06-02-2024 06:10:31,631,0.131,-0.069,9.791,9.792,4.25,normal
ACC0633,TRIP001,06-02-2024 06:10:32,632,-0.492,-0.3,9.865,9.882,4.14,normal
ACC0634,TRIP001,06-02-2024 06:10:33,633,0.448,-0.282,9.805,9.819,4.17,normal
ACC0635,TRIP001,06-02-2024 06:10:34,634,-0.091,0.233,9.594,9.598,4.21,normal
ACC0636,TRIP001,06-02-2024 06:10:35,635,0.145,-0.03,9.952,9.953,4.24,normal
ACC0637,TRIP001,06-02-2024 06:10:36,636,-0.261,0.282,9.951,9.958,4.24,normal
ACC0638,TRIP001,06-02-2024 06:10:37,637,0.145,0.267,10.049,10.053,4.28,normal
ACC0639,TRIP001,06-02-2024 06:10:38,638,-0.249,0.024,9.923,9.926,4.23,normal
ACC0640,TRIP001,06-02-2024 06:10:39,639,-0.262,0.001,9.817,9.82,4.25,normal
ACC0641,TRIP001,06-02-2024 06:10:40,640,0.469,-0.436,9.815,9.836,4.24,normal
ACC0642,TRIP001,06-02-2024 06:10:41,641,0.105,0.033,9.954,9.954,4.27,normal
ACC0643,TRIP001,06-02-2024 06:10:42,642,0.086,0.018,9.816,9.816,4.26,normal
ACC0644,TRIP001,06-02-2024 06:10:43,643,0.497,-0.382,9.59,9.61,4.34,normal
ACC0645,TRIP001,06-02-2024 06:10:44,644,0.272,0.126,9.974,9.978,4.24,normal
ACC0646,TRIP001,06-02-2024 06:10:45,645,0.532,-0.233,9.653,9.67,4.29,normal
ACC0647,TRIP001,06-02-2024 06:10:46,646,-0.247,0.106,10.014,10.018,4.26,normal
ACC0648,TRIP001,06-02-2024 06:10:47,647,-0.077,0.134,9.934,9.936,4.28,normal
ACC0649,TRIP001,06-02-2024 06:10:48,648,-0.374,0.322,9.893,9.906,4.16,normal
ACC0650,TRIP001,06-02-2024 06:10:49,649,-0.17,-0.212,9.683,9.687,4.17,normal
ACC0651,TRIP001,06-02-2024 06:10:50,650,-0.115,0.245,9.966,9.97,4.18,normal
ACC0652,TRIP001,06-02-2024 06:10:51,651,-0.216,-0.0,9.861,9.863,4.24,normal
ACC0653,TRIP001,06-02-2024 06:10:52,652,-0.039,0.016,9.65,9.651,4.21,normal
ACC0654,TRIP001,06-02-2024 06:10:53,653,0.451,0.319,9.748,9.764,4.2,normal
ACC0655,TRIP001,06-02-2024 06:10:54,654,-0.128,-0.306,9.856,9.861,4.22,normal
ACC0656,TRIP001,06-02-2024 06:10:55,655,0.281,0.005,9.879,9.883,4.23,normal
ACC0657,TRIP001,06-02-2024 06:10:56,656,0.473,0.075,10.018,10.029,4.28,normal
ACC0658,TRIP001,06-02-2024 06:10:57,657,0.208,-0.248,9.878,9.883,4.3,normal
ACC0659,TRIP001,06-02-2024 06:10:58,658,0.676,0.148,9.63,9.655,4.26,normal
ACC0660,TRIP001,06-02-2024 06:10:59,659,0.389,-0.039,9.62,9.628,4.29,normal
ACC0661,TRIP001,06-02-2024 06:11:00,660,0.248,-0.024,9.929,9.932,4.28,normal
ACC0662,TRIP001,06-02-2024 06:11:01,661,0.659,-0.22,9.936,9.96,4.33,normal
ACC0663,TRIP001,06-02-2024 06:11:02,662,0.48,-0.025,9.738,9.75,4.42,normal
ACC0664,TRIP001,06-02-2024 06:11:03,663,0.264,-0.117,9.925,9.929,4.5,normal
ACC0665,TRIP001,06-02-2024 06:11:04,664,0.3,-0.145,9.947,9.952,4.42,normal
ACC0666,TRIP001,06-02-2024 06:11:05,665,0.333,0.196,9.767,9.774,4.43,normal
ACC0667,TRIP001,06-02-2024 06:11:06,666,0.145,-0.107,9.671,9.673,4.42,normal
ACC0668,TRIP001,06-02-2024 06:11:07,667,-0.087,0.303,9.597,9.602,4.51,normal
ACC0669,TRIP001,06-02-2024 06:11:08,668,0.029,-0.154,9.718,9.72,4.46,normal
ACC0670,TRIP001,06-02-2024 06:11:09,669,-0.51,0.163,9.777,9.792,4.42,normal
ACC0671,TRIP001,06-02-2024 06:11:10,670,-0.292,-0.113,9.612,9.617,4.48,normal
ACC0672,TRIP001,06-02-2024 06:11:11,671,-0.469,-0.192,9.668,9.681,4.5,normal
ACC0673,TRIP001,06-02-2024 06:11:12,672,0.176,-0.029,9.774,9.776,4.52,normal
ACC0674,TRIP001,06-02-2024 06:11:13,673,-0.139,0.097,9.602,9.603,4.55,normal
ACC0675,TRIP001,06-02-2024 06:11:14,674,-0.052,0.226,9.616,9.619,4.53,normal
ACC0676,TRIP001,06-02-2024 06:11:15,675,-0.146,0.188,9.588,9.591,4.57,normal
ACC0677,TRIP001,06-02-2024 06:11:16,676,0.239,0.113,9.697,9.7,4.6,normal
ACC0678,TRIP001,06-02-2024 06:11:17,677,0.625,-0.138,9.838,9.859,4.58,normal
ACC0679,TRIP001,06-02-2024 06:11:18,678,-0.23,-0.165,9.879,9.883,4.58,normal
ACC0680,TRIP001,06-02-2024 06:11:19,679,-0.636,0.106,9.752,9.774,4.63,normal
ACC0681,TRIP001,06-02-2024 06:11:20,680,-0.093,0.461,9.658,9.669,4.67,normal
ACC0682,TRIP001,06-02-2024 06:11:21,681,-0.223,0.039,9.628,9.631,4.73,normal
ACC0683,TRIP001,06-02-2024 06:11:22,682,0.094,0.299,9.785,9.79,4.65,normal
ACC0684,TRIP001,06-02-2024 06:11:23,683,-0.153,-0.078,10.007,10.009,4.78,normal
ACC0685,TRIP001,06-02-2024 06:11:24,684,0.066,0.064,9.988,9.988,4.73,normal
ACC0686,TRIP001,06-02-2024 06:11:25,685,0.005,0.134,9.853,9.854,4.72,normal
ACC0687,TRIP001,06-02-2024 06:11:26,686,-0.193,0.021,9.907,9.909,4.69,normal
ACC0688,TRIP001,06-02-2024 06:11:27,687,0.122,0.418,9.872,9.881,4.72,normal
ACC0689,TRIP001,06-02-2024 06:11:28,688,-0.211,-0.11,9.752,9.755,4.67,normal
ACC0690,TRIP001,06-02-2024 06:11:29,689,-0.263,-0.313,9.769,9.777,4.72,normal
ACC0691,TRIP001,06-02-2024 06:11:30,690,0.285,0.135,9.937,9.942,4.67,normal
ACC0692,TRIP001,06-02-2024 06:11:31,691,-0.105,-0.047,9.666,9.667,4.68,normal
ACC0693,TRIP001,06-02-2024 06:11:32,692,-0.099,0.223,9.668,9.671,4.71,normal
ACC0694,TRIP001,06-02-2024 06:11:33,693,0.604,-0.243,9.717,9.739,4.67,normal
ACC0695,TRIP001,06-02-2024 06:11:34,694,-0.218,0.052,9.875,9.878,4.64,normal
ACC0696,TRIP001,06-02-2024 06:11:35,695,-0.054,0.048,9.847,9.847,4.58,normal
ACC0697,TRIP001,06-02-2024 06:11:36,696,0.79,-0.047,9.813,9.845,4.55,normal
ACC0698,TRIP001,06-02-2024 06:11:37,697,0.022,-0.181,10.044,10.046,4.46,normal
ACC0699,TRIP001,06-02-2024 06:11:38,698,0.045,0.132,9.56,9.561,4.48,normal
ACC0700,TRIP001,06-02-2024 06:11:39,699,0.495,0.059,9.8,9.813,4.48,normal
ACC0701,TRIP001,06-02-2024 06:11:40,700,0.016,0.574,13.469,13.481,3.98,pothole
ACC0702,TRIP001,06-02-2024 06:11:41,701,0.259,0.679,16.738,16.754,3.48,pothole
ACC0703,TRIP001,06-02-2024 06:11:42,702,0.092,-0.001,9.635,9.636,3.43,normal
ACC0704,TRIP001,06-02-2024 06:11:43,703,0.264,-0.019,9.809,9.812,3.46,normal
ACC0705,TRIP001,06-02-2024 06:11:44,704,0.257,-0.071,10.234,10.238,3.62,normal
ACC0706,TRIP001,06-02-2024 06:11:45,705,0.232,-0.288,9.666,9.673,3.65,normal
ACC0707,TRIP001,06-02-2024 06:11:46,706,-0.073,-0.016,9.5,9.501,3.67,normal
ACC0708,TRIP001,06-02-2024 06:11:47,707,0.463,-0.243,9.748,9.762,3.65,normal
ACC0709,TRIP001,06-02-2024 06:11:48,708,-0.645,-0.095,9.715,9.737,3.58,normal
ACC0710,TRIP001,06-02-2024 06:11:49,709,-0.162,0.049,9.851,9.853,3.6,normal
ACC0711,TRIP001,06-02-2024 06:11:50,710,-0.073,-0.165,9.822,9.823,3.58,normal
ACC0712,TRIP001,06-02-2024 06:11:51,711,0.411,0.233,9.729,9.741,3.5,normal
ACC0713,TRIP001,06-02-2024 06:11:52,712,0.155,-0.134,9.923,9.925,3.53,normal
ACC0714,TRIP001,06-02-2024 06:11:53,713,-0.215,0.21,10.009,10.013,3.55,normal
ACC0715,TRIP001,06-02-2024 06:11:54,714,0.283,-0.104,9.671,9.676,3.61,normal
ACC0716,TRIP001,06-02-2024 06:11:55,715,0.172,-0.018,9.79,9.791,3.65,normal
ACC0717,TRIP001,06-02-2024 06:11:56,716,0.035,-0.1,9.754,9.755,3.64,normal
ACC0718,TRIP001,06-02-2024 06:11:57,717,-0.046,0.018,9.726,9.726,3.62,normal
ACC0719,TRIP001,06-02-2024 06:11:58,718,0.696,0.001,10.056,10.08,3.57,normal
ACC0720,TRIP001,06-02-2024 06:11:59,719,0.326,0.002,10.054,10.059,3.55,normal
ACC0721,TRIP001,06-02-2024 06:12:00,720,0.638,-0.118,9.801,9.823,3.49,normal
ACC0722,TRIP001,06-02-2024 06:12:01,721,0.09,-0.041,9.634,9.634,3.4,normal
ACC0723,TRIP001,06-02-2024 06:12:02,722,0.369,0.099,9.696,9.703,3.39,normal
ACC0724,TRIP001,06-02-2024 06:12:03,723,-0.118,-0.028,9.838,9.838,3.41,normal
ACC0725,TRIP001,06-02-2024 06:12:04,724,-0.05,-0.042,9.877,9.878,3.38,normal
ACC0726,TRIP001,06-02-2024 06:12:05,725,-0.067,0.016,9.874,9.874,3.36,normal
ACC0727,TRIP001,06-02-2024 06:12:06,726,0.339,-0.014,9.699,9.705,3.36,normal
ACC0728,TRIP001,06-02-2024 06:12:07,727,-0.337,-0.367,9.851,9.863,3.27,normal
ACC0729,TRIP001,06-02-2024 06:12:08,728,-0.141,0.2,9.85,9.853,3.23,normal
ACC0730,TRIP001,06-02-2024 06:12:09,729,0.096,-0.287,9.629,9.634,3.22,normal
ACC0731,TRIP001,06-02-2024 06:12:10,730,0.276,-0.007,9.787,9.791,3.19,normal
ACC0732,TRIP001,06-02-2024 06:12:11,731,0.122,0.159,9.966,9.968,3.21,normal
ACC0733,TRIP001,06-02-2024 06:12:12,732,0.137,0.071,9.879,9.88,3.18,normal
ACC0734,TRIP001,06-02-2024 06:12:13,733,-0.011,-0.133,9.706,9.707,3.28,normal
ACC0735,TRIP001,06-02-2024 06:12:14,734,0.335,-0.137,9.806,9.813,3.29,normal
ACC0736,TRIP001,06-02-2024 06:12:15,735,0.073,-0.193,10.017,10.019,3.23,normal
ACC0737,TRIP001,06-02-2024 06:12:16,736,0.361,0.011,9.678,9.685,3.22,normal
ACC0738,TRIP001,06-02-2024 06:12:17,737,-0.455,0.055,9.909,9.92,3.2,normal
ACC0739,TRIP001,06-02-2024 06:12:18,738,0.189,-0.5,9.72,9.735,3.13,normal
ACC0740,TRIP001,06-02-2024 06:12:19,739,0.378,0.039,9.793,9.8,3.12,normal
ACC0741,TRIP001,06-02-2024 06:12:20,740,0.027,0.157,9.644,9.645,3.17,normal
ACC0742,TRIP001,06-02-2024 06:12:21,741,0.31,0.206,9.748,9.755,3.22,normal
ACC0743,TRIP001,06-02-2024 06:12:22,742,0.4,0.09,9.968,9.977,3.2,normal
ACC0744,TRIP001,06-02-2024 06:12:23,743,0.078,0.27,10.103,10.107,3.12,normal
ACC0745,TRIP001,06-02-2024 06:12:24,744,0.381,-0.252,9.832,9.842,3.09,normal
ACC0746,TRIP001,06-02-2024 06:12:25,745,0.162,-0.06,9.859,9.861,3.12,normal
ACC0747,TRIP001,06-02-2024 06:12:26,746,-0.004,0.134,9.757,9.758,3.15,normal
ACC0748,TRIP001,06-02-2024 06:12:27,747,0.453,0.033,9.835,9.845,3.06,normal
ACC0749,TRIP001,06-02-2024 06:12:28,748,-0.132,-0.125,9.777,9.779,2.99,normal
ACC0750,TRIP001,06-02-2024 06:12:29,749,-0.29,-0.015,9.831,9.835,3.04,normal
ACC0751,TRIP001,06-02-2024 06:12:30,750,0.53,0.106,9.745,9.76,3.08,normal
ACC0752,TRIP001,06-02-2024 06:12:31,751,-0.14,0.043,10.068,10.07,3.15,normal
ACC0753,TRIP001,06-02-2024 06:12:32,752,0.009,0.194,9.742,9.744,3.12,normal
ACC0754,TRIP001,06-02-2024 06:12:33,753,-0.383,0.107,9.846,9.854,3.17,normal
ACC0755,TRIP001,06-02-2024 06:12:34,754,0.342,-0.06,9.929,9.936,3.26,normal
ACC0756,TRIP001,06-02-2024 06:12:35,755,0.79,0.154,9.843,9.876,3.28,normal
ACC0757,TRIP001,06-02-2024 06:12:36,756,0.125,-0.115,10.037,10.038,3.32,normal
ACC0758,TRIP001,06-02-2024 06:12:37,757,0.144,0.298,9.926,9.931,3.26,normal
ACC0759,TRIP001,06-02-2024 06:12:38,758,0.471,-0.082,9.602,9.614,3.27,normal
ACC0760,TRIP001,06-02-2024 06:12:39,759,0.007,-0.149,10.038,10.039,3.28,normal
ACC0761,TRIP001,06-02-2024 06:12:40,760,0.084,-0.05,9.741,9.742,3.29,normal
ACC0762,TRIP001,06-02-2024 06:12:41,761,0.004,0.648,9.642,9.664,3.29,normal
ACC0763,TRIP001,06-02-2024 06:12:42,762,-0.041,-0.141,9.7,9.701,3.29,normal
ACC0764,TRIP001,06-02-2024 06:12:43,763,0.379,0.239,9.904,9.915,3.27,normal
ACC0765,TRIP001,06-02-2024 06:12:44,764,0.677,0.356,10.064,10.093,3.25,normal
ACC0766,TRIP001,06-02-2024 06:12:45,765,0.286,0.142,9.888,9.893,3.28,normal
ACC0767,TRIP001,06-02-2024 06:12:46,766,0.265,-0.06,9.981,9.985,3.35,normal
ACC0768,TRIP001,06-02-2024 06:12:47,767,0.291,0.011,9.861,9.865,3.41,normal
ACC0769,TRIP001,06-02-2024 06:12:48,768,0.062,0.14,9.69,9.691,3.43,normal
ACC0770,TRIP001,06-02-2024 06:12:49,769,-0.282,-0.227,10.113,10.12,3.43,normal
ACC0771,TRIP001,06-02-2024 06:12:50,770,0.431,-0.535,9.764,9.789,3.42,normal
ACC0772,TRIP001,06-02-2024 06:12:51,771,-0.067,0.028,9.67,9.67,3.49,normal
ACC0773,TRIP001,06-02-2024 06:12:52,772,0.298,-0.229,9.873,9.88,3.5,normal
ACC0774,TRIP001,06-02-2024 06:12:53,773,0.583,0.211,9.632,9.652,3.46,normal
ACC0775,TRIP001,06-02-2024 06:12:54,774,0.398,-0.264,9.89,9.902,3.43,normal
ACC0776,TRIP001,06-02-2024 06:12:55,775,0.253,0.108,9.856,9.86,3.39,normal
ACC0777,TRIP001,06-02-2024 06:12:56,776,0.11,0.244,9.772,9.776,3.42,normal
ACC0778,TRIP001,06-02-2024 06:12:57,777,0.595,0.382,10.033,10.058,3.42,normal
ACC0779,TRIP001,06-02-2024 06:12:58,778,0.131,-0.035,9.723,9.724,3.41,normal
ACC0780,TRIP001,06-02-2024 06:12:59,779,-0.323,0.116,9.757,9.763,3.47,normal
ACC0781,TRIP001,06-02-2024 06:13:00,780,0.415,0.279,9.683,9.696,3.46,normal
ACC0782,TRIP001,06-02-2024 06:13:01,781,-0.119,-0.312,9.699,9.705,3.42,normal
ACC0783,TRIP001,06-02-2024 06:13:02,782,0.439,-0.548,9.877,9.901,3.41,normal
ACC0784,TRIP001,06-02-2024 06:13:03,783,-0.037,-0.061,9.87,9.87,3.4,normal
ACC0785,TRIP001,06-02-2024 06:13:04,784,0.813,0.039,9.729,9.763,3.38,normal
ACC0786,TRIP001,06-02-2024 06:13:05,785,0.035,0.318,9.881,9.887,3.44,normal
ACC0787,TRIP001,06-02-2024 06:13:06,786,-0.279,-0.097,9.81,9.815,3.43,normal
ACC0788,TRIP001,06-02-2024 06:13:07,787,0.311,0.21,9.745,9.752,3.29,normal
ACC0789,TRIP001,06-02-2024 06:13:08,788,-0.177,-0.24,9.887,9.892,3.39,normal
ACC0790,TRIP001,06-02-2024 06:13:09,789,0.203,0.364,9.851,9.86,3.45,normal
ACC0791,TRIP001,06-02-2024 06:13:10,790,0.197,0.151,9.661,9.664,3.43,normal
ACC0792,TRIP001,06-02-2024 06:13:11,791,0.552,0.186,9.597,9.614,3.49,normal
ACC0793,TRIP001,06-02-2024 06:13:12,792,0.47,-0.055,9.85,9.861,3.46,normal
ACC0794,TRIP001,06-02-2024 06:13:13,793,0.193,0.031,9.742,9.744,3.46,normal
ACC0795,TRIP001,06-02-2024 06:13:14,794,-0.063,0.138,9.703,9.705,3.47,normal
ACC0796,TRIP001,06-02-2024 06:13:15,795,0.184,-0.158,9.74,9.743,3.49,normal
ACC0797,TRIP001,06-02-2024 06:13:16,796,0.512,-0.128,9.781,9.796,3.48,normal
ACC0798,TRIP001,06-02-2024 06:13:17,797,-0.426,-0.03,9.913,9.922,3.52,normal
ACC0799,TRIP001,06-02-2024 06:13:18,798,-0.044,0.107,9.763,9.763,3.54,normal
ACC0800,TRIP001,06-02-2024 06:13:19,799,0.381,-0.133,9.872,9.88,3.46,normal
ACC0801,TRIP001,06-02-2024 06:13:20,800,0.393,-0.309,9.79,9.803,3.45,normal
ACC0802,TRIP001,06-02-2024 06:13:21,801,0.359,0.358,9.772,9.785,3.45,normal
ACC0803,TRIP001,06-02-2024 06:13:22,802,-0.218,0.113,9.95,9.953,3.51,normal
ACC0804,TRIP001,06-02-2024 06:13:23,803,-0.199,-0.175,9.936,9.939,3.55,normal
ACC0805,TRIP001,06-02-2024 06:13:24,804,-0.515,-0.163,9.471,9.486,3.54,normal
ACC0806,TRIP001,06-02-2024 06:13:25,805,0.143,0.07,9.868,9.869,3.58,normal
ACC0807,TRIP001,06-02-2024 06:13:26,806,0.07,-0.302,9.832,9.837,3.61,normal
ACC0808,TRIP001,06-02-2024 06:13:27,807,-0.324,-0.194,9.98,9.987,3.7,normal
ACC0809,TRIP001,06-02-2024 06:13:28,808,-0.04,-0.261,9.71,9.714,3.65,normal
ACC0810,TRIP001,06-02-2024 06:13:29,809,-0.037,0.165,9.512,9.513,3.55,normal
ACC0811,TRIP001,06-02-2024 06:13:30,810,0.683,-0.161,9.978,10.002,3.46,normal
ACC0812,TRIP001,06-02-2024 06:13:31,811,0.358,-0.283,9.652,9.663,3.39,normal
ACC0813,TRIP001,06-02-2024 06:13:32,812,0.263,-0.208,9.65,9.656,3.42,normal
ACC0814,TRIP001,06-02-2024 06:13:33,813,0.57,0.086,9.839,9.856,3.46,normal
ACC0815,TRIP001,06-02-2024 06:13:34,814,0.6,-0.05,9.653,9.672,3.55,normal
ACC0816,TRIP001,06-02-2024 06:13:35,815,0.524,-0.243,9.922,9.939,3.57,normal
ACC0817,TRIP001,06-02-2024 06:13:36,816,0.079,-0.23,9.588,9.591,3.55,normal
ACC0818,TRIP001,06-02-2024 06:13:37,817,0.078,0.328,9.59,9.596,3.6,normal
ACC0819,TRIP001,06-02-2024 06:13:38,818,0.164,0.163,10.103,10.106,3.58,normal
ACC0820,TRIP001,06-02-2024 06:13:39,819,0.141,-0.336,9.7,9.706,3.65,normal
ACC0821,TRIP001,06-02-2024 06:13:40,820,0.297,2.81,9.792,10.192,2.85,sharp_turn
ACC0822,TRIP001,06-02-2024 06:13:41,821,-0.138,-2.255,9.547,9.811,2.05,sharp_turn
ACC0823,TRIP001,06-02-2024 06:13:42,822,-0.454,-2.469,9.576,9.9,1.25,sharp_turn
ACC0824,TRIP001,06-02-2024 06:13:43,823,0.071,-2.455,9.74,10.045,0.45,sharp_turn
ACC0825,TRIP001,06-02-2024 06:13:44,824,-0.394,-2.573,9.81,10.149,0.0,sharp_turn
ACC0826,TRIP001,06-02-2024 06:13:45,825,0.009,0.069,9.805,9.805,0.0,normal
ACC0827,TRIP001,06-02-2024 06:13:46,826,0.008,-0.006,9.68,9.68,0.13,normal
ACC0828,TRIP001,06-02-2024 06:13:47,827,0.167,0.209,10.05,10.053,0.23,normal
ACC0829,TRIP001,06-02-2024 06:13:48,828,-0.441,-0.128,9.59,9.601,0.21,normal
ACC0830,TRIP001,06-02-2024 06:13:49,829,-0.007,-0.294,9.967,9.971,0.27,normal
ACC0831,TRIP001,06-02-2024 06:13:50,830,-0.112,0.136,9.928,9.93,0.3,normal
ACC0832,TRIP001,06-02-2024 06:13:51,831,-0.307,0.489,10.113,10.13,0.28,normal
ACC0833,TRIP001,06-02-2024 06:13:52,832,-0.039,-0.266,9.892,9.896,0.28,normal
ACC0834,TRIP001,06-02-2024 06:13:53,833,0.245,-0.084,9.611,9.614,0.23,normal
ACC0835,TRIP001,06-02-2024 06:13:54,834,-0.085,0.03,9.766,9.766,0.27,normal
ACC0836,TRIP001,06-02-2024 06:13:55,835,0.303,0.187,9.844,9.851,0.36,normal
ACC0837,TRIP001,06-02-2024 06:13:56,836,0.743,-0.098,9.641,9.67,0.4,normal
ACC0838,TRIP001,06-02-2024 06:13:57,837,0.276,0.161,9.725,9.731,0.35,normal
ACC0839,TRIP001,06-02-2024 06:13:58,838,0.053,0.347,9.77,9.776,0.38,normal
ACC0840,TRIP001,06-02-2024 06:13:59,839,-0.069,-0.176,9.68,9.682,0.27,normal
ACC0841,TRIP001,06-02-2024 06:14:00,840,-0.097,0.177,9.806,9.809,0.23,normal
ACC0842,TRIP001,06-02-2024 06:14:01,841,0.084,0.052,9.925,9.925,0.19,normal
ACC0843,TRIP001,06-02-2024 06:14:02,842,0.098,0.067,9.958,9.959,0.13,normal
ACC0844,TRIP001,06-02-2024 06:14:03,843,0.008,-0.36,9.674,9.681,0.15,normal
ACC0845,TRIP001,06-02-2024 06:14:04,844,0.613,-0.048,9.74,9.759,0.1,normal
ACC0846,TRIP001,06-02-2024 06:14:05,845,-0.31,-0.172,9.893,9.899,0.0,normal
ACC0847,TRIP001,06-02-2024 06:14:06,846,0.038,-0.137,9.643,9.644,0.01,normal
ACC0848,TRIP001,06-02-2024 06:14:07,847,-0.138,-0.218,9.712,9.716,0.0,normal
ACC0849,TRIP001,06-02-2024 06:14:08,848,-0.393,-0.159,9.628,9.638,0.04,normal
ACC0850,TRIP001,06-02-2024 06:14:09,849,0.075,-0.233,9.784,9.787,0.08,normal
ACC0851,TRIP001,06-02-2024 06:14:10,850,0.273,0.343,9.68,9.69,0.14,normal
ACC0852,TRIP001,06-02-2024 06:14:11,851,-0.011,0.015,9.671,9.671,0.09,normal
ACC0853,TRIP001,06-02-2024 06:14:12,852,0.645,0.378,9.844,9.873,0.13,normal
ACC0854,TRIP001,06-02-2024 06:14:13,853,0.164,0.316,9.533,9.54,0.22,normal
ACC0855,TRIP001,06-02-2024 06:14:14,854,-0.404,0.32,10.121,10.134,0.15,normal
ACC0856,TRIP001,06-02-2024 06:14:15,855,-0.113,-0.002,9.925,9.926,0.04,normal
ACC0857,TRIP001,06-02-2024 06:14:16,856,0.053,0.133,9.918,9.919,0.08,normal
ACC0858,TRIP001,06-02-2024 06:14:17,857,-0.036,-0.082,9.715,9.716,0.2,normal
ACC0859,TRIP001,06-02-2024 06:14:18,858,-0.209,0.049,9.752,9.755,0.19,normal
ACC0860,TRIP001,06-02-2024 06:14:19,859,0.196,-0.116,9.806,9.808,0.17,normal
ACC0861,TRIP001,06-02-2024 06:14:20,860,0.32,-0.08,9.809,9.814,0.17,normal
ACC0862,TRIP001,06-02-2024 06:14:21,861,0.665,0.371,9.62,9.65,0.13,normal
ACC0863,TRIP001,06-02-2024 06:14:22,862,-0.338,-0.078,9.781,9.787,0.1,normal
ACC0864,TRIP001,06-02-2024 06:14:23,863,0.194,-0.11,9.786,9.789,0.0,normal
ACC0865,TRIP001,06-02-2024 06:14:24,864,0.28,-0.202,9.727,9.733,0.03,normal
ACC0866,TRIP001,06-02-2024 06:14:25,865,-0.34,0.198,9.835,9.843,0.04,normal
ACC0867,TRIP001,06-02-2024 06:14:26,866,-0.332,-0.274,9.805,9.815,0.02,normal
ACC0868,TRIP001,06-02-2024 06:14:27,867,-0.085,-0.032,9.66,9.661,0.01,normal
ACC0869,TRIP001,06-02-2024 06:14:28,868,0.251,-0.186,9.668,9.673,0.01,normal
ACC0870,TRIP001,06-02-2024 06:14:29,869,-0.05,-0.024,9.804,9.804,0.0,normal
ACC0871,TRIP001,06-02-2024 06:14:30,870,0.562,-0.049,9.806,9.822,0.0,normal
ACC0872,TRIP001,06-02-2024 06:14:31,871,0.01,-0.069,9.637,9.637,0.0,normal
ACC0873,TRIP001,06-02-2024 06:14:32,872,-0.379,0.445,9.825,9.842,0.02,normal
ACC0874,TRIP001,06-02-2024 06:14:33,873,0.169,-0.171,9.803,9.806,0.0,normal
ACC0875,TRIP001,06-02-2024 06:14:34,874,-0.22,0.106,9.753,9.756,0.0,normal
ACC0876,TRIP001,06-02-2024 06:14:35,875,-0.349,0.16,9.529,9.537,0.0,normal
ACC0877,TRIP001,06-02-2024 06:14:36,876,-0.461,0.172,9.873,9.885,0.05,normal
ACC0878,TRIP001,06-02-2024 06:14:37,877,-0.013,0.069,9.827,9.827,0.0,normal
ACC0879,TRIP001,06-02-2024 06:14:38,878,0.119,-0.142,9.612,9.614,0.0,normal
ACC0880,TRIP001,06-02-2024 06:14:39,879,0.428,0.162,9.742,9.753,0.0,normal
ACC0881,TRIP001,06-02-2024 06:14:40,880,0.271,0.229,9.893,9.899,0.0,normal
ACC0882,TRIP001,06-02-2024 06:14:41,881,-0.33,-0.02,9.663,9.669,0.0,normal
ACC0883,TRIP001,06-02-2024 06:14:42,882,0.072,-0.13,9.809,9.81,0.05,normal
ACC0884,TRIP001,06-02-2024 06:14:43,883,-0.355,0.051,9.86,9.866,0.03,normal
ACC0885,TRIP001,06-02-2024 06:14:44,884,-0.517,-0.178,10.14,10.155,0.07,normal
ACC0886,TRIP001,06-02-2024 06:14:45,885,-0.264,-0.08,9.732,9.736,0.07,normal
ACC0887,TRIP001,06-02-2024 06:14:46,886,0.186,0.157,9.817,9.82,0.03,normal
ACC0888,TRIP001,06-02-2024 06:14:47,887,0.365,-0.158,9.88,9.888,0.12,normal
ACC0889,TRIP001,06-02-2024 06:14:48,888,0.137,-0.337,9.891,9.898,0.13,normal
ACC0890,TRIP001,06-02-2024 06:14:49,889,-0.222,0.123,9.807,9.81,0.08,normal
ACC0891,TRIP001,06-02-2024 06:14:50,890,0.148,-0.036,9.522,9.524,0.09,normal
ACC0892,TRIP001,06-02-2024 06:14:51,891,-0.382,0.091,9.583,9.591,0.11,normal
ACC0893,TRIP001,06-02-2024 06:14:52,892,0.13,-0.302,9.867,9.872,0.16,normal
ACC0894,TRIP001,06-02-2024 06:14:53,893,-0.376,-0.193,9.625,9.635,0.14,normal
ACC0895,TRIP001,06-02-2024 06:14:54,894,0.507,-0.019,9.994,10.007,0.13,normal
ACC0896,TRIP001,06-02-2024 06:14:55,895,0.45,-0.143,9.725,9.736,0.04,normal
ACC0897,TRIP001,06-02-2024 06:14:56,896,0.31,-0.054,9.713,9.718,0.0,normal
ACC0898,TRIP001,06-02-2024 06:14:57,897,0.25,0.045,9.637,9.64,0.06,normal
ACC0899,TRIP001,06-02-2024 06:14:58,898,0.07,-0.054,10.062,10.062,0.05,normal
ACC0900,TRIP001,06-02-2024 06:14:59,899,0.039,-0.079,10.122,10.122,0.16,normal
