audio_id,trip_id,timestamp,elapsed_seconds,audio_level_db,audio_classification,sustained_duration_sec
AUD001,TRIP001,06-02-2024 06:00:00,0,50,quiet,0
AUD002,TRIP001,06-02-2024 06:00:01,1,67,conversation,0
AUD003,TRIP001,06-02-2024 06:00:02,2,54,quiet,0
AUD004,TRIP001,06-02-2024 06:00:03,3,50,quiet,0
AUD005,TRIP001,06-02-2024 06:00:04,4,68,conversation,0
AUD006,TRIP001,06-02-2024 06:00:05,5,61,normal,0
AUD007,TRIP001,06-02-2024 06:00:06,6,69,conversation,0
AUD008,TRIP001,06-02-2024 06:00:07,7,64,conversation,0
AUD009,TRIP001,06-02-2024 06:00:08,8,59,normal,0
AUD010,TRIP001,06-02-2024 06:00:09,9,50,quiet,0
AUD011,TRIP001,06-02-2024 06:00:10,10,60,normal,0
AUD012,TRIP001,06-02-2024 06:00:11,11,62,conversation,0
AUD013,TRIP001,06-02-2024 06:00:12,12,52,quiet,0
AUD014,TRIP001,06-02-2024 06:00:13,13,51,quiet,0
AUD015,TRIP001,06-02-2024 06:00:14,14,57,normal,0
AUD016,TRIP001,06-02-2024 06:00:15,15,51,quiet,0
AUD017,TRIP001,06-02-2024 06:00:16,16,58,normal,0
AUD018,TRIP001,06-02-2024 06:00:17,17,56,normal,0
AUD019,TRIP001,06-02-2024 06:00:18,18,69,conversation,0
AUD020,TRIP001,06-02-2024 06:00:19,19,67,conversation,0
AUD021,TRIP001,06-02-2024 06:00:20,20,50,quiet,0
AUD022,TRIP001,06-02-2024 06:00:21,21,61,normal,0
AUD023,TRIP001,06-02-2024 06:00:22,22,60,normal,0
AUD024,TRIP001,06-02-2024 06:00:23,23,66,conversation,0
AUD025,TRIP001,06-02-2024 06:00:24,24,52,quiet,0
AUD026,TRIP001,06-02-2024 06:00:25,25,57,normal,0
AUD027,TRIP001,06-02-2024 06:00:26,26,54,quiet,0
AUD028,TRIP001,06-02-2024 06:00:27,27,60,normal,0
AUD029,TRIP001,06-02-2024 06:00:28,28,70,conversation,0
AUD030,TRIP001,06-02-2024 06:00:29,29,56,normal,0
AUD031,TRIP001,06-02-2024 06:00:30,30,53,quiet,0
AUD032,TRIP001,06-02-2024 06:00:31,31,65,conversation,0
AUD033,TRIP001,06-02-2024 06:00:32,32,58,normal,0
AUD034,TRIP001,06-02-2024 06:00:33,33,61,normal,0
AUD035,TRIP001,06-02-2024 06:00:34,34,69,conversation,0
AUD036,TRIP001,06-02-2024 06:00:35,35,52,quiet,0
AUD037,TRIP001,06-02-2024 06:00:36,36,70,conversation,0
AUD038,TRIP001,06-02-2024 06:00:37,37,63,conversation,0
AUD039,TRIP001,06-02-2024 06:00:38,38,50,quiet,0
AUD040,TRIP001,06-02-2024 06:00:39,39,51,quiet,0
AUD041,TRIP001,06-02-2024 06:00:40,40,57,normal,0
AUD042,TRIP001,06-02-2024 06:00:41,41,60,normal,0
AUD043,TRIP001,06-02-2024 06:00:42,42,63,conversation,0
AUD044,TRIP001,06-02-2024 06:00:43,43,51,quiet,0
AUD045,TRIP001,06-02-2024 06:00:44,44,69,conversation,0
AUD046,TRIP001,06-02-2024 06:00:45,45,66,conversation,0
AUD047,TRIP001,06-02-2024 06:00:46,46,70,conversation,0
AUD048,TRIP001,06-02-2024 06:00:47,47,60,normal,0
AUD049,TRIP001,06-02-2024 06:00:48,48,58,normal,0
AUD050,TRIP001,06-02-2024 06:00:49,49,51,quiet,0
AUD051,TRIP001,06-02-2024 06:00:50,50,68,conversation,0
AUD052,TRIP001,06-02-2024 06:00:51,51,60,normal,0
AUD053,TRIP001,06-02-2024 06:00:52,52,54,quiet,0
AUD054,TRIP001,06-02-2024 06:00:53,53,59,normal,0
AUD055,TRIP001,06-02-2024 06:00:54,54,55,normal,0
AUD056,TRIP001,06-02-2024 06:00:55,55,68,conversation,0
AUD057,TRIP001,06-02-2024 06:00:56,56,50,quiet,0
AUD058,TRIP001,06-02-2024 06:00:57,57,56,normal,0
AUD059,TRIP001,06-02-2024 06:00:58,58,59,normal,0
AUD060,TRIP001,06-02-2024 06:00:59,59,70,conversation,0
AUD061,TRIP001,06-02-2024 06:01:00,60,62,conversation,0
AUD062,TRIP001,06-02-2024 06:01:01,61,61,normal,0
AUD063,TRIP001,06-02-2024 06:01:02,62,58,normal,0
AUD064,TRIP001,06-02-2024 06:01:03,63,58,normal,0
AUD065,TRIP001,06-02-2024 06:01:04,64,53,quiet,0
AUD066,TRIP001,06-02-2024 06:01:05,65,55,normal,0
AUD067,TRIP001,06-02-2024 06:01:06,66,59,normal,0
AUD068,TRIP001,06-02-2024 06:01:07,67,50,quiet,0
AUD069,TRIP001,06-02-2024 06:01:08,68,67,conversation,0
AUD070,TRIP001,06-02-2024 06:01:09,69,60,normal,0
AUD071,TRIP001,06-02-2024 06:01:10,70,55,normal,0
AUD072,TRIP001,06-02-2024 06:01:11,71,60,normal,0
AUD073,TRIP001,06-02-2024 06:01:12,72,55,normal,0
AUD074,TRIP001,06-02-2024 06:01:13,73,67,conversation,0
AUD075,TRIP001,06-02-2024 06:01:14,74,54,quiet,0
AUD076,TRIP001,06-02-2024 06:01:15,75,68,conversation,0
AUD077,TRIP001,06-02-2024 06:01:16,76,55,normal,0
AUD078,TRIP001,06-02-2024 06:01:17,77,62,conversation,0
AUD079,TRIP001,06-02-2024 06:01:18,78,57,normal,0
AUD080,TRIP001,06-02-2024 06:01:19,79,52,quiet,0
AUD081,TRIP001,06-02-2024 06:01:20,80,60,normal,0
AUD082,TRIP001,06-02-2024 06:01:21,81,58,normal,0
AUD083,TRIP001,06-02-2024 06:01:22,82,63,conversation,0
AUD084,TRIP001,06-02-2024 06:01:23,83,67,conversation,0
AUD085,TRIP001,06-02-2024 06:01:24,84,56,normal,0
AUD086,TRIP001,06-02-2024 06:01:25,85,52,quiet,0
AUD087,TRIP001,06-02-2024 06:01:26,86,54,quiet,0
AUD088,TRIP001,06-02-2024 06:01:27,87,69,conversation,0
AUD089,TRIP001,06-02-2024 06:01:28,88,59,normal,0
AUD090,TRIP001,06-02-2024 06:01:29,89,51,quiet,0
AUD091,TRIP001,06-02-2024 06:01:30,90,58,normal,0
AUD092,TRIP001,06-02-2024 06:01:31,91,65,conversation,0
AUD093,TRIP001,06-02-2024 06:01:32,92,63,conversation,0
AUD094,TRIP001,06-02-2024 06:01:33,93,70,conversation,0
AUD095,TRIP001,06-02-2024 06:01:34,94,56,normal,0
AUD096,TRIP001,06-02-2024 06:01:35,95,56,normal,0
AUD097,TRIP001,06-02-2024 06:01:36,96,59,normal,0
AUD098,TRIP001,06-02-2024 06:01:37,97,50,quiet,0
AUD099,TRIP001,06-02-2024 06:01:38,98,62,conversation,0
AUD100,TRIP001,06-02-2024 06:01:39,99,70,conversation,0
AUD101,TRIP001,06-02-2024 06:01:40,100,66,conversation,0
AUD102,TRIP001,06-02-2024 06:01:41,101,56,normal,0
AUD103,TRIP001,06-02-2024 06:01:42,102,60,normal,0
AUD104,TRIP001,06-02-2024 06:01:43,103,62,conversation,0
AUD105,TRIP001,06-02-2024 06:01:44,104,65,conversation,0
AUD106,TRIP001,06-02-2024 06:01:45,105,56,normal,0
AUD107,TRIP001,06-02-2024 06:01:46,106,68,conversation,0
AUD108,TRIP001,06-02-2024 06:01:47,107,70,conversation,0
AUD109,TRIP001,06-02-2024 06:01:48,108,53,quiet,0
AUD110,TRIP001,06-02-2024 06:01:49,109,62,conversation,0
AUD111,TRIP001,06-02-2024 06:01:50,110,58,normal,0
AUD112,TRIP001,06-02-2024 06:01:51,111,65,conversation,0
AUD113,TRIP001,06-02-2024 06:01:52,112,59,normal,0
AUD114,TRIP001,06-02-2024 06:01:53,113,58,normal,0
AUD115,TRIP001,06-02-2024 06:01:54,114,58,normal,0
AUD116,TRIP001,06-02-2024 06:01:55,115,52,quiet,0
AUD117,TRIP001,06-02-2024 06:01:56,116,67,conversation,0
AUD118,TRIP001,06-02-2024 06:01:57,117,56,normal,0
AUD119,TRIP001,06-02-2024 06:01:58,118,70,conversation,0
AUD120,TRIP001,06-02-2024 06:01:59,119,50,quiet,0
AUD121,TRIP001,06-02-2024 06:02:00,120,65,conversation,0
AUD122,TRIP001,06-02-2024 06:02:01,121,69,conversation,0
AUD123,TRIP001,06-02-2024 06:02:02,122,58,normal,0
AUD124,TRIP001,06-02-2024 06:02:03,123,66,conversation,0
AUD125,TRIP001,06-02-2024 06:02:04,124,56,normal,0
AUD126,TRIP001,06-02-2024 06:02:05,125,57,normal,0
AUD127,TRIP001,06-02-2024 06:02:06,126,69,conversation,0
AUD128,TRIP001,06-02-2024 06:02:07,127,69,conversation,0
AUD129,TRIP001,06-02-2024 06:02:08,128,63,conversation,0
AUD130,TRIP001,06-02-2024 06:02:09,129,70,conversation,0
AUD131,TRIP001,06-02-2024 06:02:10,130,70,conversation,0
AUD132,TRIP001,06-02-2024 06:02:11,131,68,conversation,0
AUD133,TRIP001,06-02-2024 06:02:12,132,51,quiet,0
AUD134,TRIP001,06-02-2024 06:02:13,133,70,conversation,0
AUD135,TRIP001,06-02-2024 06:02:14,134,50,quiet,0
AUD136,TRIP001,06-02-2024 06:02:15,135,53,quiet,0
AUD137,TRIP001,06-02-2024 06:02:16,136,64,conversation,0
AUD138,TRIP001,06-02-2024 06:02:17,137,62,conversation,0
AUD139,TRIP001,06-02-2024 06:02:18,138,55,normal,0
AUD140,TRIP001,06-02-2024 06:02:19,139,61,normal,0
AUD141,TRIP001,06-02-2024 06:02:20,140,58,normal,0
AUD142,TRIP001,06-02-2024 06:02:21,141,58,normal,0
AUD143,TRIP001,06-02-2024 06:02:22,142,60,normal,0
AUD144,TRIP001,06-02-2024 06:02:23,143,57,normal,0
AUD145,TRIP001,06-02-2024 06:02:24,144,70,conversation,0
AUD146,TRIP001,06-02-2024 06:02:25,145,52,quiet,0
AUD147,TRIP001,06-02-2024 06:02:26,146,65,conversation,0
AUD148,TRIP001,06-02-2024 06:02:27,147,59,normal,0
AUD149,TRIP001,06-02-2024 06:02:28,148,60,normal,0
AUD150,TRIP001,06-02-2024 06:02:29,149,55,normal,0
AUD151,TRIP001,06-02-2024 06:02:30,150,54,quiet,0
AUD152,TRIP001,06-02-2024 06:02:31,151,70,conversation,0
AUD153,TRIP001,06-02-2024 06:02:32,152,56,normal,0
AUD154,TRIP001,06-02-2024 06:02:33,153,64,conversation,0
AUD155,TRIP001,06-02-2024 06:02:34,154,53,quiet,0
AUD156,TRIP001,06-02-2024 06:02:35,155,63,conversation,0
AUD157,TRIP001,06-02-2024 06:02:36,156,61,normal,0
AUD158,TRIP001,06-02-2024 06:02:37,157,60,normal,0
AUD159,TRIP001,06-02-2024 06:02:38,158,55,normal,0
AUD160,TRIP001,06-02-2024 06:02:39,159,58,normal,0
AUD161,TRIP001,06-02-2024 06:02:40,160,67,conversation,0
AUD162,TRIP001,06-02-2024 06:02:41,161,55,normal,0
AUD163,TRIP001,06-02-2024 06:02:42,162,65,conversation,0
AUD164,TRIP001,06-02-2024 06:02:43,163,65,conversation,0
AUD165,TRIP001,06-02-2024 06:02:44,164,69,conversation,0
AUD166,TRIP001,06-02-2024 06:02:45,165,54,quiet,0
AUD167,TRIP001,06-02-2024 06:02:46,166,55,normal,0
AUD168,TRIP001,06-02-2024 06:02:47,167,58,normal,0
AUD169,TRIP001,06-02-2024 06:02:48,168,70,conversation,0
AUD170,TRIP001,06-02-2024 06:02:49,169,69,conversation,0
AUD171,TRIP001,06-02-2024 06:02:50,170,57,normal,0
AUD172,TRIP001,06-02-2024 06:02:51,171,57,normal,0
AUD173,TRIP001,06-02-2024 06:02:52,172,65,conversation,0
AUD174,TRIP001,06-02-2024 06:02:53,173,52,quiet,0
AUD175,TRIP001,06-02-2024 06:02:54,174,52,quiet,0
AUD176,TRIP001,06-02-2024 06:02:55,175,62,conversation,0
AUD177,TRIP001,06-02-2024 06:02:56,176,67,conversation,0
AUD178,TRIP001,06-02-2024 06:02:57,177,69,conversation,0
AUD179,TRIP001,06-02-2024 06:02:58,178,52,quiet,0
AUD180,TRIP001,06-02-2024 06:02:59,179,54,quiet,0
AUD181,TRIP001,06-02-2024 06:03:00,180,85,loud,1
AUD182,TRIP001,06-02-2024 06:03:01,181,88,loud,2
AUD183,TRIP001,06-02-2024 06:03:02,182,82,loud,3
AUD184,TRIP001,06-02-2024 06:03:03,183,91,very_loud,1
AUD185,TRIP001,06-02-2024 06:03:04,184,83,loud,1
AUD186,TRIP001,06-02-2024 06:03:05,185,94,very_loud,1
AUD187,TRIP001,06-02-2024 06:03:06,186,97,argument,1
AUD188,TRIP001,06-02-2024 06:03:07,187,90,very_loud,1
AUD189,TRIP001,06-02-2024 06:03:08,188,95,argument,1
AUD190,TRIP001,06-02-2024 06:03:09,189,94,very_loud,1
AUD191,TRIP001,06-02-2024 06:03:10,190,95,argument,1
AUD192,TRIP001,06-02-2024 06:03:11,191,98,argument,2
AUD193,TRIP001,06-02-2024 06:03:12,192,87,loud,1
AUD194,TRIP001,06-02-2024 06:03:13,193,97,argument,1
AUD195,TRIP001,06-02-2024 06:03:14,194,91,very_loud,1
AUD196,TRIP001,06-02-2024 06:03:15,195,82,loud,1
AUD197,TRIP001,06-02-2024 06:03:16,196,89,loud,2
AUD198,TRIP001,06-02-2024 06:03:17,197,88,loud,3
AUD199,TRIP001,06-02-2024 06:03:18,198,92,very_loud,1
AUD200,TRIP001,06-02-2024 06:03:19,199,93,very_loud,2
AUD201,TRIP001,06-02-2024 06:03:20,200,86,loud,1
AUD202,TRIP001,06-02-2024 06:03:21,201,92,very_loud,1
AUD203,TRIP001,06-02-2024 06:03:22,202,88,loud,1
AUD204,TRIP001,06-02-2024 06:03:23,203,87,loud,2
AUD205,TRIP001,06-02-2024 06:03:24,204,82,loud,3
AUD206,TRIP001,06-02-2024 06:03:25,205,96,argument,1
AUD207,TRIP001,06-02-2024 06:03:26,206,92,very_loud,1
AUD208,TRIP001,06-02-2024 06:03:27,207,87,loud,1
AUD209,TRIP001,06-02-2024 06:03:28,208,96,argument,1
AUD210,TRIP001,06-02-2024 06:03:29,209,89,loud,1
AUD211,TRIP001,06-02-2024 06:03:30,210,93,very_loud,1
AUD212,TRIP001,06-02-2024 06:03:31,211,91,very_loud,2
AUD213,TRIP001,06-02-2024 06:03:32,212,82,loud,1
AUD214,TRIP001,06-02-2024 06:03:33,213,96,argument,1
AUD215,TRIP001,06-02-2024 06:03:34,214,89,loud,1
AUD216,TRIP001,06-02-2024 06:03:35,215,85,loud,2
AUD217,TRIP001,06-02-2024 06:03:36,216,86,loud,3
AUD218,TRIP001,06-02-2024 06:03:37,217,83,loud,4
AUD219,TRIP001,06-02-2024 06:03:38,218,84,loud,5
AUD220,TRIP001,06-02-2024 06:03:39,219,82,loud,6
AUD221,TRIP001,06-02-2024 06:03:40,220,88,loud,7
AUD222,TRIP001,06-02-2024 06:03:41,221,90,very_loud,1
AUD223,TRIP001,06-02-2024 06:03:42,222,97,argument,1
AUD224,TRIP001,06-02-2024 06:03:43,223,93,very_loud,1
AUD225,TRIP001,06-02-2024 06:03:44,224,94,very_loud,2
AUD226,TRIP001,06-02-2024 06:03:45,225,82,loud,1
AUD227,TRIP001,06-02-2024 06:03:46,226,83,loud,2
AUD228,TRIP001,06-02-2024 06:03:47,227,84,loud,3
AUD229,TRIP001,06-02-2024 06:03:48,228,86,loud,4
AUD230,TRIP001,06-02-2024 06:03:49,229,90,very_loud,1
AUD231,TRIP001,06-02-2024 06:03:50,230,94,very_loud,2
AUD232,TRIP001,06-02-2024 06:03:51,231,88,loud,1
AUD233,TRIP001,06-02-2024 06:03:52,232,95,argument,1
AUD234,TRIP001,06-02-2024 06:03:53,233,87,loud,1
AUD235,TRIP001,06-02-2024 06:03:54,234,91,very_loud,1
AUD236,TRIP001,06-02-2024 06:03:55,235,94,very_loud,2
AUD237,TRIP001,06-02-2024 06:03:56,236,90,very_loud,3
AUD238,TRIP001,06-02-2024 06:03:57,237,92,very_loud,4
AUD239,TRIP001,06-02-2024 06:03:58,238,93,very_loud,5
AUD240,TRIP001,06-02-2024 06:03:59,239,95,argument,1
AUD241,TRIP001,06-02-2024 06:04:00,240,89,loud,1
AUD242,TRIP001,06-02-2024 06:04:01,241,65,conversation,0
AUD243,TRIP001,06-02-2024 06:04:02,242,58,normal,0
AUD244,TRIP001,06-02-2024 06:04:03,243,57,normal,0
AUD245,TRIP001,06-02-2024 06:04:04,244,55,normal,0
AUD246,TRIP001,06-02-2024 06:04:05,245,58,normal,0
AUD247,TRIP001,06-02-2024 06:04:06,246,69,conversation,0
AUD248,TRIP001,06-02-2024 06:04:07,247,69,conversation,0
AUD249,TRIP001,06-02-2024 06:04:08,248,62,conversation,0
AUD250,TRIP001,06-02-2024 06:04:09,249,68,conversation,0
AUD251,TRIP001,06-02-2024 06:04:10,250,57,normal,0
AUD252,TRIP001,06-02-2024 06:04:11,251,69,conversation,0
AUD253,TRIP001,06-02-2024 06:04:12,252,50,quiet,0
AUD254,TRIP001,06-02-2024 06:04:13,253,52,quiet,0
AUD255,TRIP001,06-02-2024 06:04:14,254,53,quiet,0
AUD256,TRIP001,06-02-2024 06:04:15,255,52,quiet,0
AUD257,TRIP001,06-02-2024 06:04:16,256,61,normal,0
AUD258,TRIP001,06-02-2024 06:04:17,257,67,conversation,0
AUD259,TRIP001,06-02-2024 06:04:18,258,67,conversation,0
AUD260,TRIP001,06-02-2024 06:04:19,259,51,quiet,0
AUD261,TRIP001,06-02-2024 06:04:20,260,59,normal,0
AUD262,TRIP001,06-02-2024 06:04:21,261,66,conversation,0
AUD263,TRIP001,06-02-2024 06:04:22,262,64,conversation,0
AUD264,TRIP001,06-02-2024 06:04:23,263,53,quiet,0
AUD265,TRIP001,06-02-2024 06:04:24,264,60,normal,0
AUD266,TRIP001,06-02-2024 06:04:25,265,70,conversation,0
AUD267,TRIP001,06-02-2024 06:04:26,266,65,conversation,0
AUD268,TRIP001,06-02-2024 06:04:27,267,70,conversation,0
AUD269,TRIP001,06-02-2024 06:04:28,268,63,conversation,0
AUD270,TRIP001,06-02-2024 06:04:29,269,67,conversation,0
AUD271,TRIP001,06-02-2024 06:04:30,270,68,conversation,0
AUD272,TRIP001,06-02-2024 06:04:31,271,64,conversation,0
AUD273,TRIP001,06-02-2024 06:04:32,272,68,conversation,0
AUD274,TRIP001,06-02-2024 06:04:33,273,61,normal,0
AUD275,TRIP001,06-02-2024 06:04:34,274,50,quiet,0
AUD276,TRIP001,06-02-2024 06:04:35,275,67,conversation,0
AUD277,TRIP001,06-02-2024 06:04:36,276,57,normal,0
AUD278,TRIP001,06-02-2024 06:04:37,277,57,normal,0
AUD279,TRIP001,06-02-2024 06:04:38,278,62,conversation,0
AUD280,TRIP001,06-02-2024 06:04:39,279,50,quiet,0
AUD281,TRIP001,06-02-2024 06:04:40,280,70,conversation,0
AUD282,TRIP001,06-02-2024 06:04:41,281,70,conversation,0
AUD283,TRIP001,06-02-2024 06:04:42,282,52,quiet,0
AUD284,TRIP001,06-02-2024 06:04:43,283,51,quiet,0
AUD285,TRIP001,06-02-2024 06:04:44,284,65,conversation,0
AUD286,TRIP001,06-02-2024 06:04:45,285,63,conversation,0
AUD287,TRIP001,06-02-2024 06:04:46,286,58,normal,0
AUD288,TRIP001,06-02-2024 06:04:47,287,55,normal,0
AUD289,TRIP001,06-02-2024 06:04:48,288,70,conversation,0
AUD290,TRIP001,06-02-2024 06:04:49,289,54,quiet,0
AUD291,TRIP001,06-02-2024 06:04:50,290,51,quiet,0
AUD292,TRIP001,06-02-2024 06:04:51,291,64,conversation,0
AUD293,TRIP001,06-02-2024 06:04:52,292,56,normal,0
AUD294,TRIP001,06-02-2024 06:04:53,293,53,quiet,0
AUD295,TRIP001,06-02-2024 06:04:54,294,68,conversation,0
AUD296,TRIP001,06-02-2024 06:04:55,295,51,quiet,0
AUD297,TRIP001,06-02-2024 06:04:56,296,66,conversation,0
AUD298,TRIP001,06-02-2024 06:04:57,297,63,conversation,0
AUD299,TRIP001,06-02-2024 06:04:58,298,52,quiet,0
AUD300,TRIP001,06-02-2024 06:04:59,299,54,quiet,0
AUD301,TRIP001,06-02-2024 06:05:00,300,50,quiet,0
AUD302,TRIP001,06-02-2024 06:05:01,301,55,normal,0
AUD303,TRIP001,06-02-2024 06:05:02,302,56,normal,0
AUD304,TRIP001,06-02-2024 06:05:03,303,59,normal,0
AUD305,TRIP001,06-02-2024 06:05:04,304,66,conversation,0
AUD306,TRIP001,06-02-2024 06:05:05,305,64,conversation,0
AUD307,TRIP001,06-02-2024 06:05:06,306,57,normal,0
AUD308,TRIP001,06-02-2024 06:05:07,307,65,conversation,0
AUD309,TRIP001,06-02-2024 06:05:08,308,70,conversation,0
AUD310,TRIP001,06-02-2024 06:05:09,309,51,quiet,0
AUD311,TRIP001,06-02-2024 06:05:10,310,65,conversation,0
AUD312,TRIP001,06-02-2024 06:05:11,311,62,conversation,0
AUD313,TRIP001,06-02-2024 06:05:12,312,50,quiet,0
AUD314,TRIP001,06-02-2024 06:05:13,313,64,conversation,0
AUD315,TRIP001,06-02-2024 06:05:14,314,62,conversation,0
AUD316,TRIP001,06-02-2024 06:05:15,315,51,quiet,0
AUD317,TRIP001,06-02-2024 06:05:16,316,57,normal,0
AUD318,TRIP001,06-02-2024 06:05:17,317,51,quiet,0
AUD319,TRIP001,06-02-2024 06:05:18,318,58,normal,0
AUD320,TRIP001,06-02-2024 06:05:19,319,55,normal,0
AUD321,TRIP001,06-02-2024 06:05:20,320,64,conversation,0
AUD322,TRIP001,06-02-2024 06:05:21,321,69,conversation,0
AUD323,TRIP001,06-02-2024 06:05:22,322,57,normal,0
AUD324,TRIP001,06-02-2024 06:05:23,323,67,conversation,0
AUD325,TRIP001,06-02-2024 06:05:24,324,63,conversation,0
AUD326,TRIP001,06-02-2024 06:05:25,325,61,normal,0
AUD327,TRIP001,06-02-2024 06:05:26,326,56,normal,0
AUD328,TRIP001,06-02-2024 06:05:27,327,63,conversation,0
AUD329,TRIP001,06-02-2024 06:05:28,328,52,quiet,0
AUD330,TRIP001,06-02-2024 06:05:29,329,56,normal,0
AUD331,TRIP001,06-02-2024 06:05:30,330,66,conversation,0
AUD332,TRIP001,06-02-2024 06:05:31,331,65,conversation,0
AUD333,TRIP001,06-02-2024 06:05:32,332,58,normal,0
AUD334,TRIP001,06-02-2024 06:05:33,333,62,conversation,0
AUD335,TRIP001,06-02-2024 06:05:34,334,52,quiet,0
AUD336,TRIP001,06-02-2024 06:05:35,335,58,normal,0
AUD337,TRIP001,06-02-2024 06:05:36,336,70,conversation,0
AUD338,TRIP001,06-02-2024 06:05:37,337,61,normal,0
AUD339,TRIP001,06-02-2024 06:05:38,338,66,conversation,0
AUD340,TRIP001,06-02-2024 06:05:39,339,63,conversation,0
AUD341,TRIP001,06-02-2024 06:05:40,340,64,conversation,0
AUD342,TRIP001,06-02-2024 06:05:41,341,57,normal,0
AUD343,TRIP001,06-02-2024 06:05:42,342,69,conversation,0
AUD344,TRIP001,06-02-2024 06:05:43,343,64,conversation,0
AUD345,TRIP001,06-02-2024 06:05:44,344,58,normal,0
AUD346,TRIP001,06-02-2024 06:05:45,345,66,conversation,0
AUD347,TRIP001,06-02-2024 06:05:46,346,68,conversation,0
AUD348,TRIP001,06-02-2024 06:05:47,347,62,conversation,0
AUD349,TRIP001,06-02-2024 06:05:48,348,54,quiet,0
AUD350,TRIP001,06-02-2024 06:05:49,349,55,normal,0
AUD351,TRIP001,06-02-2024 06:05:50,350,51,quiet,0
AUD352,TRIP001,06-02-2024 06:05:51,351,68,conversation,0
AUD353,TRIP001,06-02-2024 06:05:52,352,67,conversation,0
AUD354,TRIP001,06-02-2024 06:05:53,353,59,normal,0
AUD355,TRIP001,06-02-2024 06:05:54,354,61,normal,0
AUD356,TRIP001,06-02-2024 06:05:55,355,53,quiet,0
AUD357,TRIP001,06-02-2024 06:05:56,356,66,conversation,0
AUD358,TRIP001,06-02-2024 06:05:57,357,60,normal,0
AUD359,TRIP001,06-02-2024 06:05:58,358,61,normal,0
AUD360,TRIP001,06-02-2024 06:05:59,359,61,normal,0
AUD361,TRIP001,06-02-2024 06:06:00,360,58,normal,0
AUD362,TRIP001,06-02-2024 06:06:01,361,59,normal,0
AUD363,TRIP001,06-02-2024 06:06:02,362,67,conversation,0
AUD364,TRIP001,06-02-2024 06:06:03,363,69,conversation,0
AUD365,TRIP001,06-02-2024 06:06:04,364,70,conversation,0
AUD366,TRIP001,06-02-2024 06:06:05,365,51,quiet,0
AUD367,TRIP001,06-02-2024 06:06:06,366,59,normal,0
AUD368,TRIP001,06-02-2024 06:06:07,367,68,conversation,0
AUD369,TRIP001,06-02-2024 06:06:08,368,63,conversation,0
AUD370,TRIP001,06-02-2024 06:06:09,369,53,quiet,0
AUD371,TRIP001,06-02-2024 06:06:10,370,56,normal,0
AUD372,TRIP001,06-02-2024 06:06:11,371,68,conversation,0
AUD373,TRIP001,06-02-2024 06:06:12,372,53,quiet,0
AUD374,TRIP001,06-02-2024 06:06:13,373,63,conversation,0
AUD375,TRIP001,06-02-2024 06:06:14,374,61,normal,0
AUD376,TRIP001,06-02-2024 06:06:15,375,51,quiet,0
AUD377,TRIP001,06-02-2024 06:06:16,376,62,conversation,0
AUD378,TRIP001,06-02-2024 06:06:17,377,70,conversation,0
AUD379,TRIP001,06-02-2024 06:06:18,378,59,normal,0
AUD380,TRIP001,06-02-2024 06:06:19,379,50,quiet,0
AUD381,TRIP001,06-02-2024 06:06:20,380,65,conversation,0
AUD382,TRIP001,06-02-2024 06:06:21,381,56,normal,0
AUD383,TRIP001,06-02-2024 06:06:22,382,52,quiet,0
AUD384,TRIP001,06-02-2024 06:06:23,383,54,quiet,0
AUD385,TRIP001,06-02-2024 06:06:24,384,66,conversation,0
AUD386,TRIP001,06-02-2024 06:06:25,385,70,conversation,0
AUD387,TRIP001,06-02-2024 06:06:26,386,54,quiet,0
AUD388,TRIP001,06-02-2024 06:06:27,387,64,conversation,0
AUD389,TRIP001,06-02-2024 06:06:28,388,68,conversation,0
AUD390,TRIP001,06-02-2024 06:06:29,389,68,conversation,0
AUD391,TRIP001,06-02-2024 06:06:30,390,60,normal,0
AUD392,TRIP001,06-02-2024 06:06:31,391,62,conversation,0
AUD393,TRIP001,06-02-2024 06:06:32,392,56,normal,0
AUD394,TRIP001,06-02-2024 06:06:33,393,62,conversation,0
AUD395,TRIP001,06-02-2024 06:06:34,394,59,normal,0
AUD396,TRIP001,06-02-2024 06:06:35,395,70,conversation,0
AUD397,TRIP001,06-02-2024 06:06:36,396,65,conversation,0
AUD398,TRIP001,06-02-2024 06:06:37,397,55,normal,0
AUD399,TRIP001,06-02-2024 06:06:38,398,70,conversation,0
AUD400,TRIP001,06-02-2024 06:06:39,399,65,conversation,0
AUD401,TRIP001,06-02-2024 06:06:40,400,57,normal,0
AUD402,TRIP001,06-02-2024 06:06:41,401,64,conversation,0
AUD403,TRIP001,06-02-2024 06:06:42,402,69,conversation,0
AUD404,TRIP001,06-02-2024 06:06:43,403,64,conversation,0
AUD405,TRIP001,06-02-2024 06:06:44,404,67,conversation,0
AUD406,TRIP001,06-02-2024 06:06:45,405,52,quiet,0
AUD407,TRIP001,06-02-2024 06:06:46,406,58,normal,0
AUD408,TRIP001,06-02-2024 06:06:47,407,54,quiet,0
AUD409,TRIP001,06-02-2024 06:06:48,408,66,conversation,0
AUD410,TRIP001,06-02-2024 06:06:49,409,56,normal,0
AUD411,TRIP001,06-02-2024 06:06:50,410,53,quiet,0
AUD412,TRIP001,06-02-2024 06:06:51,411,63,conversation,0
AUD413,TRIP001,06-02-2024 06:06:52,412,66,conversation,0
AUD414,TRIP001,06-02-2024 06:06:53,413,51,quiet,0
AUD415,TRIP001,06-02-2024 06:06:54,414,56,normal,0
AUD416,TRIP001,06-02-2024 06:06:55,415,63,conversation,0
AUD417,TRIP001,06-02-2024 06:06:56,416,63,conversation,0
AUD418,TRIP001,06-02-2024 06:06:57,417,69,conversation,0
AUD419,TRIP001,06-02-2024 06:06:58,418,62,conversation,0
AUD420,TRIP001,06-02-2024 06:06:59,419,60,normal,0
AUD421,TRIP001,06-02-2024 06:07:00,420,94,very_loud,1
AUD422,TRIP001,06-02-2024 06:07:01,421,90,very_loud,2
AUD423,TRIP001,06-02-2024 06:07:02,422,86,loud,1
AUD424,TRIP001,06-02-2024 06:07:03,423,91,very_loud,1
AUD425,TRIP001,06-02-2024 06:07:04,424,89,loud,1
AUD426,TRIP001,06-02-2024 06:07:05,425,84,loud,2
AUD427,TRIP001,06-02-2024 06:07:06,426,97,argument,1
AUD428,TRIP001,06-02-2024 06:07:07,427,85,loud,1
AUD429,TRIP001,06-02-2024 06:07:08,428,95,argument,1
AUD430,TRIP001,06-02-2024 06:07:09,429,98,argument,2
AUD431,TRIP001,06-02-2024 06:07:10,430,94,very_loud,1
AUD432,TRIP001,06-02-2024 06:07:11,431,84,loud,1
AUD433,TRIP001,06-02-2024 06:07:12,432,87,loud,2
AUD434,TRIP001,06-02-2024 06:07:13,433,82,loud,3
AUD435,TRIP001,06-02-2024 06:07:14,434,91,very_loud,1
AUD436,TRIP001,06-02-2024 06:07:15,435,98,argument,1
AUD437,TRIP001,06-02-2024 06:07:16,436,84,loud,1
AUD438,TRIP001,06-02-2024 06:07:17,437,97,argument,1
AUD439,TRIP001,06-02-2024 06:07:18,438,86,loud,1
AUD440,TRIP001,06-02-2024 06:07:19,439,86,loud,2
AUD441,TRIP001,06-02-2024 06:07:20,440,89,loud,3
AUD442,TRIP001,06-02-2024 06:07:21,441,94,very_loud,1
AUD443,TRIP001,06-02-2024 06:07:22,442,89,loud,1
AUD444,TRIP001,06-02-2024 06:07:23,443,98,argument,1
AUD445,TRIP001,06-02-2024 06:07:24,444,91,very_loud,1
AUD446,TRIP001,06-02-2024 06:07:25,445,87,loud,1
AUD447,TRIP001,06-02-2024 06:07:26,446,87,loud,2
AUD448,TRIP001,06-02-2024 06:07:27,447,85,loud,3
AUD449,TRIP001,06-02-2024 06:07:28,448,83,loud,4
AUD450,TRIP001,06-02-2024 06:07:29,449,89,loud,5
AUD451,TRIP001,06-02-2024 06:07:30,450,96,argument,1
AUD452,TRIP001,06-02-2024 06:07:31,451,88,loud,1
AUD453,TRIP001,06-02-2024 06:07:32,452,98,argument,1
AUD454,TRIP001,06-02-2024 06:07:33,453,88,loud,1
AUD455,TRIP001,06-02-2024 06:07:34,454,88,loud,2
AUD456,TRIP001,06-02-2024 06:07:35,455,89,loud,3
AUD457,TRIP001,06-02-2024 06:07:36,456,84,loud,4
AUD458,TRIP001,06-02-2024 06:07:37,457,90,very_loud,1
AUD459,TRIP001,06-02-2024 06:07:38,458,89,loud,1
AUD460,TRIP001,06-02-2024 06:07:39,459,83,loud,2
AUD461,TRIP001,06-02-2024 06:07:40,460,82,loud,3
AUD462,TRIP001,06-02-2024 06:07:41,461,84,loud,4
AUD463,TRIP001,06-02-2024 06:07:42,462,94,very_loud,1
AUD464,TRIP001,06-02-2024 06:07:43,463,85,loud,1
AUD465,TRIP001,06-02-2024 06:07:44,464,98,argument,1
AUD466,TRIP001,06-02-2024 06:07:45,465,95,argument,2
AUD467,TRIP001,06-02-2024 06:07:46,466,90,very_loud,1
AUD468,TRIP001,06-02-2024 06:07:47,467,92,very_loud,2
AUD469,TRIP001,06-02-2024 06:07:48,468,89,loud,1
AUD470,TRIP001,06-02-2024 06:07:49,469,90,very_loud,1
AUD471,TRIP001,06-02-2024 06:07:50,470,91,very_loud,2
AUD472,TRIP001,06-02-2024 06:07:51,471,83,loud,1
AUD473,TRIP001,06-02-2024 06:07:52,472,98,argument,1
AUD474,TRIP001,06-02-2024 06:07:53,473,86,loud,1
AUD475,TRIP001,06-02-2024 06:07:54,474,88,loud,2
AUD476,TRIP001,06-02-2024 06:07:55,475,88,loud,3
AUD477,TRIP001,06-02-2024 06:07:56,476,98,argument,1
AUD478,TRIP001,06-02-2024 06:07:57,477,90,very_loud,1
AUD479,TRIP001,06-02-2024 06:07:58,478,95,argument,1
AUD480,TRIP001,06-02-2024 06:07:59,479,84,loud,1
AUD481,TRIP001,06-02-2024 06:08:00,480,82,loud,2
AUD482,TRIP001,06-02-2024 06:08:01,481,53,quiet,0
AUD483,TRIP001,06-02-2024 06:08:02,482,55,normal,0
AUD484,TRIP001,06-02-2024 06:08:03,483,54,quiet,0
AUD485,TRIP001,06-02-2024 06:08:04,484,52,quiet,0
AUD486,TRIP001,06-02-2024 06:08:05,485,62,conversation,0
AUD487,TRIP001,06-02-2024 06:08:06,486,65,conversation,0
AUD488,TRIP001,06-02-2024 06:08:07,487,55,normal,0
AUD489,TRIP001,06-02-2024 06:08:08,488,57,normal,0
AUD490,TRIP001,06-02-2024 06:08:09,489,68,conversation,0
AUD491,TRIP001,06-02-2024 06:08:10,490,58,normal,0
AUD492,TRIP001,06-02-2024 06:08:11,491,62,conversation,0
AUD493,TRIP001,06-02-2024 06:08:12,492,67,conversation,0
AUD494,TRIP001,06-02-2024 06:08:13,493,62,conversation,0
AUD495,TRIP001,06-02-2024 06:08:14,494,67,conversation,0
AUD496,TRIP001,06-02-2024 06:08:15,495,54,quiet,0
AUD497,TRIP001,06-02-2024 06:08:16,496,63,conversation,0
AUD498,TRIP001,06-02-2024 06:08:17,497,60,normal,0
AUD499,TRIP001,06-02-2024 06:08:18,498,69,conversation,0
AUD500,TRIP001,06-02-2024 06:08:19,499,70,conversation,0
AUD501,TRIP001,06-02-2024 06:08:20,500,65,conversation,0
AUD502,TRIP001,06-02-2024 06:08:21,501,64,conversation,0
AUD503,TRIP001,06-02-2024 06:08:22,502,54,quiet,0
AUD504,TRIP001,06-02-2024 06:08:23,503,63,conversation,0
AUD505,TRIP001,06-02-2024 06:08:24,504,66,conversation,0
AUD506,TRIP001,06-02-2024 06:08:25,505,56,normal,0
AUD507,TRIP001,06-02-2024 06:08:26,506,53,quiet,0
AUD508,TRIP001,06-02-2024 06:08:27,507,57,normal,0
AUD509,TRIP001,06-02-2024 06:08:28,508,63,conversation,0
AUD510,TRIP001,06-02-2024 06:08:29,509,54,quiet,0
AUD511,TRIP001,06-02-2024 06:08:30,510,62,conversation,0
AUD512,TRIP001,06-02-2024 06:08:31,511,66,conversation,0
AUD513,TRIP001,06-02-2024 06:08:32,512,63,conversation,0
AUD514,TRIP001,06-02-2024 06:08:33,513,66,conversation,0
AUD515,TRIP001,06-02-2024 06:08:34,514,62,conversation,0
AUD516,TRIP001,06-02-2024 06:08:35,515,61,normal,0
AUD517,TRIP001,06-02-2024 06:08:36,516,62,conversation,0
AUD518,TRIP001,06-02-2024 06:08:37,517,60,normal,0
AUD519,TRIP001,06-02-2024 06:08:38,518,68,conversation,0
AUD520,TRIP001,06-02-2024 06:08:39,519,65,conversation,0
AUD521,TRIP001,06-02-2024 06:08:40,520,52,quiet,0
AUD522,TRIP001,06-02-2024 06:08:41,521,67,conversation,0
AUD523,TRIP001,06-02-2024 06:08:42,522,51,quiet,0
AUD524,TRIP001,06-02-2024 06:08:43,523,61,normal,0
AUD525,TRIP001,06-02-2024 06:08:44,524,55,normal,0
AUD526,TRIP001,06-02-2024 06:08:45,525,58,normal,0
AUD527,TRIP001,06-02-2024 06:08:46,526,50,quiet,0
AUD528,TRIP001,06-02-2024 06:08:47,527,53,quiet,0
AUD529,TRIP001,06-02-2024 06:08:48,528,69,conversation,0
AUD530,TRIP001,06-02-2024 06:08:49,529,51,quiet,0
AUD531,TRIP001,06-02-2024 06:08:50,530,51,quiet,0
AUD532,TRIP001,06-02-2024 06:08:51,531,60,normal,0
AUD533,TRIP001,06-02-2024 06:08:52,532,63,conversation,0
AUD534,TRIP001,06-02-2024 06:08:53,533,68,conversation,0
AUD535,TRIP001,06-02-2024 06:08:54,534,53,quiet,0
AUD536,TRIP001,06-02-2024 06:08:55,535,58,normal,0
AUD537,TRIP001,06-02-2024 06:08:56,536,52,quiet,0
AUD538,TRIP001,06-02-2024 06:08:57,537,55,normal,0
AUD539,TRIP001,06-02-2024 06:08:58,538,65,conversation,0
AUD540,TRIP001,06-02-2024 06:08:59,539,55,normal,0
AUD541,TRIP001,06-02-2024 06:09:00,540,67,conversation,0
AUD542,TRIP001,06-02-2024 06:09:01,541,63,conversation,0
AUD543,TRIP001,06-02-2024 06:09:02,542,61,normal,0
AUD544,TRIP001,06-02-2024 06:09:03,543,56,normal,0
AUD545,TRIP001,06-02-2024 06:09:04,544,55,normal,0
AUD546,TRIP001,06-02-2024 06:09:05,545,70,conversation,0
AUD547,TRIP001,06-02-2024 06:09:06,546,68,conversation,0
AUD548,TRIP001,06-02-2024 06:09:07,547,51,quiet,0
AUD549,TRIP001,06-02-2024 06:09:08,548,58,normal,0
AUD550,TRIP001,06-02-2024 06:09:09,549,58,normal,0
AUD551,TRIP001,06-02-2024 06:09:10,550,61,normal,0
AUD552,TRIP001,06-02-2024 06:09:11,551,56,normal,0
AUD553,TRIP001,06-02-2024 06:09:12,552,58,normal,0
AUD554,TRIP001,06-02-2024 06:09:13,553,53,quiet,0
AUD555,TRIP001,06-02-2024 06:09:14,554,58,normal,0
AUD556,TRIP001,06-02-2024 06:09:15,555,61,normal,0
AUD557,TRIP001,06-02-2024 06:09:16,556,63,conversation,0
AUD558,TRIP001,06-02-2024 06:09:17,557,56,normal,0
AUD559,TRIP001,06-02-2024 06:09:18,558,50,quiet,0
AUD560,TRIP001,06-02-2024 06:09:19,559,55,normal,0
AUD561,TRIP001,06-02-2024 06:09:20,560,65,conversation,0
AUD562,TRIP001,06-02-2024 06:09:21,561,54,quiet,0
AUD563,TRIP001,06-02-2024 06:09:22,562,70,conversation,0
AUD564,TRIP001,06-02-2024 06:09:23,563,61,normal,0
AUD565,TRIP001,06-02-2024 06:09:24,564,65,conversation,0
AUD566,TRIP001,06-02-2024 06:09:25,565,54,quiet,0
AUD567,TRIP001,06-02-2024 06:09:26,566,59,normal,0
AUD568,TRIP001,06-02-2024 06:09:27,567,62,conversation,0
AUD569,TRIP001,06-02-2024 06:09:28,568,50,quiet,0
AUD570,TRIP001,06-02-2024 06:09:29,569,70,conversation,0
AUD571,TRIP001,06-02-2024 06:09:30,570,57,normal,0
AUD572,TRIP001,06-02-2024 06:09:31,571,57,normal,0
AUD573,TRIP001,06-02-2024 06:09:32,572,67,conversation,0
AUD574,TRIP001,06-02-2024 06:09:33,573,58,normal,0
AUD575,TRIP001,06-02-2024 06:09:34,574,61,normal,0
AUD576,TRIP001,06-02-2024 06:09:35,575,58,normal,0
AUD577,TRIP001,06-02-2024 06:09:36,576,50,quiet,0
AUD578,TRIP001,06-02-2024 06:09:37,577,69,conversation,0
AUD579,TRIP001,06-02-2024 06:09:38,578,60,normal,0
AUD580,TRIP001,06-02-2024 06:09:39,579,68,conversation,0
AUD581,TRIP001,06-02-2024 06:09:40,580,69,conversation,0
AUD582,TRIP001,06-02-2024 06:09:41,581,58,normal,0
AUD583,TRIP001,06-02-2024 06:09:42,582,65,conversation,0
AUD584,TRIP001,06-02-2024 06:09:43,583,50,quiet,0
AUD585,TRIP001,06-02-2024 06:09:44,584,69,conversation,0
AUD586,TRIP001,06-02-2024 06:09:45,585,68,conversation,0
AUD587,TRIP001,06-02-2024 06:09:46,586,57,normal,0
AUD588,TRIP001,06-02-2024 06:09:47,587,57,normal,0
AUD589,TRIP001,06-02-2024 06:09:48,588,50,quiet,0
AUD590,TRIP001,06-02-2024 06:09:49,589,65,conversation,0
AUD591,TRIP001,06-02-2024 06:09:50,590,55,normal,0
AUD592,TRIP001,06-02-2024 06:09:51,591,68,conversation,0
AUD593,TRIP001,06-02-2024 06:09:52,592,68,conversation,0
AUD594,TRIP001,06-02-2024 06:09:53,593,54,quiet,0
AUD595,TRIP001,06-02-2024 06:09:54,594,51,quiet,0
AUD596,TRIP001,06-02-2024 06:09:55,595,54,quiet,0
AUD597,TRIP001,06-02-2024 06:09:56,596,59,normal,0
AUD598,TRIP001,06-02-2024 06:09:57,597,69,conversation,0
AUD599,TRIP001,06-02-2024 06:09:58,598,69,conversation,0
AUD600,TRIP001,06-02-2024 06:09:59,599,55,normal,0
AUD601,TRIP001,06-02-2024 06:10:00,600,51,quiet,0
AUD602,TRIP001,06-02-2024 06:10:01,601,69,conversation,0
AUD603,TRIP001,06-02-2024 06:10:02,602,62,conversation,0
AUD604,TRIP001,06-02-2024 06:10:03,603,54,quiet,0
AUD605,TRIP001,06-02-2024 06:10:04,604,54,quiet,0
AUD606,TRIP001,06-02-2024 06:10:05,605,51,quiet,0
AUD607,TRIP001,06-02-2024 06:10:06,606,67,conversation,0
AUD608,TRIP001,06-02-2024 06:10:07,607,66,conversation,0
AUD609,TRIP001,06-02-2024 06:10:08,608,57,normal,0
AUD610,TRIP001,06-02-2024 06:10:09,609,53,quiet,0
AUD611,TRIP001,06-02-2024 06:10:10,610,50,quiet,0
AUD612,TRIP001,06-02-2024 06:10:11,611,52,quiet,0
AUD613,TRIP001,06-02-2024 06:10:12,612,63,conversation,0
AUD614,TRIP001,06-02-2024 06:10:13,613,55,normal,0
AUD615,TRIP001,06-02-2024 06:10:14,614,65,conversation,0
AUD616,TRIP001,06-02-2024 06:10:15,615,68,conversation,0
AUD617,TRIP001,06-02-2024 06:10:16,616,70,conversation,0
AUD618,TRIP001,06-02-2024 06:10:17,617,68,conversation,0
AUD619,TRIP001,06-02-2024 06:10:18,618,55,normal,0
AUD620,TRIP001,06-02-2024 06:10:19,619,51,quiet,0
AUD621,TRIP001,06-02-2024 06:10:20,620,70,conversation,0
AUD622,TRIP001,06-02-2024 06:10:21,621,66,conversation,0
AUD623,TRIP001,06-02-2024 06:10:22,622,52,quiet,0
AUD624,TRIP001,06-02-2024 06:10:23,623,51,quiet,0
AUD625,TRIP001,06-02-2024 06:10:24,624,56,normal,0
AUD626,TRIP001,06-02-2024 06:10:25,625,55,normal,0
AUD627,TRIP001,06-02-2024 06:10:26,626,53,quiet,0
AUD628,TRIP001,06-02-2024 06:10:27,627,52,quiet,0
AUD629,TRIP001,06-02-2024 06:10:28,628,63,conversation,0
AUD630,TRIP001,06-02-2024 06:10:29,629,57,normal,0
AUD631,TRIP001,06-02-2024 06:10:30,630,69,conversation,0
AUD632,TRIP001,06-02-2024 06:10:31,631,50,quiet,0
AUD633,TRIP001,06-02-2024 06:10:32,632,59,normal,0
AUD634,TRIP001,06-02-2024 06:10:33,633,60,normal,0
AUD635,TRIP001,06-02-2024 06:10:34,634,69,conversation,0
AUD636,TRIP001,06-02-2024 06:10:35,635,53,quiet,0
AUD637,TRIP001,06-02-2024 06:10:36,636,50,quiet,0
AUD638,TRIP001,06-02-2024 06:10:37,637,60,normal,0
AUD639,TRIP001,06-02-2024 06:10:38,638,61,normal,0
AUD640,TRIP001,06-02-2024 06:10:39,639,53,quiet,0
AUD641,TRIP001,06-02-2024 06:10:40,640,59,normal,0
AUD642,TRIP001,06-02-2024 06:10:41,641,63,conversation,0
AUD643,TRIP001,06-02-2024 06:10:42,642,68,conversation,0
AUD644,TRIP001,06-02-2024 06:10:43,643,50,quiet,0
AUD645,TRIP001,06-02-2024 06:10:44,644,53,quiet,0
AUD646,TRIP001,06-02-2024 06:10:45,645,52,quiet,0
AUD647,TRIP001,06-02-2024 06:10:46,646,67,conversation,0
AUD648,TRIP001,06-02-2024 06:10:47,647,52,quiet,0
AUD649,TRIP001,06-02-2024 06:10:48,648,67,conversation,0
AUD650,TRIP001,06-02-2024 06:10:49,649,51,quiet,0
AUD651,TRIP001,06-02-2024 06:10:50,650,51,quiet,0
AUD652,TRIP001,06-02-2024 06:10:51,651,56,normal,0
AUD653,TRIP001,06-02-2024 06:10:52,652,58,normal,0
AUD654,TRIP001,06-02-2024 06:10:53,653,55,normal,0
AUD655,TRIP001,06-02-2024 06:10:54,654,63,conversation,0
AUD656,TRIP001,06-02-2024 06:10:55,655,69,conversation,0
AUD657,TRIP001,06-02-2024 06:10:56,656,52,quiet,0
AUD658,TRIP001,06-02-2024 06:10:57,657,68,conversation,0
AUD659,TRIP001,06-02-2024 06:10:58,658,50,quiet,0
AUD660,TRIP001,06-02-2024 06:10:59,659,63,conversation,0
AUD661,TRIP001,06-02-2024 06:11:00,660,52,quiet,0
AUD662,TRIP001,06-02-2024 06:11:01,661,55,normal,0
AUD663,TRIP001,06-02-2024 06:11:02,662,62,conversation,0
AUD664,TRIP001,06-02-2024 06:11:03,663,53,quiet,0
AUD665,TRIP001,06-02-2024 06:11:04,664,51,quiet,0
AUD666,TRIP001,06-02-2024 06:11:05,665,67,conversation,0
AUD667,TRIP001,06-02-2024 06:11:06,666,61,normal,0
AUD668,TRIP001,06-02-2024 06:11:07,667,51,quiet,0
AUD669,TRIP001,06-02-2024 06:11:08,668,52,quiet,0
AUD670,TRIP001,06-02-2024 06:11:09,669,55,normal,0
AUD671,TRIP001,06-02-2024 06:11:10,670,63,conversation,0
AUD672,TRIP001,06-02-2024 06:11:11,671,61,normal,0
AUD673,TRIP001,06-02-2024 06:11:12,672,54,quiet,0
AUD674,TRIP001,06-02-2024 06:11:13,673,68,conversation,0
AUD675,TRIP001,06-02-2024 06:11:14,674,57,normal,0
AUD676,TRIP001,06-02-2024 06:11:15,675,60,normal,0
AUD677,TRIP001,06-02-2024 06:11:16,676,65,conversation,0
AUD678,TRIP001,06-02-2024 06:11:17,677,50,quiet,0
AUD679,TRIP001,06-02-2024 06:11:18,678,69,conversation,0
AUD680,TRIP001,06-02-2024 06:11:19,679,62,conversation,0
AUD681,TRIP001,06-02-2024 06:11:20,680,51,quiet,0
AUD682,TRIP001,06-02-2024 06:11:21,681,52,quiet,0
AUD683,TRIP001,06-02-2024 06:11:22,682,67,conversation,0
AUD684,TRIP001,06-02-2024 06:11:23,683,50,quiet,0
AUD685,TRIP001,06-02-2024 06:11:24,684,60,normal,0
AUD686,TRIP001,06-02-2024 06:11:25,685,62,conversation,0
AUD687,TRIP001,06-02-2024 06:11:26,686,67,conversation,0
AUD688,TRIP001,06-02-2024 06:11:27,687,57,normal,0
AUD689,TRIP001,06-02-2024 06:11:28,688,67,conversation,0
AUD690,TRIP001,06-02-2024 06:11:29,689,66,conversation,0
AUD691,TRIP001,06-02-2024 06:11:30,690,69,conversation,0
AUD692,TRIP001,06-02-2024 06:11:31,691,69,conversation,0
AUD693,TRIP001,06-02-2024 06:11:32,692,67,conversation,0
AUD694,TRIP001,06-02-2024 06:11:33,693,54,quiet,0
AUD695,TRIP001,06-02-2024 06:11:34,694,64,conversation,0
AUD696,TRIP001,06-02-2024 06:11:35,695,56,normal,0
AUD697,TRIP001,06-02-2024 06:11:36,696,62,conversation,0
AUD698,TRIP001,06-02-2024 06:11:37,697,69,conversation,0
AUD699,TRIP001,06-02-2024 06:11:38,698,61,normal,0
AUD700,TRIP001,06-02-2024 06:11:39,699,56,normal,0
AUD701,TRIP001,06-02-2024 06:11:40,700,67,conversation,0
AUD702,TRIP001,06-02-2024 06:11:41,701,51,quiet,0
AUD703,TRIP001,06-02-2024 06:11:42,702,56,normal,0
AUD704,TRIP001,06-02-2024 06:11:43,703,69,conversation,0
AUD705,TRIP001,06-02-2024 06:11:44,704,65,conversation,0
AUD706,TRIP001,06-02-2024 06:11:45,705,61,normal,0
AUD707,TRIP001,06-02-2024 06:11:46,706,58,normal,0
AUD708,TRIP001,06-02-2024 06:11:47,707,55,normal,0
AUD709,TRIP001,06-02-2024 06:11:48,708,58,normal,0
AUD710,TRIP001,06-02-2024 06:11:49,709,53,quiet,0
AUD711,TRIP001,06-02-2024 06:11:50,710,55,normal,0
AUD712,TRIP001,06-02-2024 06:11:51,711,52,quiet,0
AUD713,TRIP001,06-02-2024 06:11:52,712,50,quiet,0
AUD714,TRIP001,06-02-2024 06:11:53,713,66,conversation,0
AUD715,TRIP001,06-02-2024 06:11:54,714,50,quiet,0
AUD716,TRIP001,06-02-2024 06:11:55,715,68,conversation,0
AUD717,TRIP001,06-02-2024 06:11:56,716,57,normal,0
AUD718,TRIP001,06-02-2024 06:11:57,717,58,normal,0
AUD719,TRIP001,06-02-2024 06:11:58,718,67,conversation,0
AUD720,TRIP001,06-02-2024 06:11:59,719,55,normal,0
AUD721,TRIP001,06-02-2024 06:12:00,720,97,argument,1
AUD722,TRIP001,06-02-2024 06:12:01,721,91,very_loud,1
AUD723,TRIP001,06-02-2024 06:12:02,722,89,loud,1
AUD724,TRIP001,06-02-2024 06:12:03,723,97,argument,1
AUD725,TRIP001,06-02-2024 06:12:04,724,82,loud,1
AUD726,TRIP001,06-02-2024 06:12:05,725,88,loud,2
AUD727,TRIP001,06-02-2024 06:12:06,726,86,loud,3
AUD728,TRIP001,06-02-2024 06:12:07,727,85,loud,4
AUD729,TRIP001,06-02-2024 06:12:08,728,91,very_loud,1
AUD730,TRIP001,06-02-2024 06:12:09,729,85,loud,1
AUD731,TRIP001,06-02-2024 06:12:10,730,84,loud,2
AUD732,TRIP001,06-02-2024 06:12:11,731,86,loud,3
AUD733,TRIP001,06-02-2024 06:12:12,732,97,argument,1
AUD734,TRIP001,06-02-2024 06:12:13,733,96,argument,2
AUD735,TRIP001,06-02-2024 06:12:14,734,93,very_loud,1
AUD736,TRIP001,06-02-2024 06:12:15,735,96,argument,1
AUD737,TRIP001,06-02-2024 06:12:16,736,94,very_loud,1
AUD738,TRIP001,06-02-2024 06:12:17,737,87,loud,1
AUD739,TRIP001,06-02-2024 06:12:18,738,97,argument,1
AUD740,TRIP001,06-02-2024 06:12:19,739,88,loud,1
AUD741,TRIP001,06-02-2024 06:12:20,740,96,argument,1
AUD742,TRIP001,06-02-2024 06:12:21,741,86,loud,1
AUD743,TRIP001,06-02-2024 06:12:22,742,85,loud,2
AUD744,TRIP001,06-02-2024 06:12:23,743,84,loud,3
AUD745,TRIP001,06-02-2024 06:12:24,744,85,loud,4
AUD746,TRIP001,06-02-2024 06:12:25,745,98,argument,1
AUD747,TRIP001,06-02-2024 06:12:26,746,89,loud,1
AUD748,TRIP001,06-02-2024 06:12:27,747,84,loud,2
AUD749,TRIP001,06-02-2024 06:12:28,748,89,loud,3
AUD750,TRIP001,06-02-2024 06:12:29,749,82,loud,4
AUD751,TRIP001,06-02-2024 06:12:30,750,90,very_loud,1
AUD752,TRIP001,06-02-2024 06:12:31,751,65,conversation,0
AUD753,TRIP001,06-02-2024 06:12:32,752,51,quiet,0
AUD754,TRIP001,06-02-2024 06:12:33,753,65,conversation,0
AUD755,TRIP001,06-02-2024 06:12:34,754,59,normal,0
AUD756,TRIP001,06-02-2024 06:12:35,755,56,normal,0
AUD757,TRIP001,06-02-2024 06:12:36,756,57,normal,0
AUD758,TRIP001,06-02-2024 06:12:37,757,56,normal,0
AUD759,TRIP001,06-02-2024 06:12:38,758,62,conversation,0
AUD760,TRIP001,06-02-2024 06:12:39,759,54,quiet,0
AUD761,TRIP001,06-02-2024 06:12:40,760,53,quiet,0
AUD762,TRIP001,06-02-2024 06:12:41,761,69,conversation,0
AUD763,TRIP001,06-02-2024 06:12:42,762,62,conversation,0
AUD764,TRIP001,06-02-2024 06:12:43,763,69,conversation,0
AUD765,TRIP001,06-02-2024 06:12:44,764,61,normal,0
AUD766,TRIP001,06-02-2024 06:12:45,765,60,normal,0
AUD767,TRIP001,06-02-2024 06:12:46,766,51,quiet,0
AUD768,TRIP001,06-02-2024 06:12:47,767,65,conversation,0
AUD769,TRIP001,06-02-2024 06:12:48,768,64,conversation,0
AUD770,TRIP001,06-02-2024 06:12:49,769,70,conversation,0
AUD771,TRIP001,06-02-2024 06:12:50,770,63,conversation,0
AUD772,TRIP001,06-02-2024 06:12:51,771,65,conversation,0
AUD773,TRIP001,06-02-2024 06:12:52,772,64,conversation,0
AUD774,TRIP001,06-02-2024 06:12:53,773,52,quiet,0
AUD775,TRIP001,06-02-2024 06:12:54,774,52,quiet,0
AUD776,TRIP001,06-02-2024 06:12:55,775,64,conversation,0
AUD777,TRIP001,06-02-2024 06:12:56,776,52,quiet,0
AUD778,TRIP001,06-02-2024 06:12:57,777,68,conversation,0
AUD779,TRIP001,06-02-2024 06:12:58,778,70,conversation,0
AUD780,TRIP001,06-02-2024 06:12:59,779,56,normal,0
AUD781,TRIP001,06-02-2024 06:13:00,780,62,conversation,0
AUD782,TRIP001,06-02-2024 06:13:01,781,61,normal,0
AUD783,TRIP001,06-02-2024 06:13:02,782,68,conversation,0
AUD784,TRIP001,06-02-2024 06:13:03,783,58,normal,0
AUD785,TRIP001,06-02-2024 06:13:04,784,56,normal,0
AUD786,TRIP001,06-02-2024 06:13:05,785,66,conversation,0
AUD787,TRIP001,06-02-2024 06:13:06,786,57,normal,0
AUD788,TRIP001,06-02-2024 06:13:07,787,52,quiet,0
AUD789,TRIP001,06-02-2024 06:13:08,788,56,normal,0
AUD790,TRIP001,06-02-2024 06:13:09,789,62,conversation,0
AUD791,TRIP001,06-02-2024 06:13:10,790,56,normal,0
AUD792,TRIP001,06-02-2024 06:13:11,791,66,conversation,0
AUD793,TRIP001,06-02-2024 06:13:12,792,62,conversation,0
AUD794,TRIP001,06-02-2024 06:13:13,793,70,conversation,0
AUD795,TRIP001,06-02-2024 06:13:14,794,63,conversation,0
AUD796,TRIP001,06-02-2024 06:13:15,795,50,quiet,0
AUD797,TRIP001,06-02-2024 06:13:16,796,52,quiet,0
AUD798,TRIP001,06-02-2024 06:13:17,797,66,conversation,0
AUD799,TRIP001,06-02-2024 06:13:18,798,62,conversation,0
AUD800,TRIP001,06-02-2024 06:13:19,799,50,quiet,0
AUD801,TRIP001,06-02-2024 06:13:20,800,64,conversation,0
AUD802,TRIP001,06-02-2024 06:13:21,801,60,normal,0
AUD803,TRIP001,06-02-2024 06:13:22,802,51,quiet,0
AUD804,TRIP001,06-02-2024 06:13:23,803,57,normal,0
AUD805,TRIP001,06-02-2024 06:13:24,804,62,conversation,0
AUD806,TRIP001,06-02-2024 06:13:25,805,62,conversation,0
AUD807,TRIP001,06-02-2024 06:13:26,806,67,conversation,0
AUD808,TRIP001,06-02-2024 06:13:27,807,69,conversation,0
AUD809,TRIP001,06-02-2024 06:13:28,808,53,quiet,0
AUD810,TRIP001,06-02-2024 06:13:29,809,60,normal,0
AUD811,TRIP001,06-02-2024 06:13:30,810,52,quiet,0
AUD812,TRIP001,06-02-2024 06:13:31,811,68,conversation,0
AUD813,TRIP001,06-02-2024 06:13:32,812,65,conversation,0
AUD814,TRIP001,06-02-2024 06:13:33,813,62,conversation,0
AUD815,TRIP001,06-02-2024 06:13:34,814,59,normal,0
AUD816,TRIP001,06-02-2024 06:13:35,815,52,quiet,0
AUD817,TRIP001,06-02-2024 06:13:36,816,68,conversation,0
AUD818,TRIP001,06-02-2024 06:13:37,817,66,conversation,0
AUD819,TRIP001,06-02-2024 06:13:38,818,51,quiet,0
AUD820,TRIP001,06-02-2024 06:13:39,819,62,conversation,0
AUD821,TRIP001,06-02-2024 06:13:40,820,55,normal,0
AUD822,TRIP001,06-02-2024 06:13:41,821,53,quiet,0
AUD823,TRIP001,06-02-2024 06:13:42,822,52,quiet,0
AUD824,TRIP001,06-02-2024 06:13:43,823,70,conversation,0
AUD825,TRIP001,06-02-2024 06:13:44,824,68,conversation,0
AUD826,TRIP001,06-02-2024 06:13:45,825,69,conversation,0
AUD827,TRIP001,06-02-2024 06:13:46,826,52,quiet,0
AUD828,TRIP001,06-02-2024 06:13:47,827,53,quiet,0
AUD829,TRIP001,06-02-2024 06:13:48,828,56,normal,0
AUD830,TRIP001,06-02-2024 06:13:49,829,52,quiet,0
AUD831,TRIP001,06-02-2024 06:13:50,830,61,normal,0
AUD832,TRIP001,06-02-2024 06:13:51,831,51,quiet,0
AUD833,TRIP001,06-02-2024 06:13:52,832,57,normal,0
AUD834,TRIP001,06-02-2024 06:13:53,833,54,quiet,0
AUD835,TRIP001,06-02-2024 06:13:54,834,61,normal,0
AUD836,TRIP001,06-02-2024 06:13:55,835,63,conversation,0
AUD837,TRIP001,06-02-2024 06:13:56,836,67,conversation,0
AUD838,TRIP001,06-02-2024 06:13:57,837,63,conversation,0
AUD839,TRIP001,06-02-2024 06:13:58,838,58,normal,0
AUD840,TRIP001,06-02-2024 06:13:59,839,69,conversation,0
AUD841,TRIP001,06-02-2024 06:14:00,840,65,conversation,0
AUD842,TRIP001,06-02-2024 06:14:01,841,61,normal,0
AUD843,TRIP001,06-02-2024 06:14:02,842,58,normal,0
AUD844,TRIP001,06-02-2024 06:14:03,843,54,quiet,0
AUD845,TRIP001,06-02-2024 06:14:04,844,63,conversation,0
AUD846,TRIP001,06-02-2024 06:14:05,845,64,conversation,0
AUD847,TRIP001,06-02-2024 06:14:06,846,56,normal,0
AUD848,TRIP001,06-02-2024 06:14:07,847,57,normal,0
AUD849,TRIP001,06-02-2024 06:14:08,848,60,normal,0
AUD850,TRIP001,06-02-2024 06:14:09,849,58,normal,0
AUD851,TRIP001,06-02-2024 06:14:10,850,65,conversation,0
AUD852,TRIP001,06-02-2024 06:14:11,851,54,quiet,0
AUD853,TRIP001,06-02-2024 06:14:12,852,50,quiet,0
AUD854,TRIP001,06-02-2024 06:14:13,853,58,normal,0
AUD855,TRIP001,06-02-2024 06:14:14,854,51,quiet,0
AUD856,TRIP001,06-02-2024 06:14:15,855,60,normal,0
AUD857,TRIP001,06-02-2024 06:14:16,856,59,normal,0
AUD858,TRIP001,06-02-2024 06:14:17,857,65,conversation,0
AUD859,TRIP001,06-02-2024 06:14:18,858,70,conversation,0
AUD860,TRIP001,06-02-2024 06:14:19,859,70,conversation,0
AUD861,TRIP001,06-02-2024 06:14:20,860,50,quiet,0
AUD862,TRIP001,06-02-2024 06:14:21,861,66,conversation,0
AUD863,TRIP001,06-02-2024 06:14:22,862,55,normal,0
AUD864,TRIP001,06-02-2024 06:14:23,863,63,conversation,0
AUD865,TRIP001,06-02-2024 06:14:24,864,55,normal,0
AUD866,TRIP001,06-02-2024 06:14:25,865,51,quiet,0
AUD867,TRIP001,06-02-2024 06:14:26,866,53,quiet,0
AUD868,TRIP001,06-02-2024 06:14:27,867,64,conversation,0
AUD869,TRIP001,06-02-2024 06:14:28,868,69,conversation,0
AUD870,TRIP001,06-02-2024 06:14:29,869,66,conversation,0
AUD871,TRIP001,06-02-2024 06:14:30,870,50,quiet,0
AUD872,TRIP001,06-02-2024 06:14:31,871,69,conversation,0
AUD873,TRIP001,06-02-2024 06:14:32,872,51,quiet,0
AUD874,TRIP001,06-02-2024 06:14:33,873,54,quiet,0
AUD875,TRIP001,06-02-2024 06:14:34,874,54,quiet,0
AUD876,TRIP001,06-02-2024 06:14:35,875,68,conversation,0
AUD877,TRIP001,06-02-2024 06:14:36,876,66,conversation,0
AUD878,TRIP001,06-02-2024 06:14:37,877,64,conversation,0
AUD879,TRIP001,06-02-2024 06:14:38,878,68,conversation,0
AUD880,TRIP001,06-02-2024 06:14:39,879,62,conversation,0
AUD881,TRIP001,06-02-2024 06:14:40,880,51,quiet,0
AUD882,TRIP001,06-02-2024 06:14:41,881,62,conversation,0
AUD883,TRIP001,06-02-2024 06:14:42,882,60,normal,0
AUD884,TRIP001,06-02-2024 06:14:43,883,57,normal,0
AUD885,TRIP001,06-02-2024 06:14:44,884,66,conversation,0
AUD886,TRIP001,06-02-2024 06:14:45,885,51,quiet,0
AUD887,TRIP001,06-02-2024 06:14:46,886,68,conversation,0
AUD888,TRIP001,06-02-2024 06:14:47,887,64,conversation,0
AUD889,TRIP001,06-02-2024 06:14:48,888,66,conversation,0
AUD890,TRIP001,06-02-2024 06:14:49,889,55,normal,0
AUD891,TRIP001,06-02-2024 06:14:50,890,69,conversation,0
AUD892,TRIP001,06-02-2024 06:14:51,891,67,conversation,0
AUD893,TRIP001,06-02-2024 06:14:52,892,68,conversation,0
AUD894,TRIP001,06-02-2024 06:14:53,893,69,conversation,0
AUD895,TRIP001,06-02-2024 06:14:54,894,54,quiet,0
AUD896,TRIP001,06-02-2024 06:14:55,895,61,normal,0
AUD897,TRIP001,06-02-2024 06:14:56,896,53,quiet,0
AUD898,TRIP001,06-02-2024 06:14:57,897,56,normal,0
AUD899,TRIP001,06-02-2024 06:14:58,898,56,normal,0
AUD900,TRIP001,06-02-2024 06:14:59,899,67,conversation,0
